CustomerID,Recency,Frequency,Monetary,R_Score,F_Score,M_Score,RFM_Score,Segment,Churn,Churn_Flag,Churn_Probability
12346.0,326,1,77183.6,1,1,5,115,Lost Customer,Yes,1,0.4098422202879697
12347.0,2,7,4310.0,5,5,5,555,Champion,No,0,0.06155782707551
12348.0,75,4,1797.24,2,4,4,244,At Risk,No,0,0.21222927434965883
12349.0,19,1,1757.55,4,1,4,414,Lost Customer,No,0,0.5215808762078803
12350.0,310,1,334.40000000000003,1,1,2,112,Lost Customer,Yes,1,0.5237038699135449
12352.0,36,8,2506.04,3,5,5,355,Loyal Customer,No,0,0.0399502157656486
12353.0,204,1,89.0,1,1,1,111,Lost Customer,Yes,1,0.5240698626084722
12354.0,232,1,1079.4,1,1,4,114,Lost Customer,Yes,1,0.5225926130507332
12355.0,214,1,459.4,1,1,2,112,Lost Customer,Yes,1,0.5235174335047847
12356.0,23,3,2811.43,4,3,5,435,Potential Loyalist,No,0,0.2990741002703494
12357.0,33,1,6207.67,4,1,5,415,Lost Customer,No,0,0.5149376974236622
12358.0,2,2,1168.06,5,2,4,524,Potential Loyalist,No,0,0.40709409739456115
12359.0,58,4,6310.03,3,4,5,345,Loyal Customer,No,0,0.2077530171181458
12360.0,52,3,2662.06,3,3,5,335,Lost Customer,No,0,0.29926135914652396
12361.0,287,1,189.9,1,1,1,111,Lost Customer,Yes,1,0.5239193821666497
12362.0,3,10,5226.2300000000005,5,5,5,555,Champion,No,0,0.015868829613091023
12363.0,110,2,552.0,2,2,3,223,Lost Customer,Yes,1,0.4079835072935983
12364.0,8,4,1313.1,5,4,4,544,Champion,No,0,0.2127136562783383
12365.0,291,2,641.38,1,2,3,123,Lost Customer,Yes,1,0.4078544312628115
12367.0,4,1,168.9,5,1,1,511,Lost Customer,No,0,0.5239507015470404
12370.0,51,4,3541.94,3,4,5,345,Loyal Customer,No,0,0.21049039140693995
12371.0,45,2,1887.96,3,2,4,324,Lost Customer,No,0,0.40605554444638975
12372.0,72,3,1298.04,3,3,4,334,Lost Customer,No,0,0.30097447546872
12373.0,311,1,364.6,1,1,2,112,Lost Customer,Yes,1,0.5236588274804257
12374.0,25,1,742.9300000000001,4,1,3,413,Lost Customer,No,0,0.5230945267724669
12375.0,11,2,457.5,5,2,2,522,Potential Loyalist,No,0,0.4081199910592634
12377.0,315,2,1628.12,1,2,4,124,Lost Customer,Yes,1,0.4064303023463365
12378.0,130,1,4008.62,2,1,5,215,Lost Customer,Yes,1,0.5182212651028348
12379.0,82,2,852.24,2,2,3,223,Lost Customer,No,0,0.4075499731387038
12380.0,22,4,2724.81,4,4,5,445,Champion,No,0,0.21130349323574338
12381.0,5,5,1845.31,5,4,4,544,Champion,No,0,0.14458482228878092
12383.0,185,5,1850.56,1,4,4,144,At Risk,Yes,1,0.14458093985264187
12384.0,29,2,585.27,4,2,3,423,Potential Loyalist,No,0,0.4079354597191662
12386.0,338,2,401.9,1,2,2,122,Lost Customer,Yes,1,0.4082002992421415
12388.0,16,6,2780.6600000000003,4,4,5,445,Champion,No,0,0.09541792470699399
12390.0,80,1,549.84,2,1,3,213,Lost Customer,No,0,0.5233825389448099
12391.0,22,1,439.66,4,1,2,412,Lost Customer,No,0,0.5235468759795754
12393.0,72,4,1582.6,3,4,4,344,Loyal Customer,No,0,0.2124439221082173
12394.0,64,2,1272.48,3,2,4,324,Lost Customer,No,0,0.40694340571667803
12395.0,19,12,3018.63,4,5,5,455,Champion,No,0,0.006393947124457416
12397.0,36,2,2409.9,3,2,5,325,Lost Customer,No,0,0.40530310006789555
12398.0,46,1,1635.66,3,1,4,314,Lost Customer,No,0,0.5217627380658273
12399.0,119,4,1108.65,2,4,4,244,At Risk,Yes,1,0.21291845059847014
12401.0,303,1,84.3,1,1,1,111,Lost Customer,Yes,1,0.5240768719974617
12402.0,323,1,225.6,1,1,1,111,Lost Customer,Yes,1,0.5238661387883524
12403.0,50,1,427.7,3,1,2,312,Lost Customer,No,0,0.523564714400403
12405.0,149,1,1710.39,2,1,4,214,Lost Customer,Yes,1,0.521651240374323
12406.0,22,2,3415.3,4,2,5,425,Potential Loyalist,No,0,0.40385494117570336
12407.0,50,5,1708.12,3,4,4,344,Loyal Customer,No,0,0.14468630660511408
12408.0,33,5,2888.55,4,4,5,445,Champion,No,0,0.14381503468588971
12409.0,79,3,11072.67,2,3,5,235,At Risk,No,0,0.28882301609786454
12410.0,309,2,693.33,1,2,3,123,Lost Customer,Yes,1,0.40777941472917817
12412.0,75,3,1226.88,2,3,4,234,At Risk,No,0,0.301064000734214
12413.0,67,3,758.1,3,3,3,333,Lost Customer,No,0,0.30165414401912716
12414.0,217,3,562.4100000000001,1,3,3,133,At Risk,Yes,1,0.30190069086411536
12415.0,24,21,124914.53,4,5,5,455,Champion,No,0,4.687963813066279e-05
12417.0,3,9,3649.1,5,5,5,555,Champion,No,0,0.025281420826063047
12418.0,113,1,668.58,2,1,3,213,Lost Customer,Yes,1,0.5232054287257014
12420.0,64,1,600.39,3,1,3,313,Lost Customer,No,0,0.5233071402878403
12421.0,16,4,807.04,4,4,3,443,Loyal Customer,No,0,0.2132208310825644
12422.0,96,3,803.5600000000001,2,3,3,233,At Risk,Yes,1,0.3015968860319937
12423.0,1,8,1859.31,5,5,4,554,Champion,No,0,0.0400987952531043
12424.0,163,2,1760.96,2,2,4,224,Lost Customer,Yes,1,0.4062386983445007
12425.0,78,1,777.2,2,1,3,213,Lost Customer,No,0,0.5230434081847986
12426.0,195,1,582.73,1,1,3,113,Lost Customer,Yes,1,0.5233334814627991
12427.0,22,3,825.8000000000001,4,3,3,433,Potential Loyalist,No,0,0.30156887645499925
12428.0,26,9,7956.46,4,5,5,455,Champion,No,0,0.02465445952505439
12429.0,9,4,3750.4,5,4,5,545,Champion,No,0,0.21028332679241565
12430.0,43,1,256.4,3,1,2,312,Lost Customer,No,0,0.5238202028887616
12431.0,36,15,6419.95,3,5,5,355,Loyal Customer,No,0,0.0015561139506306278
12432.0,43,5,5059.32,3,4,5,345,Loyal Customer,No,0,0.14222419415884882
12433.0,1,7,13375.87,5,5,5,555,Champion,No,0,0.058499770197369697
12434.0,85,2,806.14,2,2,3,223,Lost Customer,No,0,0.4076165302995939
12435.0,80,2,7829.89,2,2,5,225,Lost Customer,No,0,0.3975163608745106
12436.0,100,1,509.01,2,1,3,213,Lost Customer,Yes,1,0.5234434388031947
12437.0,2,18,4951.41,5,5,5,555,Champion,No,0,0.00038847032562414817
12438.0,14,2,2906.85,4,2,5,425,Potential Loyalist,No,0,0.40458709516666136
12441.0,367,1,173.55,1,1,1,111,Lost Customer,Yes,1,0.5239437665576118
12442.0,3,1,172.06,5,1,1,511,Lost Customer,No,0,0.5239459887380256
12444.0,21,5,5005.46,4,4,5,445,Champion,No,0,0.1422634870393513
12445.0,22,1,133.4,4,1,1,411,Lost Customer,No,0,0.5240036457853746
12446.0,58,1,1002.31,3,1,4,314,Lost Customer,No,0,0.5227076125957506
12447.0,243,1,476.49,1,1,2,112,Lost Customer,Yes,1,0.523491943408522
12448.0,44,1,449.45,3,1,2,312,Lost Customer,No,0,0.5235322740836963
12449.0,22,4,4067.29,4,4,5,445,Champion,No,0,0.20996884434073523
12450.0,156,2,197.88,2,2,1,221,Lost Customer,Yes,1,0.40849502601764315
12451.0,11,5,9035.52,5,4,5,545,Champion,No,0,0.13934833974350336
12452.0,17,2,430.5700000000001,4,2,2,422,Potential Loyalist,No,0,0.4081588879174593
12453.0,134,1,707.09,2,1,3,213,Lost Customer,Yes,1,0.5231479867212351
12454.0,56,1,3528.34,3,1,5,315,Lost Customer,No,0,0.5189382079589636
12455.0,73,6,2466.86,2,4,5,245,At Risk,No,0,0.09557999774320908
12456.0,44,3,3181.04,3,3,5,335,Lost Customer,No,0,0.29861102472201506
12457.0,66,7,2363.23,3,5,5,355,Loyal Customer,No,0,0.06223371216072134
12458.0,71,2,947.4,3,2,4,324,Lost Customer,No,0,0.4074125960289868
12461.0,94,2,826.88,2,2,3,223,Lost Customer,Yes,1,0.4075865863763623
12462.0,19,2,1189.59,4,2,4,424,Potential Loyalist,No,0,0.4070630253650984
12463.0,53,4,1344.78,3,4,4,344,Loyal Customer,No,0,0.21268193579217448
12464.0,10,8,1212.05,5,5,4,554,Champion,No,0,0.04024802657249408
12465.0,17,2,742.19,4,2,3,423,Potential Loyalist,No,0,0.4077088641210014
12468.0,188,2,729.54,1,2,3,123,Lost Customer,Yes,1,0.40772712951940515
12471.0,2,30,19788.65,5,5,5,555,Champion,No,0,1.3273289938729354e-06
12472.0,32,7,6572.11,4,5,5,455,Champion,No,0,0.06078107887900812
12473.0,29,5,3928.05,4,4,5,445,Champion,No,0,0.14305140151139722
12474.0,17,18,7324.09,4,5,5,455,Champion,No,0,0.00038300011761931596
12475.0,54,1,723.38,3,1,3,313,Lost Customer,No,0,0.5231236881662236
12476.0,16,11,6816.42,4,5,5,455,Champion,No,0,0.009924213783584695
12477.0,23,6,13219.74,4,4,5,445,Champion,No,0,0.0901647520145368
12478.0,4,1,680.99,5,1,3,513,Lost Customer,No,0,0.523186917879254
12479.0,11,1,527.2,5,1,3,513,Lost Customer,No,0,0.5234163076517657
12480.0,28,4,3281.63,4,4,5,445,Champion,No,0,0.2107491688448216
12481.0,23,10,5579.82,4,5,5,455,Champion,No,0,0.01583584559168961
12483.0,17,8,2484.98,4,5,5,455,Champion,No,0,0.03995504575991794
12484.0,33,6,4527.32,4,4,5,445,Champion,No,0,0.09452028634830177
12488.0,10,3,1298.66,5,3,4,534,Potential Loyalist,No,0,0.30097369552318715
12489.0,336,1,334.93,1,1,2,112,Lost Customer,Yes,1,0.5237030794370803
12490.0,5,10,5417.93,5,5,5,555,Champion,No,0,0.015850938835332905
12491.0,39,1,460.4,3,1,2,312,Lost Customer,No,0,0.5235159419870192
12492.0,63,2,263.21000000000004,3,2,2,322,Lost Customer,No,0,0.40840064329335884
12493.0,166,2,433.74,2,2,2,222,Lost Customer,Yes,1,0.40815430920785806
12494.0,16,7,1246.1,4,5,4,454,Champion,No,0,0.06262468304483687
12497.0,82,1,1043.1,2,1,4,214,Lost Customer,No,0,0.5226467641279668
12498.0,21,3,403.7000000000001,4,3,2,432,Potential Loyalist,No,0,0.3021007311336142
12500.0,23,11,4257.82,4,5,5,455,Champion,No,0,0.01007566647768921
12501.0,337,1,2169.39,1,1,5,115,Lost Customer,Yes,1,0.5209663622061866
12502.0,96,5,3723.87,2,4,5,245,At Risk,Yes,1,0.1432011283104007
12504.0,18,2,482.05,4,2,2,422,Potential Loyalist,No,0,0.40808453280220963
12506.0,233,1,73.5,1,1,1,111,Lost Customer,Yes,1,0.5240929786425986
12507.0,134,3,1304.81,2,3,4,234,At Risk,Yes,1,0.30096595902902173
12508.0,26,2,397.88,4,2,2,422,Potential Loyalist,No,0,0.40820610588716205
12509.0,284,1,176.5,1,1,1,111,Lost Customer,Yes,1,0.5239393669358753
12510.0,143,2,982.57,2,2,4,224,Lost Customer,Yes,1,0.40736182675131377
12512.0,66,2,132.18,3,2,1,321,Lost Customer,No,0,0.4085899500885682
12513.0,113,1,612.29,2,1,3,213,Lost Customer,Yes,1,0.5232893904988558
12514.0,267,1,1017.68,1,1,4,114,Lost Customer,Yes,1,0.5226846844828331
12515.0,353,1,383.7,1,1,2,112,Lost Customer,Yes,1,0.5236303401799649
12516.0,78,2,1312.06,2,2,4,224,Lost Customer,No,0,0.4068862911897637
12517.0,28,5,2481.6,4,4,5,445,Champion,No,0,0.14411490915782849
12518.0,1,5,2056.89,5,4,5,545,Champion,No,0,0.14442842501178255
12519.0,64,1,330.84000000000003,3,1,2,312,Lost Customer,No,0,0.5237091795259645
12520.0,79,5,2634.26,2,4,5,245,At Risk,No,0,0.14400235572413597
12521.0,143,1,599.68,2,1,3,213,Lost Customer,Yes,1,0.5233081993070031
12522.0,39,2,192.72,3,2,1,321,Lost Customer,No,0,0.40850248099462916
12523.0,19,11,1789.77,4,5,4,454,Champion,No,0,0.010223926247429108
12524.0,9,8,4485.72,5,5,5,555,Champion,No,0,0.03949867762517305
12526.0,1,3,1316.66,5,3,4,534,Potential Loyalist,No,0,0.30095105244495823
12527.0,82,3,348.71000000000004,2,3,2,232,At Risk,No,0,0.302170058819089
12528.0,9,6,1933.48,5,5,4,554,Champion,No,0,0.09585604551736643
12530.0,60,4,1662.28,3,4,4,344,Loyal Customer,No,0,0.21236422073088848
12531.0,15,1,125.22,4,1,1,411,Lost Customer,No,0,0.5240158452545588
12532.0,30,1,349.83000000000004,4,1,2,412,Lost Customer,No,0,0.5236808565595877
12534.0,131,1,1089.18,2,1,4,214,Lost Customer,Yes,1,0.5225780234960791
12535.0,92,2,716.35,2,2,3,223,Lost Customer,Yes,1,0.4077461748980355
12536.0,43,3,12601.830000000002,3,3,5,335,Lost Customer,No,0,0.2869485747502019
12538.0,29,1,363.95,4,1,2,412,Lost Customer,No,0,0.5236597969408228
12539.0,22,4,5568.35,4,4,5,445,Champion,No,0,0.2084838822121979
12540.0,20,17,13400.24,4,5,5,455,Champion,No,0,0.0005883911510136967
12541.0,30,3,981.18,4,3,4,434,Potential Loyalist,No,0,0.3013732284892556
12544.0,36,1,372.7,3,1,2,312,Lost Customer,No,0,0.523646746497448
12545.0,75,2,1000.39,2,2,4,224,Lost Customer,No,0,0.4073361036357014
12546.0,47,2,1161.5,3,2,4,324,Lost Customer,No,0,0.40710356491403227
12547.0,198,2,207.8,1,2,1,121,Lost Customer,Yes,1,0.408480694087117
12548.0,166,1,95.2,2,1,1,211,Lost Customer,Yes,1,0.5240606161659387
12550.0,79,1,964.83,2,1,4,214,Lost Customer,No,0,0.5227635227781022
12551.0,358,1,168.0,1,1,1,111,Lost Customer,Yes,1,0.5239520438019921
12552.0,39,2,437.82,3,2,2,322,Lost Customer,No,0,0.40814841612874325
12553.0,8,10,3692.28,5,5,5,555,Champion,No,0,0.016012705820665857
12556.0,50,2,599.56,3,2,3,323,Lost Customer,No,0,0.4079148230535568
12557.0,16,5,11990.96,4,4,5,445,Champion,No,0,0.13724247122642294
12558.0,8,1,269.96,5,1,2,512,Lost Customer,No,0,0.5237999790337172
12559.0,311,2,561.71,1,2,3,123,Lost Customer,Yes,1,0.40796948420983836
12560.0,5,3,2134.01,5,3,5,535,Potential Loyalist,No,0,0.29992389128135355
12561.0,303,1,238.85,1,1,1,111,Lost Customer,Yes,1,0.5238463774524222
12562.0,8,7,3781.74,5,5,5,555,Champion,No,0,0.061740548818277306
12564.0,261,1,456.9,1,1,2,112,Lost Customer,Yes,1,0.5235211622973633
12565.0,289,1,145.92000000000002,1,1,1,111,Lost Customer,Yes,1,0.5239849736817164
12566.0,86,1,351.65,2,1,2,212,Lost Customer,No,0,0.5236781420808752
12567.0,23,10,9401.28,4,5,5,455,Champion,No,0,0.01548364390821593
12569.0,2,32,4124.6900000000005,5,5,5,555,Champion,No,0,5.740965878138699e-07
12571.0,40,2,519.61,3,2,3,323,Lost Customer,No,0,0.4080302856872924
12572.0,9,2,1020.42,5,2,4,524,Potential Loyalist,No,0,0.4073071909981846
12573.0,227,1,160.54000000000002,1,1,1,111,Lost Customer,Yes,1,0.5239631695908246
12574.0,316,1,218.45,1,1,1,111,Lost Customer,Yes,1,0.5238768024216075
12576.0,36,5,1315.83,3,4,4,344,Loyal Customer,No,0,0.14497682404252774
12577.0,35,3,626.6,3,3,3,333,Lost Customer,No,0,0.30181980625859833
12578.0,21,2,2794.51,4,2,5,425,Potential Loyalist,No,0,0.40474891908516925
12579.0,78,1,440.42,2,1,2,212,Lost Customer,No,0,0.5235457424324087
12580.0,247,1,415.7,1,1,2,112,Lost Customer,Yes,1,0.5235826124210774
12581.0,40,1,197.71,3,1,1,311,Lost Customer,No,0,0.523907734291935
12582.0,239,2,511.36,1,2,3,123,Lost Customer,Yes,1,0.408042200796089
12583.0,3,15,7281.38,5,5,5,555,Champion,No,0,0.0015481317849527691
12584.0,4,9,2338.15,5,5,5,555,Champion,No,0,0.02547530122095372
12585.0,234,2,2040.1,1,2,4,124,Lost Customer,Yes,1,0.40583616913427334
12586.0,17,1,196.94000000000003,4,1,1,411,Lost Customer,No,0,0.523908882675105
12587.0,8,1,144.0,5,1,1,511,Lost Customer,No,0,0.5239878371396668
12588.0,39,1,214.9,3,1,1,311,Lost Customer,No,0,0.5238820969447167
12589.0,29,2,646.68,4,2,3,423,Potential Loyalist,No,0,0.4078467777911963
12590.0,211,2,9864.26,1,2,5,125,Lost Customer,Yes,1,0.3946067560900431
12591.0,317,1,452.85,1,1,2,112,Lost Customer,Yes,1,0.5235272029357758
12592.0,92,2,437.6,2,2,2,222,Lost Customer,Yes,1,0.40814873389213957
12593.0,109,3,418.1,2,3,2,232,At Risk,Yes,1,0.30208257807470223
12594.0,38,10,3338.2200000000003,3,5,5,355,Loyal Customer,No,0,0.016046096583201344
12596.0,51,2,618.27,3,2,3,323,Lost Customer,No,0,0.4078878038094828
12597.0,19,4,3811.22,4,4,5,445,Champion,No,0,0.210222942079082
12598.0,10,8,3023.08,5,5,5,555,Champion,No,0,0.03983181087375236
12599.0,29,7,1032.58,4,5,4,454,Champion,No,0,0.06269967079748041
12600.0,29,10,2599.04,4,5,5,455,Champion,No,0,0.016116028236673848
12601.0,190,5,577.0600000000001,1,4,3,143,At Risk,Yes,1,0.14552524852769103
12602.0,59,1,153.12,3,1,1,311,Lost Customer,No,0,0.5239742357003594
12603.0,22,1,739.1999999999999,4,1,3,413,Lost Customer,No,0,0.523100090569728
12604.0,79,2,254.18,2,2,2,222,Lost Customer,No,0,0.4084136885976667
12607.0,60,1,1579.51,3,1,4,314,Lost Customer,No,0,0.5218465128390198
12609.0,78,3,1126.85,2,3,4,234,At Risk,No,0,0.30118987251531604
12610.0,23,5,2099.54,4,4,5,445,Champion,No,0,0.1443969157025179
12611.0,52,1,1193.32,3,1,4,314,Lost Customer,No,0,0.5224226677148972
12612.0,74,1,704.04,2,1,3,213,Lost Customer,No,0,0.5231525361622701
12613.0,57,5,3344.38,3,4,5,345,Loyal Customer,No,0,0.1434797580257243
12614.0,278,1,315.6,1,1,2,112,Lost Customer,Yes,1,0.523731909379212
12615.0,2,4,2291.19,5,4,5,545,Champion,No,0,0.21173590854308597
12616.0,95,2,713.3,2,2,3,223,Lost Customer,Yes,1,0.40775057891056166
12617.0,29,1,352.98,4,1,2,412,Lost Customer,No,0,0.5236761584224698
12618.0,22,1,177.31,4,1,1,411,Lost Customer,No,0,0.5239381589034939
12619.0,16,9,3641.24,4,5,5,455,Champion,No,0,0.025282578971667226
12620.0,15,3,1339.41,4,3,4,434,Potential Loyalist,No,0,0.3009224354979298
12621.0,2,20,13689.67,5,5,5,555,Champion,No,0,0.00014524542545148154
12622.0,232,1,180.1,1,1,1,111,Lost Customer,Yes,1,0.5239339979009255
12623.0,276,1,305.1,1,1,2,112,Lost Customer,Yes,1,0.5237475696539801
12624.0,106,2,641.13,2,2,3,223,Lost Customer,Yes,1,0.40785479227672744
12625.0,212,2,2683.82,1,2,5,125,Lost Customer,Yes,1,0.40490838646082195
12626.0,23,9,6620.4800000000005,4,5,5,455,Champion,No,0,0.024847280404895863
12627.0,11,7,4478.53,5,5,5,555,Champion,No,0,0.06149964002381338
12628.0,4,3,786.46,5,3,3,533,Potential Loyalist,No,0,0.3016184231776924
12630.0,10,2,1270.88,5,2,4,524,Potential Loyalist,No,0,0.4069457145933168
12631.0,57,1,640.5,3,1,3,313,Lost Customer,No,0,0.5232473128229683
12633.0,59,4,2163.98,3,4,5,345,Loyal Customer,No,0,0.21186288784399235
12635.0,90,2,1689.18,2,2,4,224,Lost Customer,No,0,0.4063422278908905
12637.0,67,8,6002.9,3,5,5,355,Loyal Customer,No,0,0.039155945843525844
12638.0,33,1,671.69,4,1,3,413,Lost Customer,No,0,0.5232007898330189
12639.0,239,1,486.1,1,1,2,112,Lost Customer,Yes,1,0.5234776098366123
12640.0,24,3,1174.58,4,3,4,434,Potential Loyalist,No,0,0.3011298081971517
12641.0,115,1,185.9,2,1,1,211,Lost Customer,Yes,1,0.5239253477774266
12642.0,25,3,1013.26,4,3,4,434,Potential Loyalist,No,0,0.3013328436915148
12643.0,128,6,3344.64,2,5,5,255,At Risk,Yes,1,0.09512725530070676
12644.0,130,1,477.91,2,1,2,212,Lost Customer,Yes,1,0.5234898254429963
12645.0,34,4,1775.18,3,4,4,344,Loyal Customer,No,0,0.2122513278395778
12646.0,5,2,1346.97,5,2,4,524,Potential Loyalist,No,0,0.4068359176312177
12647.0,22,12,3722.82,4,5,5,455,Champion,No,0,0.006367252672770595
12648.0,155,1,318.05,2,1,2,212,Lost Customer,Yes,1,0.5237282553083836
12649.0,107,3,623.51,2,3,3,233,At Risk,Yes,1,0.30182369962732114
12650.0,3,1,314.44,5,1,2,512,Lost Customer,No,0,0.5237336394690036
12651.0,335,1,114.0,1,1,1,111,Lost Customer,Yes,1,0.5240325784651835
12652.0,331,1,919.98,1,1,3,113,Lost Customer,Yes,1,0.5228304262886264
12653.0,149,2,2209.85,2,2,5,225,Lost Customer,Yes,1,0.4055914457857141
12654.0,11,5,601.98,5,4,3,543,Loyal Customer,No,0,0.14550672119547878
12656.0,17,5,4051.17,4,4,5,445,Champion,No,0,0.14296117969300814
12657.0,11,4,1643.18,5,4,4,544,Champion,No,0,0.21238332386495215
12658.0,19,1,686.05,4,1,3,413,Lost Customer,No,0,0.5231793703280918
12659.0,30,1,91.68,4,1,1,411,Lost Customer,No,0,0.5240658657611434
12660.0,11,1,245.1,5,1,1,511,Lost Customer,No,0,0.5238370560416284
12662.0,1,11,3849.78,5,5,5,555,Champion,No,0,0.010100030441210077
12664.0,8,9,4881.88,5,5,5,555,Champion,No,0,0.025100412935902313
12665.0,325,1,63.0,1,1,1,111,Lost Customer,Yes,1,0.5241086378328768
12667.0,58,1,620.13,3,1,3,313,Lost Customer,No,0,0.5232776964880826
12668.0,12,4,3807.15,5,4,5,545,Champion,No,0,0.2102269825529389
12669.0,151,3,2744.03,2,3,5,235,At Risk,Yes,1,0.2991585884935614
12670.0,10,5,2996.05,5,4,5,545,Champion,No,0,0.14373590651555365
12672.0,330,1,225.9,1,1,1,111,Lost Customer,Yes,1,0.5238656913627051
12673.0,5,2,610.52,5,2,3,523,Potential Loyalist,No,0,0.4078989955720554
12674.0,39,4,1970.6,3,4,4,344,Loyal Customer,No,0,0.21205602378302116
12676.0,25,6,1331.39,4,5,4,454,Champion,No,0,0.09616850994154007
12678.0,42,12,17628.46,3,5,5,355,Loyal Customer,No,0,0.005862230994777848
12679.0,59,4,1113.02,3,4,4,344,Loyal Customer,No,0,0.21291407173490465
12680.0,1,4,862.81,5,4,3,543,Loyal Customer,No,0,0.21316489503180205
12681.0,15,22,13787.54,4,5,5,455,Champion,No,0,5.717640266686584e-05
12682.0,4,31,12279.82,5,5,5,555,Champion,No,0,8.712497363060224e-07
12683.0,4,15,8476.57,5,5,5,555,Champion,No,0,0.0015371246039238202
12684.0,8,7,2283.63,5,5,5,555,Champion,No,0,0.06226149483742898
12685.0,28,6,2863.08,4,5,5,455,Champion,No,0,0.09537539678439319
12686.0,372,1,89.14,1,1,1,111,Lost Customer,Yes,1,0.5240696538180164
12688.0,114,1,4873.81,2,1,5,215,Lost Customer,Yes,1,0.5169295565804415
12689.0,26,2,1247.61,4,2,4,424,Potential Loyalist,No,0,0.40697929478254874
12690.0,206,1,389.01,1,1,2,112,Lost Customer,Yes,1,0.5236224203848174
12691.0,28,6,1035.8,4,5,4,454,Champion,No,0,0.09632224406269692
12693.0,127,4,855.91,2,4,3,243,At Risk,Yes,1,0.21317181499601282
12694.0,70,2,869.67,3,2,3,323,Lost Customer,No,0,0.40752480935171204
12695.0,7,4,582.1,5,4,3,543,Loyal Customer,No,0,0.21344654942949862
12697.0,29,3,957.59,4,3,4,434,Potential Loyalist,No,0,0.30140292737857644
12700.0,8,4,4939.99,5,4,5,545,Champion,No,0,0.2091045602867104
12701.0,80,2,797.71,2,2,3,223,Lost Customer,No,0,0.40762870153105635
12702.0,20,1,219.0,4,1,1,411,Lost Customer,No,0,0.5238759821428991
12703.0,71,1,283.55,3,1,2,312,Lost Customer,No,0,0.5237797103573198
12704.0,7,8,2340.84,5,5,5,555,Champion,No,0,0.03998811849612921
12705.0,15,9,6868.29,4,5,5,455,Champion,No,0,0.02481140351442375
12707.0,292,1,603.42,1,1,3,113,Lost Customer,Yes,1,0.5233026208093392
12708.0,30,10,2712.91,4,5,5,455,Champion,No,0,0.01610523582864549
12709.0,15,15,9706.52,4,5,5,455,Champion,No,0,0.001525878875898469
12710.0,97,3,1149.02,2,3,4,234,At Risk,Yes,1,0.30116197252788096
12712.0,29,13,4396.13,4,5,5,455,Champion,No,0,0.0039893932256044855
12713.0,1,1,848.55,5,1,3,513,Lost Customer,No,0,0.5229369779465065
12714.0,9,5,4708.86,5,4,5,545,Champion,No,0,0.14248003006635668
12715.0,106,1,343.36,2,1,2,212,Lost Customer,Yes,1,0.5236905063709353
12716.0,4,2,1053.49,5,2,4,524,Potential Loyalist,No,0,0.4072594569601435
12717.0,151,2,1030.98,2,2,4,224,Lost Customer,Yes,1,0.4072919482485053
12718.0,71,1,238.25,3,1,1,311,Lost Customer,No,0,0.5238472723069845
12719.0,5,2,644.95,5,2,3,523,Potential Loyalist,No,0,0.4078492759949416
12720.0,3,25,5781.7300000000005,5,5,5,555,Champion,No,0,1.4825860400353094e-05
12721.0,32,6,2656.13,4,5,5,455,Champion,No,0,0.09548221315923068
12722.0,85,4,997.63,2,4,4,244,At Risk,No,0,0.2130297178123604
12723.0,4,5,725.07,5,4,3,543,Loyal Customer,No,0,0.14541523588445715
12724.0,5,4,1031.41,5,4,4,544,Champion,No,0,0.21299585810485616
12725.0,371,1,427.8,1,1,2,112,Lost Customer,Yes,1,0.5235645652499764
12726.0,28,7,2609.1,4,5,5,455,Champion,No,0,0.06214796957404171
12727.0,11,7,3980.7,5,5,5,555,Champion,No,0,0.061671670427756356
12728.0,71,4,836.33,3,4,3,343,Loyal Customer,No,0,0.2131914525398674
12729.0,114,1,453.01,2,1,2,212,Lost Customer,Yes,1,0.5235269642934012
12731.0,24,12,18895.91,4,5,5,455,Champion,No,0,0.005818229729856213
12732.0,180,1,236.26,1,1,1,111,Lost Customer,Yes,1,0.5238502402401867
12733.0,234,1,383.95,1,1,2,112,Lost Customer,Yes,1,0.5236299673085202
12734.0,353,1,110.4,1,1,1,111,Lost Customer,Yes,1,0.524037947398337
12735.0,315,2,779.5699999999999,1,2,3,123,Lost Customer,Yes,1,0.4076548924419266
12736.0,333,1,234.0,1,1,1,111,Lost Customer,Yes,1,0.5238536108557502
12738.0,372,1,155.35,1,1,1,111,Lost Customer,Yes,1,0.5239709099044151
12739.0,78,2,1013.04,2,2,4,224,Lost Customer,No,0,0.407317843707575
12740.0,64,1,427.6,3,1,2,312,Lost Customer,No,0,0.5235648635508254
12743.0,134,2,540.13,2,2,3,223,Lost Customer,Yes,1,0.4080006500310401
12744.0,52,7,21279.29,3,5,5,355,Loyal Customer,No,0,0.055950635197188486
12747.0,2,11,4196.01,5,5,5,555,Champion,No,0,0.01007935339477171
12748.0,1,209,33053.19,5,5,5,555,Champion,No,0,7.423219886368141e-43
12749.0,4,5,4090.88,5,4,5,545,Champion,No,0,0.14293209048531552
12750.0,129,1,275.88,2,1,2,212,Lost Customer,Yes,1,0.5237911497155894
12752.0,81,1,4366.78,2,1,5,215,Lost Customer,No,0,0.5176865691149823
12753.0,23,6,21429.39,4,5,5,455,Champion,No,0,0.08621801194577426
12754.0,236,3,3010.74,1,3,5,135,At Risk,Yes,1,0.2988243383777669
12755.0,281,2,3811.95,1,2,5,125,Lost Customer,Yes,1,0.4032840730551493
12756.0,87,1,112.08,2,1,1,211,Lost Customer,No,0,0.52403544189689
12757.0,16,13,7834.650000000001,4,5,5,455,Champion,No,0,0.003908526297717168
12758.0,117,2,2791.59,2,2,5,225,Lost Customer,Yes,1,0.40475312557331766
12759.0,52,3,1531.44,3,3,4,334,Lost Customer,No,0,0.3006809450750359
12762.0,8,2,1898.52,5,2,4,524,Potential Loyalist,No,0,0.4060403164479013
12763.0,138,2,494.08,2,2,3,223,Lost Customer,Yes,1,0.4080671578833756
12764.0,317,1,1693.88,1,1,4,114,Lost Customer,Yes,1,0.521675873597799
12766.0,4,7,6989.63,5,5,5,555,Champion,No,0,0.060638719344571615
12769.0,239,1,1143.6,1,1,4,114,Lost Customer,Yes,1,0.5224968404246202
12770.0,211,1,1351.45,1,1,4,114,Lost Customer,Yes,1,0.5221867615070122
12772.0,60,1,892.47,3,1,3,313,Lost Customer,No,0,0.522871463019978
12775.0,17,5,1386.04,4,4,4,444,Champion,No,0,0.14492479319289467
12778.0,20,6,822.23,4,5,3,453,Loyal Customer,No,0,0.09643345679564459
12779.0,38,8,3981.36,3,5,5,355,Loyal Customer,No,0,0.03961324859193602
12781.0,64,2,826.74,3,2,3,323,Lost Customer,No,0,0.4075867885027625
12782.0,5,5,2330.92,5,4,5,545,Champion,No,0,0.14422607450667288
12783.0,2,6,2225.91,5,5,5,555,Champion,No,0,0.09570461189115882
12784.0,9,2,532.82,5,2,3,523,Potential Loyalist,No,0,0.4080112072958159
12785.0,364,1,311.95,1,1,2,112,Lost Customer,Yes,1,0.5237373531943054
12787.0,10,3,463.66,5,3,2,532,Potential Loyalist,No,0,0.30202514788878004
12789.0,65,1,91.85,3,1,1,311,Lost Customer,No,0,0.5240656122296791
12790.0,192,1,324.92,1,1,2,112,Lost Customer,Yes,1,0.5237180089819415
12791.0,374,1,192.6,1,1,1,111,Lost Customer,Yes,1,0.5239153553755165
12792.0,257,1,400.54,1,1,2,112,Lost Customer,Yes,1,0.5236052235005951
12793.0,335,2,545.48,1,2,3,123,Lost Customer,Yes,1,0.40799292349571714
12794.0,53,2,860.41,3,2,3,323,Lost Customer,No,0,0.4075381780043247
12795.0,19,1,430.48,4,1,2,412,Lost Customer,No,0,0.5235605680169768
12797.0,366,1,254.03,1,1,2,112,Lost Customer,Yes,1,0.5238237375810724
12798.0,10,3,6977.04,5,3,5,535,Potential Loyalist,No,0,0.2938790547250925
12802.0,187,1,427.58,1,1,2,112,Lost Customer,Yes,1,0.5235648933809094
12808.0,37,3,483.65,3,3,2,332,Lost Customer,No,0,0.30199995165648746
12809.0,178,1,489.31,2,1,3,213,Lost Customer,Yes,1,0.5234728220271799
12811.0,261,3,514.85,1,3,3,133,At Risk,Yes,1,0.3019606282544939
12812.0,45,1,229.64,3,1,1,311,Lost Customer,No,0,0.5238601134530868
12814.0,102,1,125.92,2,1,1,211,Lost Customer,Yes,1,0.5240148012913244
12815.0,148,2,1063.46,2,2,4,224,Lost Customer,Yes,1,0.4072450663643652
12816.0,96,2,572.2,2,2,3,223,Lost Customer,Yes,1,0.4079543348263662
12817.0,281,1,166.04000000000002,1,1,1,111,Lost Customer,Yes,1,0.5239549669338006
12818.0,262,1,1542.08,1,1,4,114,Lost Customer,Yes,1,0.5219023570321863
12820.0,3,4,942.34,5,4,4,544,Champion,No,0,0.21308514674558943
12821.0,214,1,92.72,1,1,1,111,Lost Customer,Yes,1,0.5240643147449319
12822.0,71,2,948.88,3,2,4,324,Lost Customer,No,0,0.4074104595509475
12823.0,75,5,1759.5,2,4,4,244,At Risk,No,0,0.1446482920638907
12824.0,60,1,397.12,3,1,2,312,Lost Customer,No,0,0.5236103244035771
12826.0,3,7,1474.72,5,5,4,554,Champion,No,0,0.062544484990598
12827.0,6,3,430.15,5,3,2,532,Potential Loyalist,No,0,0.30206738796962707
12828.0,3,6,1018.71,5,5,4,554,Champion,No,0,0.09633113915312191
12829.0,337,2,293.0,1,2,2,122,Lost Customer,Yes,1,0.40835760770622553
12830.0,38,6,6814.64,3,5,5,355,Loyal Customer,No,0,0.09335623430635934
12831.0,262,1,215.05,1,1,1,111,Lost Customer,Yes,1,0.5238818732325812
12832.0,32,2,383.03,4,2,2,422,Potential Loyalist,No,0,0.4082275560293475
12833.0,145,1,417.38,2,1,2,212,Lost Customer,Yes,1,0.5235801067018282
12834.0,283,1,312.38,1,1,2,112,Lost Customer,Yes,1,0.5237367118684367
12836.0,59,4,2610.36,3,4,5,345,Loyal Customer,No,0,0.21141756243402057
12837.0,173,1,134.1,2,1,1,211,Lost Customer,Yes,1,0.5240026018196883
12838.0,34,2,671.95,3,2,3,323,Lost Customer,No,0,0.4078102872308863
12839.0,3,14,5591.42,5,5,5,555,Champion,No,0,0.0024895540747834344
12840.0,144,4,2726.77,2,4,5,245,At Risk,Yes,1,0.21130154014958705
12841.0,5,25,3991.58,5,5,5,555,Champion,No,0,1.4985404008490623e-05
12842.0,70,2,1118.99,3,2,4,324,Lost Customer,No,0,0.40716491784398784
12843.0,66,8,1702.26,3,5,4,354,Loyal Customer,No,0,0.04013495568216906
12844.0,29,2,325.96000000000004,4,2,2,422,Potential Loyalist,No,0,0.4083099942728779
12845.0,267,4,354.09000000000003,1,4,2,142,At Risk,Yes,1,0.21367552603394763
12847.0,22,1,843.64,4,1,3,413,Lost Customer,No,0,0.5229443020844128
12849.0,31,2,1010.29,4,2,4,424,Potential Loyalist,No,0,0.40732181323539124
12851.0,97,1,131.81,2,1,1,211,Lost Customer,Yes,1,0.5240060170780828
12852.0,295,1,311.55,1,1,2,112,Lost Customer,Yes,1,0.5237379497764384
12853.0,135,6,1957.1,2,5,4,254,At Risk,Yes,1,0.0958438060533001
12854.0,79,3,1316.25,2,3,4,234,At Risk,No,0,0.30095156819316543
12855.0,373,1,38.1,1,1,1,111,Lost Customer,Yes,1,0.5241457722945538
12856.0,8,6,2170.78,5,5,5,555,Champion,No,0,0.09573314435394173
12857.0,211,2,1106.4,1,2,4,124,Lost Customer,Yes,1,0.407183089027645
12863.0,52,1,521.2,3,1,3,313,Lost Customer,No,0,0.5234252569198556
12864.0,138,1,147.12,2,1,1,211,Lost Customer,Yes,1,0.5239831840196966
12865.0,26,2,1568.23,4,2,4,424,Potential Loyalist,No,0,0.40651669501078364
12866.0,283,1,559.12,1,1,3,113,Lost Customer,Yes,1,0.52336869729289
12867.0,26,7,4009.34,4,5,5,455,Champion,No,0,0.06166176139736104
12868.0,186,6,1607.0600000000002,1,5,4,154,At Risk,Yes,1,0.09602533369230595
12871.0,84,2,380.64,2,2,2,222,Lost Customer,No,0,0.4082310083071146
12872.0,327,2,599.97,1,2,3,123,Lost Customer,Yes,1,0.40791423096367424
12873.0,282,1,374.0,1,1,2,112,Lost Customer,Yes,1,0.5236448075716768
12875.0,143,2,343.2300000000001,2,2,2,222,Lost Customer,Yes,1,0.4082850470231252
12876.0,58,2,2218.02,3,2,5,325,Lost Customer,No,0,0.4055796685302171
12877.0,4,12,1535.77,5,5,4,554,Champion,No,0,0.006450523568239468
12878.0,236,2,854.99,1,2,3,123,Lost Customer,Yes,1,0.40754600291633764
12879.0,45,3,573.22,3,3,3,333,Lost Customer,No,0,0.3018870685260588
12881.0,276,1,298.0,1,1,2,112,Lost Customer,Yes,1,0.5237581589561711
12882.0,9,2,1463.04,5,2,4,524,Potential Loyalist,No,0,0.4066684479373504
12883.0,25,4,703.47,4,4,3,443,Loyal Customer,No,0,0.21332473783903846
12884.0,88,1,309.05,2,1,2,212,Lost Customer,No,0,0.5237416784132354
12885.0,63,3,1175.22,3,3,4,334,Lost Customer,No,0,0.3011290028555873
12886.0,68,2,1378.4,3,2,4,324,Lost Customer,No,0,0.40679056723195056
12888.0,214,2,354.12,1,2,2,122,Lost Customer,Yes,1,0.4082693161977301
12890.0,24,1,376.72,4,1,2,412,Lost Customer,No,0,0.523640750740065
12891.0,186,3,331.0,1,3,2,132,At Risk,Yes,1,0.30219238831366635
12893.0,31,1,176.55,4,1,1,411,Lost Customer,No,0,0.5239392923659832
12895.0,42,2,372.8,3,2,2,322,Lost Customer,No,0,0.40824233299733215
12897.0,205,2,216.5,1,2,1,121,Lost Customer,Yes,1,0.4084681248809562
12901.0,9,28,17654.54,5,5,5,555,Champion,No,0,3.4134160153999787e-06
12902.0,265,1,138.68,1,1,1,111,Lost Customer,Yes,1,0.5239957712961647
12904.0,18,2,496.06,4,2,3,423,Potential Loyalist,No,0,0.40806429819307083
12906.0,12,5,2919.81,5,4,5,545,Champion,No,0,0.1437920212134399
12908.0,176,2,750.0,2,2,3,223,Lost Customer,Yes,1,0.40769758735017525
12909.0,40,5,2178.67,3,4,5,345,Loyal Customer,No,0,0.14433847054177895
12910.0,23,8,3075.04,4,5,5,455,Champion,No,0,0.03981993037634554
12912.0,3,5,1662.3,5,4,4,544,Champion,No,0,0.14472021446830455
12913.0,5,5,2483.63,5,4,5,545,Champion,No,0,0.14411341199601652
12915.0,149,2,363.65,2,2,2,222,Lost Customer,Yes,1,0.40825555007404024
12916.0,139,4,2944.95,2,4,5,245,At Risk,Yes,1,0.21108421239082029
12917.0,128,1,594.0,2,1,3,213,Lost Customer,Yes,1,0.5233166714527601
12919.0,8,6,1335.19,5,5,4,554,Champion,No,0,0.0961665350185169
12920.0,17,1,162.78,4,1,1,411,Lost Customer,No,0,0.5239598288738878
12921.0,9,37,16587.09,5,5,5,555,Champion,No,0,5.187388529515755e-08
12922.0,161,1,405.38,2,1,2,212,Lost Customer,Yes,1,0.5235980046704152
12923.0,64,1,172.82,3,1,1,311,Lost Customer,No,0,0.5239448552769934
12924.0,88,4,933.7,2,4,4,244,At Risk,No,0,0.21309380940632702
12925.0,5,2,694.05,5,2,3,523,Potential Loyalist,No,0,0.40777837506919773
12928.0,35,5,2062.7,3,4,5,345,Loyal Customer,No,0,0.1444241323171426
12929.0,312,1,117.85,1,1,1,111,Lost Customer,Yes,1,0.524026836683303
12930.0,78,2,415.8,2,2,2,222,Lost Customer,No,0,0.40818022173670787
12931.0,22,15,42055.96,4,5,5,455,Champion,No,0,0.0012578601748810846
12933.0,24,3,607.53,4,3,3,433,Potential Loyalist,No,0,0.3018438347205486
12935.0,2,7,2160.7,5,5,5,555,Champion,No,0,0.06230442367398589
12936.0,17,4,1063.9,4,4,4,444,Champion,No,0,0.21296329514466805
12937.0,15,4,1504.27,4,4,4,444,Champion,No,0,0.2125222944126587
12938.0,26,1,114.14,4,1,1,411,Lost Customer,No,0,0.5240323696732264
12939.0,64,8,11581.8,3,5,5,355,Loyal Customer,No,0,0.03792004329704523
12940.0,55,2,899.69,3,2,3,323,Lost Customer,No,0,0.4074814704495479
12942.0,131,3,675.6,2,3,3,233,At Risk,Yes,1,0.3017580705657019
12944.0,36,2,604.51,3,2,3,323,Lost Customer,No,0,0.40790767466918537
12945.0,288,1,462.95,1,1,2,112,Lost Customer,Yes,1,0.5235121386148187
12947.0,144,6,1603.99,2,5,4,254,At Risk,Yes,1,0.0960269271255964
12948.0,16,7,2064.95,4,5,5,455,Champion,No,0,0.062337880024810756
12949.0,31,8,4167.22,4,5,5,455,Champion,No,0,0.03957099140616562
12950.0,2,3,1843.0,5,3,4,534,Potential Loyalist,No,0,0.3002893729081503
12951.0,9,6,1064.07,5,5,4,554,Champion,No,0,0.09630753155971057
12952.0,6,4,1387.79,5,4,4,544,Champion,No,0,0.21263887635214204
12953.0,10,1,329.85,5,1,2,512,Lost Customer,No,0,0.5237106560745333
12955.0,1,11,4757.16,5,5,5,555,Champion,No,0,0.010045930158120686
12956.0,306,1,108.07,1,1,1,111,Lost Customer,Yes,1,0.5240414222882219
12957.0,10,8,4017.54,5,5,5,555,Champion,No,0,0.039605019306346925
12962.0,7,2,266.39,5,2,2,522,Potential Loyalist,No,0,0.40839604929664935
12963.0,8,8,1856.63,5,5,4,554,Champion,No,0,0.04009941205551398
12965.0,89,1,769.8100000000001,2,1,3,213,Lost Customer,No,0,0.5230544314635622
12966.0,10,1,160.18,5,1,1,511,Lost Customer,No,0,0.5239637064915609
12967.0,358,2,1660.9,1,2,4,124,Lost Customer,Yes,1,0.40638301891444545
12968.0,112,1,135.95,2,1,1,211,Lost Customer,Yes,1,0.5239998427665075
12970.0,7,4,405.47,5,4,2,542,Loyal Customer,No,0,0.21362391260925834
12971.0,4,86,11189.91,5,5,5,555,Champion,No,0,6.524622983216236e-18
12974.0,198,1,144.8,1,1,1,111,Lost Customer,Yes,1,0.5239866440323792
12976.0,212,1,738.6,1,1,3,113,Lost Customer,Yes,1,0.5231009855499853
12977.0,156,1,39.24,2,1,1,211,Lost Customer,Yes,1,0.5241440721684024
12980.0,158,9,7374.900000000001,2,5,5,255,At Risk,Yes,1,0.024738215680832763
12981.0,30,2,372.22,4,2,2,422,Potential Loyalist,No,0,0.40824317079716255
12982.0,243,1,390.54,1,1,2,112,Lost Customer,Yes,1,0.5236201384077397
12984.0,19,1,97.5,4,1,1,411,Lost Customer,No,0,0.5240571860298362
12985.0,1,2,1239.38,5,2,4,524,Potential Loyalist,No,0,0.4069911714391785
12987.0,74,2,558.7,2,2,3,223,Lost Customer,No,0,0.4079738312053592
12988.0,292,1,505.82,1,1,3,113,Lost Customer,Yes,1,0.5234481968083491
12989.0,3,15,6924.11,5,5,5,555,Champion,No,0,0.001551437339565391
12990.0,31,3,409.5,4,3,2,432,Potential Loyalist,No,0,0.3020934194104764
12991.0,23,2,503.76,4,2,3,423,Potential Loyalist,No,0,0.40805317723439777
12993.0,23,4,414.76,4,4,2,442,Loyal Customer,No,0,0.21361458137322903
12994.0,4,3,974.42,5,3,4,534,Potential Loyalist,No,0,0.3013817388953249
12995.0,85,1,211.32,2,1,1,211,Lost Customer,No,0,0.5238874362048386
12997.0,22,4,1226.89,4,4,4,444,Champion,No,0,0.21279999393379387
12999.0,196,3,455.88,1,3,2,132,At Risk,Yes,1,0.30203495444863143
13000.0,107,3,534.85,2,3,3,233,At Risk,Yes,1,0.30193542247370775
13001.0,4,13,9785.97,5,5,5,555,Champion,No,0,0.003863363634336925
13002.0,318,1,120.95,1,1,1,111,Lost Customer,Yes,1,0.5240222134257441
13003.0,106,3,149.05,2,3,1,231,At Risk,Yes,1,0.3024218525023739
13004.0,12,18,5655.91,5,5,5,555,Champion,No,0,0.00038683800064990187
13005.0,174,2,513.7,2,2,3,223,Lost Customer,Yes,1,0.4080388212269749
13006.0,56,1,81.57,3,1,1,311,Lost Customer,No,0,0.5240809434041582
13008.0,323,1,229.47,1,1,1,111,Lost Customer,Yes,1,0.5238603669945623
13011.0,372,1,50.55,1,1,1,111,Lost Customer,Yes,1,0.5241272050970637
13012.0,9,8,1646.84,5,5,4,554,Champion,No,0,0.04014772347633841
13013.0,1,13,4810.9400000000005,5,5,5,555,Champion,No,0,0.003979550031454532
13014.0,11,10,3466.28,5,5,5,555,Champion,No,0,0.016034011575512357
13015.0,53,5,3339.64,3,4,5,345,Loyal Customer,No,0,0.14348324108770077
13016.0,73,3,789.89,2,3,3,233,At Risk,No,0,0.3016141030836776
13017.0,7,1,204.0,5,1,1,511,Lost Customer,No,0,0.5238983533342354
13018.0,16,28,7277.7,4,5,5,455,Champion,No,0,3.631913175679924e-06
13021.0,4,9,2616.38,5,5,5,555,Champion,No,0,0.025434032260403885
13023.0,64,2,689.9,3,2,3,323,Lost Customer,No,0,0.40778436756514086
13026.0,1,5,975.36,5,4,4,544,Champion,No,0,0.14522935776047402
13027.0,114,6,6912.0,2,5,5,255,At Risk,Yes,1,0.09330697276832828
13028.0,23,2,661.3199999999999,4,2,3,423,Potential Loyalist,No,0,0.4078256371132121
13029.0,31,3,1247.5,4,3,4,434,Potential Loyalist,No,0,0.30103805747993767
13030.0,11,2,752.44,5,2,3,523,Potential Loyalist,No,0,0.40769406428165217
13032.0,52,2,1010.18,3,2,4,324,Lost Customer,No,0,0.4073219720167555
13033.0,357,1,190.55,1,1,1,111,Lost Customer,Yes,1,0.5239184127542537
13034.0,55,2,642.77,3,2,3,323,Lost Customer,No,0,0.40785242402725236
13035.0,74,2,921.88,2,2,3,223,Lost Customer,No,0,0.4074494363900991
13037.0,138,3,881.07,2,3,3,233,At Risk,Yes,1,0.3014992745238139
13038.0,80,3,908.46,2,3,3,233,At Risk,No,0,0.3014647854722464
13040.0,9,2,676.99,5,2,3,523,Potential Loyalist,No,0,0.40780300945678494
13043.0,273,1,516.42,1,1,3,113,Lost Customer,Yes,1,0.523432386492669
13044.0,291,1,560.47,1,1,3,113,Lost Customer,Yes,1,0.5233666836875182
13045.0,99,1,305.28000000000003,2,1,2,212,Lost Customer,Yes,1,0.5237473011925202
13046.0,31,2,629.31,4,2,3,423,Potential Loyalist,No,0,0.40787186112817864
13047.0,32,10,3237.54,4,5,5,455,Champion,No,0,0.01605560403427771
13048.0,14,4,1819.41,4,4,4,444,Champion,No,0,0.21220711257888988
13049.0,64,2,656.6800000000001,3,2,3,323,Lost Customer,No,0,0.4078323374004577
13050.0,15,17,5836.86,4,5,5,455,Champion,No,0,0.0006155944790227583
13052.0,212,1,348.15000000000003,1,1,2,112,Lost Customer,Yes,1,0.5236833622310036
13055.0,78,3,1214.41,2,3,4,234,At Risk,No,0,0.30107969060399464
13058.0,25,3,271.40000000000003,4,3,2,432,Potential Loyalist,No,0,0.30226754130984385
13059.0,250,1,183.4,1,1,1,111,Lost Customer,Yes,1,0.5239290762806952
13060.0,254,1,307.53000000000003,1,1,2,112,Lost Customer,Yes,1,0.5237439454231142
13061.0,72,1,248.61,3,1,1,311,Lost Customer,No,0,0.5238318211300441
13062.0,191,1,346.98,1,1,2,112,Lost Customer,Yes,1,0.5236851072514641
13064.0,13,4,1105.59,5,4,4,544,Champion,No,0,0.2129215168441008
13065.0,373,1,205.86,1,1,1,111,Lost Customer,Yes,1,0.5238955793117165
13066.0,24,2,470.8,4,2,2,422,Potential Loyalist,No,0,0.40810078137559397
13067.0,82,1,115.46,2,1,1,211,Lost Customer,No,0,0.5240304010629323
13068.0,10,2,344.0,5,2,2,522,Potential Loyalist,No,0,0.40828393473636854
13069.0,1,24,4431.44,5,5,5,555,Champion,No,0,2.3815366731384584e-05
13070.0,192,1,228.8,1,1,1,111,Lost Customer,Yes,1,0.5238613662461399
13072.0,267,1,177.15,1,1,1,111,Lost Customer,Yes,1,0.5239383975271964
13075.0,130,1,919.61,2,1,3,213,Lost Customer,Yes,1,0.522830978220538
13077.0,1,4,728.02,5,4,3,543,Loyal Customer,No,0,0.21330010467834065
13078.0,3,26,12627.94,5,5,5,555,Champion,No,0,8.931193962819628e-06
13079.0,4,5,220.1,5,4,1,541,Loyal Customer,No,0,0.14579085330408972
13080.0,179,1,58.08,2,1,1,211,Lost Customer,Yes,1,0.5241159752657276
13081.0,12,11,28337.38,5,5,5,555,Champion,No,0,0.008736384134534128
13082.0,126,9,3613.63,2,5,5,255,At Risk,Yes,1,0.025286647625576312
13083.0,4,2,303.75,5,2,2,522,Potential Loyalist,No,0,0.4083420782572223
13085.0,158,2,416.08,2,2,2,222,Lost Customer,Yes,1,0.4081798173008979
13089.0,3,97,58762.08,5,5,5,555,Champion,No,0,2.919695567043394e-20
13090.0,9,14,8910.82,5,5,5,555,Champion,No,0,0.0024407487374653756
13091.0,28,1,345.82,4,1,2,412,Lost Customer,No,0,0.5236868373566488
13092.0,71,5,477.83,3,4,2,342,Loyal Customer,No,0,0.14559904270889973
13093.0,276,8,7832.47,1,5,5,155,At Risk,Yes,1,0.038746438597540324
13094.0,21,12,1927.32,4,5,4,454,Champion,No,0,0.0064355363798815415
13095.0,71,1,74.39999999999999,3,1,1,311,Lost Customer,No,0,0.5240916364240843
13097.0,33,10,6003.22,4,5,5,455,Champion,No,0,0.015796438205616967
13098.0,1,28,28882.44,5,5,5,555,Champion,No,0,3.1917801900320636e-06
13099.0,99,1,207.36,2,1,1,211,Lost Customer,Yes,1,0.5238933421957079
13101.0,234,1,101.19,1,1,1,111,Lost Customer,Yes,1,0.5240516828936955
13102.0,1,24,6424.09,5,5,5,555,Champion,No,0,2.3533305356794297e-05
13103.0,40,1,243.94,3,1,1,311,Lost Customer,No,0,0.5238387860967271
13104.0,3,6,1098.48,5,5,4,554,Champion,No,0,0.09628962633726891
13106.0,133,1,76.5,2,1,1,211,Lost Customer,Yes,1,0.5240885045795309
13107.0,44,4,1531.62,3,4,4,344,Loyal Customer,No,0,0.21249492724317037
13108.0,373,1,350.06,1,1,2,112,Lost Customer,Yes,1,0.5236805135211463
13109.0,60,2,786.54,3,2,3,323,Lost Customer,No,0,0.4076448289482763
13110.0,31,7,1488.67,4,5,4,454,Champion,No,0,0.062539594546988
13113.0,1,24,12245.96,5,5,5,555,Champion,No,0,2.2728207538906836e-05
13115.0,12,4,2294.78,5,4,5,545,Champion,No,0,0.21173232586137392
13116.0,138,1,501.14,2,1,3,213,Lost Customer,Yes,1,0.5234551771969235
13117.0,22,8,984.91,4,5,4,454,Champion,No,0,0.0403005216554225
13118.0,20,5,1197.81,4,4,4,444,Champion,No,0,0.1450643206238111
13120.0,239,1,30.6,1,1,1,111,Lost Customer,Yes,1,0.5241569573210701
13121.0,269,1,283.73,1,1,2,112,Lost Customer,Yes,1,0.5237794418975041
13122.0,94,2,922.39,2,2,3,223,Lost Customer,Yes,1,0.40744870015012097
13124.0,90,3,3756.33,2,3,5,235,At Risk,No,0,0.2978910775585149
13126.0,5,8,2099.64,5,5,5,555,Champion,No,0,0.04004352021418831
13127.0,78,1,259.17,2,1,2,212,Lost Customer,No,0,0.5238160716208847
13130.0,94,1,64.0,2,1,1,211,Lost Customer,Yes,1,0.5241071464834636
13131.0,23,3,1073.3,4,3,4,434,Potential Loyalist,No,0,0.30125726894322363
13132.0,262,1,77.3,1,1,1,111,Lost Customer,Yes,1,0.5240873114953931
13133.0,274,2,109.8,1,2,1,121,Lost Customer,Yes,1,0.40862228651177934
13134.0,86,4,1793.58,2,4,4,244,At Risk,No,0,0.21223293315372585
13135.0,197,1,3096.0,1,1,5,115,Lost Customer,Yes,1,0.5195835212846054
13136.0,56,5,2607.61,3,4,5,345,Loyal Customer,No,0,0.14402199901382837
13137.0,11,8,3603.29,5,5,5,555,Champion,No,0,0.039699340252278704
13138.0,22,6,962.39,4,5,4,454,Champion,No,0,0.09636045806862227
13139.0,16,7,5064.9400000000005,4,5,5,455,Champion,No,0,0.06129757510461505
13140.0,108,3,422.47,2,3,2,232,At Risk,Yes,1,0.30207706924793826
13141.0,85,5,2388.75,2,4,5,245,At Risk,No,0,0.14418340154331125
13142.0,19,1,307.09000000000003,4,1,2,412,Lost Customer,No,0,0.5237446016626334
13144.0,333,1,110.95,1,1,1,111,Lost Customer,Yes,1,0.5240371271450203
13145.0,40,4,618.52,3,4,3,343,Loyal Customer,No,0,0.2134099915981836
13146.0,26,1,228.91,4,1,1,411,Lost Customer,No,0,0.5238612021899238
13147.0,10,4,712.8,5,4,3,543,Loyal Customer,No,0,0.21331537599034184
13148.0,29,12,3683.26,4,5,5,455,Champion,No,0,0.006368749374223403
13149.0,14,4,1676.06,4,4,4,444,Champion,No,0,0.21235043924911562
13151.0,296,1,1257.87,1,1,4,114,Lost Customer,Yes,1,0.5223263700129511
13153.0,6,1,486.22,5,1,2,512,Lost Customer,No,0,0.5234774308531597
13155.0,33,4,971.76,4,4,4,444,Champion,No,0,0.2130556515096341
13157.0,49,4,1741.22,3,4,4,344,Loyal Customer,No,0,0.21228528109008352
13158.0,95,4,1201.06,2,4,4,244,At Risk,Yes,1,0.21282586715938948
13159.0,9,4,1429.35,5,4,4,544,Champion,No,0,0.21259727462445116
13160.0,22,1,91.8,4,1,1,411,Lost Customer,No,0,0.5240656867977581
13161.0,313,1,112.75,1,1,1,111,Lost Customer,Yes,1,0.5240344426787136
13162.0,122,4,1688.29,2,4,4,244,At Risk,Yes,1,0.21233820848117882
13165.0,46,2,1021.48,3,2,4,324,Lost Customer,No,0,0.40730566094139126
13166.0,283,1,417.2,1,1,2,112,Lost Customer,Yes,1,0.5235803751718046
13167.0,19,4,791.33,4,4,3,443,Loyal Customer,No,0,0.2132365897893326
13168.0,36,4,1299.59,3,4,4,344,Loyal Customer,No,0,0.21272718459387044
13169.0,64,2,712.88,3,2,3,323,Lost Customer,No,0,0.4077511853659064
13170.0,27,1,108.81,4,1,1,411,Lost Customer,No,0,0.5240403186753776
13171.0,22,3,468.41,4,3,2,432,Potential Loyalist,No,0,0.30201916068204565
13173.0,4,2,353.65000000000003,5,2,2,522,Potential Loyalist,No,0,0.4082699951183621
13174.0,16,3,2742.82,4,3,5,435,Potential Loyalist,No,0,0.2991601053952616
13176.0,46,1,481.49,3,1,2,312,Lost Customer,No,0,0.5234844857796818
13177.0,65,1,282.45,3,1,2,312,Lost Customer,No,0,0.5237813509447845
13178.0,26,11,5725.47,4,5,5,455,Champion,No,0,0.009988513438678395
13182.0,45,1,121.18,3,1,1,311,Lost Customer,No,0,0.5240218704096966
13183.0,8,9,3957.78,5,5,5,555,Champion,No,0,0.025235978668709608
13184.0,15,10,1668.95,4,5,4,454,Champion,No,0,0.01620444736572392
13185.0,268,1,71.4,1,1,1,111,Lost Customer,Yes,1,0.524096110484445
13186.0,40,3,1575.89,3,3,4,334,Lost Customer,No,0,0.3006250620083424
13187.0,337,1,236.02,1,1,1,111,Lost Customer,Yes,1,0.5238505981817655
13188.0,11,1,114.6,5,1,1,511,Lost Customer,No,0,0.5240316836424511
13189.0,19,2,260.68,4,2,2,422,Potential Loyalist,No,0,0.40840429827701413
13192.0,95,2,911.94,2,2,3,223,Lost Customer,Yes,1,0.4074637859346112
13193.0,61,1,112.08,3,1,1,311,Lost Customer,No,0,0.52403544189689
13194.0,136,1,60.7,2,1,1,211,Lost Customer,Yes,1,0.5241120679348954
13196.0,11,4,1797.78,5,4,4,544,Champion,No,0,0.21222873453000915
13198.0,10,6,3401.24,5,5,5,555,Champion,No,0,0.09509812804268183
13199.0,4,38,9817.12,5,5,5,555,Champion,No,0,3.389955612035965e-08
13200.0,19,4,870.09,4,4,3,443,Loyal Customer,No,0,0.21315759414567084
13203.0,10,4,869.46,5,4,3,543,Loyal Customer,No,0,0.21315822594591852
13207.0,15,2,250.26,4,2,2,422,Potential Loyalist,No,0,0.40841935171566773
13208.0,59,6,1217.65,3,5,4,354,Loyal Customer,No,0,0.09622763928531564
13209.0,30,8,5891.61,4,5,5,455,Champion,No,0,0.03918098906304347
13210.0,94,1,353.48,2,1,2,212,Lost Customer,Yes,1,0.523675412686034
13211.0,10,3,1095.42,5,3,4,534,Potential Loyalist,No,0,0.3012294283330365
13212.0,20,3,786.83,4,3,3,433,Potential Loyalist,No,0,0.3016179571600284
13213.0,57,5,1520.58,3,4,4,344,Loyal Customer,No,0,0.1448251323458624
13216.0,268,1,333.74,1,1,2,112,Lost Customer,Yes,1,0.523704854280297
13217.0,122,3,533.98,2,3,3,233,At Risk,Yes,1,0.3019365189003327
13218.0,127,1,62.64,2,1,1,211,Lost Customer,Yes,1,0.5241091747185602
13220.0,78,4,819.2900000000001,2,4,3,243,At Risk,No,0,0.21320854369218648
13221.0,240,2,847.41,1,2,3,123,Lost Customer,Yes,1,0.4075569463221141
13223.0,200,2,163.2,1,2,1,121,Lost Customer,Yes,1,0.4085451312069495
13224.0,60,2,2155.95,3,2,5,325,Lost Customer,No,0,0.40566914668029397
13225.0,3,7,6463.84,5,5,5,555,Champion,No,0,0.060818046122686605
13226.0,273,1,108.21,1,1,1,111,Lost Customer,Yes,1,0.5240412134966207
13227.0,202,1,257.7,1,1,2,112,Lost Customer,Yes,1,0.5238182640269871
13228.0,81,1,358.0,2,1,2,212,Lost Customer,No,0,0.5236686712238638
13229.0,226,1,160.95,1,1,1,111,Lost Customer,Yes,1,0.5239625581204742
13230.0,4,14,2755.63,5,5,5,555,Champion,No,0,0.002532019155930439
13232.0,13,7,1328.35,5,5,4,554,Champion,No,0,0.06259581936150861
13233.0,74,2,605.12,2,2,3,223,Lost Customer,No,0,0.4079067937598688
13235.0,212,1,1031.07,1,1,4,114,Lost Customer,Yes,1,0.5226647099460964
13236.0,25,2,744.85,4,2,3,423,Potential Loyalist,No,0,0.4077050233661167
13238.0,17,4,700.73,4,4,3,443,Loyal Customer,No,0,0.21332748724912962
13239.0,262,1,329.56,1,1,2,112,Lost Customer,Yes,1,0.523711088598783
13240.0,96,4,663.65,2,4,3,243,At Risk,Yes,1,0.2133646971340658
13242.0,112,3,270.40000000000003,2,3,2,232,At Risk,Yes,1,0.3022688023565133
13243.0,203,1,585.12,1,1,3,113,Lost Customer,Yes,1,0.5233299166114918
13244.0,93,1,121.74,2,1,1,211,Lost Customer,Yes,1,0.5240210352400949
13245.0,51,1,430.5,3,1,2,312,Lost Customer,No,0,0.5235605381868685
13246.0,18,6,1961.52,4,5,4,454,Champion,No,0,0.09584151584307336
13247.0,18,4,501.12,4,4,3,443,Loyal Customer,No,0,0.21352785224984136
13248.0,125,2,465.68,2,2,2,222,Lost Customer,Yes,1,0.40810817634840196
13249.0,92,3,711.41,2,3,3,233,At Risk,Yes,1,0.30171295764868783
13253.0,157,2,1030.4,2,2,4,224,Lost Customer,Yes,1,0.4072927854403526
13255.0,9,2,399.51,5,2,2,522,Potential Loyalist,No,0,0.4082037514484059
13258.0,12,3,672.83,5,3,3,533,Potential Loyalist,No,0,0.3017615603309982
13259.0,62,1,283.18,3,1,2,312,Lost Customer,No,0,0.5237802621913425
13260.0,61,1,557.62,3,1,3,313,Lost Customer,No,0,0.5233709346313011
13261.0,269,2,944.1,1,2,4,124,Lost Customer,Yes,1,0.4074173598101941
13262.0,263,1,200.29,1,1,1,111,Lost Customer,Yes,1,0.5239038864607694
13263.0,1,35,7436.93,5,5,5,555,Champion,No,0,1.391167417783091e-07
13265.0,53,5,2092.66,3,4,5,345,Loyal Customer,No,0,0.14440199817756763
13266.0,11,12,3834.26,5,5,5,555,Champion,No,0,0.006363038363075199
13267.0,3,19,4521.49,5,5,5,555,Champion,No,0,0.0002444567026068989
13268.0,18,11,3174.75,4,5,5,455,Champion,No,0,0.010140464401439507
13269.0,1,15,5343.28,5,5,5,555,Champion,No,0,0.0015661483688246148
13270.0,366,1,590.0,1,1,3,113,Lost Customer,Yes,1,0.5233226377445375
13271.0,37,1,211.49,3,1,1,311,Lost Customer,No,0,0.5238871826646769
13272.0,31,2,276.56,4,2,2,422,Potential Loyalist,No,0,0.4083813572825318
13273.0,113,1,138.98,2,1,1,211,Lost Customer,Yes,1,0.5239953238816468
13276.0,64,2,590.9300000000001,3,2,3,323,Lost Customer,No,0,0.40792728588555527
13277.0,16,4,258.4,4,4,2,442,Loyal Customer,No,0,0.21377167496860588
13278.0,41,1,542.73,3,1,3,313,Lost Customer,No,0,0.5233931438930475
13279.0,78,1,137.75,2,1,1,211,Lost Customer,No,0,0.5239971582809255
13280.0,122,3,798.46,2,3,3,233,At Risk,Yes,1,0.30160330929980045
13282.0,18,3,1132.14,4,3,4,434,Potential Loyalist,No,0,0.30118321514520874
13283.0,60,2,93.66,3,2,1,321,Lost Customer,No,0,0.4086456073721635
13284.0,331,1,201.19,1,1,1,111,Lost Customer,Yes,1,0.5239025441934161
13285.0,23,4,2709.12,4,4,5,445,Champion,No,0,0.2113191283660695
13291.0,156,1,361.11,2,1,2,212,Lost Customer,Yes,1,0.5236640327349282
13292.0,39,2,578.94,3,2,3,323,Lost Customer,No,0,0.4079446011870563
13294.0,190,2,873.74,1,2,3,123,Lost Customer,Yes,1,0.4075189335401455
13295.0,360,1,201.2,1,1,1,111,Lost Customer,Yes,1,0.5239025292793325
13296.0,137,1,87.4,2,1,1,211,Lost Customer,Yes,1,0.5240722487845121
13297.0,8,4,2089.85,5,4,5,545,Champion,No,0,0.21193690908027477
13298.0,1,1,360.0,5,1,2,512,Lost Customer,No,0,0.5236656882732483
13299.0,268,1,142.5,1,1,1,111,Lost Customer,Yes,1,0.5239900742150932
13300.0,169,1,371.89,2,1,2,212,Lost Customer,Yes,1,0.5236479545969912
13301.0,104,4,618.09,2,4,3,243,At Risk,Yes,1,0.21341042319889866
13302.0,155,1,63.75,2,1,1,211,Lost Customer,Yes,1,0.5241075193208572
13304.0,351,1,300.42,1,1,2,112,Lost Customer,Yes,1,0.5237545496471191
13305.0,4,10,2000.86,5,5,4,554,Champion,No,0,0.016172839679991325
13307.0,120,1,15.0,2,1,1,211,Lost Customer,Yes,1,0.5241802220985857
13308.0,23,3,1385.51,4,3,4,434,Potential Loyalist,No,0,0.3008644516236901
13309.0,7,5,1456.79,5,4,4,544,Champion,No,0,0.14487237785176962
13310.0,28,3,1132.03,4,3,4,434,Potential Loyalist,No,0,0.30118335357738313
13311.0,4,2,598.57,5,2,3,523,Potential Loyalist,No,0,0.4079162527351071
13313.0,22,5,1555.3200000000002,4,4,4,444,Champion,No,0,0.1447994078518309
13314.0,2,3,775.94,5,3,3,533,Potential Loyalist,No,0,0.3016316733645907
13316.0,37,4,5732.93,3,4,5,345,Loyal Customer,No,0,0.20832153871119155
13317.0,66,6,2273.68,3,5,5,355,Loyal Customer,No,0,0.09567989473637602
13318.0,1,3,640.76,5,3,3,533,Potential Loyalist,No,0,0.30180196516662594
13319.0,5,26,10845.55,5,5,5,555,Champion,No,0,9.02688578679375e-06
13320.0,78,4,1532.2,2,4,4,244,At Risk,No,0,0.2124943469069284
13321.0,72,2,567.36,3,2,3,323,Lost Customer,No,0,0.40796132460596773
13322.0,17,1,199.48,4,1,1,411,Lost Customer,No,0,0.5239050945010921
13323.0,3,5,787.85,5,4,3,543,Loyal Customer,No,0,0.14536859371233768
13324.0,36,10,7121.95,3,5,5,355,Loyal Customer,No,0,0.015692777634169458
13325.0,82,1,675.3,2,1,3,213,Lost Customer,No,0,0.5231954051326346
13327.0,39,8,3627.77,3,5,5,355,Loyal Customer,No,0,0.03969376039776991
13328.0,316,1,1308.48,1,1,4,114,Lost Customer,Yes,1,0.522250867276413
13329.0,32,2,789.0,4,2,3,423,Potential Loyalist,No,0,0.4076412771454833
13330.0,93,3,1140.93,2,3,4,234,At Risk,Yes,1,0.3011721532730423
13332.0,14,1,350.90000000000003,4,1,2,412,Lost Customer,No,0,0.5236792606849098
13334.0,82,3,3502.32,2,3,5,235,At Risk,No,0,0.29820883538567017
13336.0,77,1,795.12,2,1,3,213,Lost Customer,No,0,0.5230166777593371
13338.0,158,1,487.02,2,1,2,212,Lost Customer,Yes,1,0.5234762376299886
13339.0,201,1,860.12,1,1,3,113,Lost Customer,Yes,1,0.5229197191955747
13340.0,45,7,10736.48,3,5,5,355,Loyal Customer,No,0,0.05937506808005082
13341.0,261,1,775.85,1,1,3,113,Lost Customer,Yes,1,0.5230454219112827
13343.0,178,1,353.43,2,1,2,212,Lost Customer,Yes,1,0.5236754872596824
13344.0,68,3,2511.69,3,3,5,335,Lost Customer,No,0,0.29944993951394067
13345.0,288,1,389.5,1,1,2,112,Lost Customer,Yes,1,0.5236216895556646
13347.0,70,1,341.36,3,1,2,312,Lost Customer,No,0,0.523693489307495
13348.0,64,1,233.76,3,1,1,311,Lost Customer,No,0,0.5238539687970983
13349.0,11,1,247.32,5,1,1,511,Lost Customer,No,0,0.5238337450725171
13350.0,16,2,979.12,4,2,4,424,Potential Loyalist,No,0,0.4073668068744624
13351.0,66,1,373.94,3,1,2,312,Lost Customer,No,0,0.5236448970605742
13352.0,60,1,397.98,3,1,2,312,Lost Customer,No,0,0.5236090417208347
13354.0,71,1,743.53,3,1,3,313,Lost Customer,No,0,0.5230936317911392
13355.0,122,1,674.7,2,1,3,213,Lost Customer,Yes,1,0.5231963000970611
13356.0,80,1,768.24,2,1,3,213,Lost Customer,No,0,0.5230567733480393
13357.0,257,1,609.4,1,1,3,113,Lost Customer,Yes,1,0.5232937011673051
13358.0,269,1,439.03,1,1,2,112,Lost Customer,Yes,1,0.5235478156303325
13359.0,64,1,439.56,3,1,2,312,Lost Customer,No,0,0.5235470251305003
13362.0,9,4,3090.74,5,4,5,545,Champion,No,0,0.21093908314162713
13363.0,18,2,992.5,4,2,4,424,Potential Loyalist,No,0,0.40734749276396726
13364.0,71,1,134.96,3,1,1,311,Lost Customer,No,0,0.5240013192329864
13365.0,34,2,2225.37,3,2,5,325,Lost Customer,No,0,0.4055690734176787
13366.0,50,1,56.16,3,1,1,311,Lost Customer,No,0,0.5241188386513334
13368.0,257,2,623.4,1,2,3,123,Lost Customer,Yes,1,0.407880395637261
13369.0,366,1,308.28000000000003,1,1,2,112,Lost Customer,Yes,1,0.5237428268328358
13370.0,372,1,754.87,1,1,3,113,Lost Customer,Yes,1,0.5230767166161616
13372.0,90,1,378.64,2,1,2,212,Lost Customer,No,0,0.5236378870923432
13373.0,61,3,3312.25,3,3,5,335,Lost Customer,No,0,0.2984467339087469
13375.0,89,1,778.65,2,1,3,213,Lost Customer,No,0,0.5230412452925552
13376.0,99,3,1019.76,2,3,4,234,At Risk,Yes,1,0.3013246613612135
13379.0,26,3,572.56,4,3,3,433,Potential Loyalist,No,0,0.30188790022217543
13381.0,32,6,3639.31,4,5,5,455,Champion,No,0,0.09497570081504937
13382.0,281,1,222.99,1,1,1,111,Lost Customer,Yes,1,0.5238700313898673
13384.0,31,7,4151.93,4,5,5,455,Champion,No,0,0.06161244943171429
13385.0,330,1,534.57,1,1,3,113,Lost Customer,Yes,1,0.5234053149468847
13388.0,131,2,677.1,2,2,3,223,Lost Customer,Yes,1,0.40780285061692817
13389.0,11,3,797.96,5,3,3,533,Potential Loyalist,No,0,0.3016039390361218
13390.0,75,1,544.08,2,1,3,213,Lost Customer,No,0,0.5233911302969028
13391.0,204,1,59.8,1,1,1,111,Lost Customer,Yes,1,0.5241134101481096
13394.0,2,8,2520.02,5,5,5,555,Champion,No,0,0.0399470098391621
13395.0,185,1,307.72,1,1,2,112,Lost Customer,Yes,1,0.5237436620469328
13396.0,29,2,1360.99,4,2,4,424,Potential Loyalist,No,0,0.4068156879536643
13397.0,73,5,1544.13,2,4,4,244,At Risk,No,0,0.14480769347909472
13398.0,192,1,457.34,1,1,2,112,Lost Customer,Yes,1,0.5235205060300596
13402.0,127,2,621.23,2,2,3,223,Lost Customer,Yes,1,0.40788352930344274
13403.0,18,1,75.0,4,1,1,411,Lost Customer,No,0,0.5240907416115481
13404.0,1,2,252.49,5,2,2,522,Potential Loyalist,No,0,0.40841613009198663
13405.0,74,3,572.451,2,3,3,233,At Risk,No,0,0.3018880375781744
13408.0,2,62,28117.04,5,5,5,555,Champion,No,0,4.232883755994648e-13
13410.0,24,5,1003.06,4,4,4,444,Champion,No,0,0.14520879845355467
13411.0,107,1,213.55,2,1,1,211,Lost Customer,Yes,1,0.5238841103535045
13414.0,134,3,1390.5,2,3,4,234,At Risk,Yes,1,0.3008581756598472
13416.0,44,2,712.5,3,2,3,323,Lost Customer,No,0,0.4077517340638413
13417.0,5,2,640.83,5,2,3,523,Potential Loyalist,No,0,0.407855225493558
13418.0,12,18,6127.43,5,5,5,555,Champion,No,0,0.00038574932171204503
13419.0,64,1,221.06,3,1,1,311,Lost Customer,No,0,0.5238729098251377
13420.0,150,2,159.85,2,2,1,221,Lost Customer,Yes,1,0.4085499713417668
13421.0,40,2,1833.71,3,2,4,324,Lost Customer,No,0,0.40613377825197366
13422.0,64,1,2626.3,3,1,5,315,Lost Customer,No,0,0.520284524256976
13425.0,108,3,1624.21,2,3,4,234,At Risk,Yes,1,0.30056432024983765
13426.0,1,10,3641.32,5,5,5,555,Champion,No,0,0.0160175075523541
13427.0,19,3,582.6,4,3,3,433,Potential Loyalist,No,0,0.3018752485006183
13428.0,10,1,201.78,5,1,1,511,Lost Customer,No,0,0.5239016642624083
13429.0,11,4,1006.8,5,4,4,544,Champion,No,0,0.21302052578660402
13430.0,19,2,679.45,4,2,3,423,Potential Loyalist,No,0,0.40779945722458893
13431.0,67,2,1269.1,3,2,4,324,Lost Customer,No,0,0.40694828322340815
13434.0,74,2,534.24,2,2,3,223,Lost Customer,No,0,0.4080091564935518
13435.0,5,7,3809.89,5,5,5,555,Champion,No,0,0.061730799146352135
13436.0,2,1,196.89,5,1,1,511,Lost Customer,No,0,0.523908957245432
13437.0,14,7,3408.06,4,5,5,455,Champion,No,0,0.061870108177611294
13439.0,255,1,283.71,1,1,2,112,Lost Customer,Yes,1,0.5237794717263732
13441.0,92,1,296.64,2,1,2,212,Lost Customer,Yes,1,0.523760187327111
13447.0,23,3,1129.14,4,3,4,434,Potential Loyalist,No,0,0.30118699058111653
13448.0,17,6,3534.69,4,5,5,455,Champion,No,0,0.09502948414685107
13449.0,24,1,291.88,4,1,2,412,Lost Customer,No,0,0.5237672866192281
13450.0,27,6,2043.72,4,5,4,454,Champion,No,0,0.09579893306519076
13451.0,26,5,2898.26,4,4,5,445,Champion,No,0,0.14380788589914056
13452.0,259,2,590.0,1,2,3,123,Lost Customer,Yes,1,0.40792862893245707
13453.0,166,2,356.98,2,2,2,222,Lost Customer,Yes,1,0.4082651849010042
13455.0,25,2,1058.34,4,2,4,424,Potential Loyalist,No,0,0.40725245649999325
13456.0,18,6,1766.72,4,5,4,454,Champion,No,0,0.09594249734769708
13458.0,7,14,9646.57,5,5,5,555,Champion,No,0,0.0024300608477323083
13460.0,29,2,183.44,4,2,1,421,Potential Loyalist,No,0,0.4085158885010167
13461.0,39,3,1445.0,3,3,4,334,Lost Customer,No,0,0.30078963541954407
13462.0,253,1,151.5,1,1,1,111,Lost Customer,Yes,1,0.5239766517480976
13464.0,58,1,674.68,3,1,3,313,Lost Customer,No,0,0.5231963299292061
13466.0,184,1,307.90000000000003,1,1,2,112,Lost Customer,Yes,1,0.5237433935852732
13467.0,11,2,1071.91,5,2,4,524,Potential Loyalist,No,0,0.4072328698456006
13468.0,2,37,5704.97,5,5,5,555,Champion,No,0,5.5361418044884576e-08
13470.0,99,2,165.0,2,2,1,221,Lost Customer,Yes,1,0.4085425305448193
13471.0,1,4,2501.84,5,4,5,545,Champion,No,0,0.21152576298399223
13473.0,61,2,422.64,3,2,2,322,Lost Customer,No,0,0.4081703419832184
13474.0,236,1,226.84,1,1,1,111,Lost Customer,Yes,1,0.5238642894287623
13475.0,191,4,1431.78,1,4,4,144,At Risk,Yes,1,0.21259484236851423
13476.0,179,2,1238.47,2,2,4,224,Lost Customer,Yes,1,0.406992484660621
13477.0,38,6,1454.58,3,5,4,354,Loyal Customer,No,0,0.09610450450979852
13479.0,201,2,300.95,1,2,2,122,Lost Customer,Yes,1,0.4083461231193404
13481.0,46,5,1804.56,3,4,4,344,Loyal Customer,No,0,0.14461496033433574
13482.0,232,1,184.64,1,1,1,111,Lost Customer,Yes,1,0.5239272269434073
13483.0,66,1,140.34,3,1,1,311,Lost Customer,No,0,0.523993295602016
13484.0,241,1,313.8,1,1,2,112,Lost Customer,Yes,1,0.5237345940010587
13485.0,233,1,454.24,1,1,2,112,Lost Customer,Yes,1,0.5235251297297877
13486.0,78,3,1122.41,2,3,4,234,At Risk,No,0,0.3011954602403008
13487.0,58,3,575.4,3,3,3,333,Lost Customer,No,0,0.30188432141782456
13488.0,17,13,8968.31,4,5,5,455,Champion,No,0,0.0038822244863843413
13489.0,105,4,449.52,2,4,2,242,At Risk,Yes,1,0.21357966971568498
13491.0,52,10,1215.82,3,5,4,354,Loyal Customer,No,0,0.016247696904439352
13492.0,136,3,1269.84,2,3,4,234,At Risk,Yes,1,0.3010099516273328
13493.0,275,2,618.63,1,2,3,123,Lost Customer,Yes,1,0.4078872839363821
13494.0,312,1,316.26000000000005,1,1,2,112,Lost Customer,Yes,1,0.5237309250175246
13495.0,8,5,2044.87,5,4,4,544,Champion,No,0,0.1444373062760818
13496.0,11,2,653.33,5,2,3,523,Potential Loyalist,No,0,0.40783717491362775
13497.0,283,2,348.05,1,2,2,122,Lost Customer,Yes,1,0.4082780844123981
13499.0,18,5,1159.11,4,4,4,444,Champion,No,0,0.14509302121813097
13500.0,23,3,1166.77,4,3,4,434,Potential Loyalist,No,0,0.30113963597967675
13501.0,288,1,1340.32,1,1,4,114,Lost Customer,Yes,1,0.5222033661202505
13502.0,17,3,292.0,4,3,2,432,Potential Loyalist,No,0,0.30224156441187683
13503.0,71,1,216.85,3,1,1,311,Lost Customer,No,0,0.5238791886862084
13504.0,64,1,295.93,3,1,2,312,Lost Customer,No,0,0.5237612462557463
13505.0,73,4,4393.63,2,4,5,245,At Risk,No,0,0.20964534474569851
13506.0,316,2,458.52,1,2,2,122,Lost Customer,Yes,1,0.4081185178254633
13507.0,3,4,2479.16,5,4,5,545,Champion,No,0,0.21154838133934933
13508.0,244,1,110.97,1,1,1,111,Lost Customer,Yes,1,0.5240370973176245
13509.0,9,7,979.72,5,5,4,554,Champion,No,0,0.06271824804730225
13510.0,1,4,1791.56,5,4,4,544,Champion,No,0,0.21223495251341104
13512.0,261,1,251.21,1,1,2,112,Lost Customer,Yes,1,0.5238279434143831
13513.0,127,1,205.1,2,1,1,211,Lost Customer,Yes,1,0.5238967127834615
13514.0,74,1,152.20000000000002,2,1,1,211,Lost Customer,No,0,0.5239756077769904
13515.0,73,4,891.12,2,4,3,243,At Risk,No,0,0.21313650483517343
13516.0,21,3,1389.41,4,3,4,434,Potential Loyalist,No,0,0.30085954655540265
13517.0,60,3,2128.42,3,3,5,335,Lost Customer,No,0,0.2999309094085769
13518.0,86,1,627.16,2,1,3,213,Lost Customer,No,0,0.5232672106378422
13519.0,78,1,122.75,2,1,1,211,Lost Customer,No,0,0.5240195289517237
13520.0,59,6,3624.35,3,5,5,355,Loyal Customer,No,0,0.09498338982247174
13521.0,1,3,1071.73,5,3,4,534,Potential Loyalist,No,0,0.30125924502769785
13522.0,30,1,125.8,4,1,1,411,Lost Customer,No,0,0.5240149802564652
13523.0,33,5,3964.88,4,4,5,445,Champion,No,0,0.14302440767100483
13524.0,41,5,680.1800000000001,3,4,3,343,Loyal Customer,No,0,0.1454485943604995
13525.0,15,2,628.78,4,2,3,423,Potential Loyalist,No,0,0.40787262648797706
13527.0,34,7,2242.36,3,5,5,355,Loyal Customer,No,0,0.06227590380551797
13529.0,79,2,307.76,2,2,2,222,Lost Customer,No,0,0.408336285458452
13531.0,205,2,483.8,1,2,2,122,Lost Customer,Yes,1,0.40808200526440747
13532.0,34,1,210.31,3,1,1,311,Lost Customer,No,0,0.5238889425314274
13533.0,183,3,269.09,1,3,2,132,At Risk,Yes,1,0.302270454332162
13534.0,2,25,5870.08,5,5,5,555,Champion,No,0,1.481803051283736e-05
13536.0,1,7,3444.39,5,5,5,555,Champion,No,0,0.06185750099278597
13538.0,43,7,1280.85,3,5,4,354,Loyal Customer,No,0,0.06261248684304845
13539.0,86,3,631.34,2,3,3,233,At Risk,No,0,0.30181383396199063
13544.0,40,2,276.06,3,2,2,322,Lost Customer,No,0,0.4083820795999504
13546.0,12,3,621.09,5,3,3,533,Potential Loyalist,No,0,0.3018267488227342
13548.0,96,2,678.16,2,2,3,223,Lost Customer,Yes,1,0.40780131997929514
13549.0,26,7,918.2,4,5,3,453,Loyal Customer,No,0,0.06273987525597963
13551.0,319,1,91.8,1,1,1,111,Lost Customer,Yes,1,0.5240656867977581
13552.0,66,12,3740.07,3,5,5,355,Loyal Customer,No,0,0.006366600150747772
13555.0,74,4,4098.88,2,4,5,245,At Risk,No,0,0.20993751327877969
13557.0,28,2,584.0600000000001,4,2,3,423,Potential Loyalist,No,0,0.40793720713543363
13558.0,6,4,594.52,5,4,3,543,Loyal Customer,No,0,0.21343408191337607
13560.0,7,1,171.42000000000002,5,1,1,511,Lost Customer,No,0,0.5239469432313351
13561.0,216,1,141.86,1,1,1,111,Lost Customer,Yes,1,0.5239910287003154
13562.0,82,3,1799.3300000000002,2,3,4,234,At Risk,No,0,0.3003442403201899
13563.0,84,2,777.53,2,2,3,223,Lost Customer,No,0,0.40765783786935594
13564.0,144,3,1724.67,2,3,4,234,At Risk,Yes,1,0.30043805712022603
13565.0,19,2,240.22,4,2,1,421,Potential Loyalist,No,0,0.408433856343055
13566.0,41,2,856.84,3,2,3,323,Lost Customer,No,0,0.4075433320462649
13568.0,173,1,187.05,2,1,1,211,Lost Customer,Yes,1,0.5239236326650274
13569.0,17,2,338.62,4,2,2,422,Potential Loyalist,No,0,0.4082917063180299
13570.0,243,1,239.49,1,1,1,111,Lost Customer,Yes,1,0.5238454229407203
13571.0,13,12,2088.94,5,5,5,555,Champion,No,0,0.0064293602136186
13572.0,206,1,1384.25,1,1,4,114,Lost Customer,Yes,1,0.5221378275908669
13573.0,50,2,290.25,3,2,2,322,Lost Customer,No,0,0.40836158038535914
13575.0,23,5,732.07,4,4,3,443,Loyal Customer,No,0,0.14541003464488494
13576.0,10,18,6717.34,5,5,5,555,Champion,No,0,0.00038439160721010537
13577.0,25,4,1687.6,4,4,4,444,Champion,No,0,0.21233889851080837
13579.0,15,2,467.04,4,2,2,422,Potential Loyalist,No,0,0.40810621205469155
13581.0,309,1,118.0,1,1,1,111,Lost Customer,Yes,1,0.524026612977387
13583.0,156,1,781.03,2,1,3,213,Lost Customer,Yes,1,0.5230376951641034
13584.0,307,1,142.4,1,1,1,111,Lost Customer,Yes,1,0.5239902233534207
13587.0,64,1,712.4,3,1,3,313,Lost Customer,No,0,0.5231400662098097
13588.0,16,9,2478.95,4,5,5,455,Champion,No,0,0.02545440866618998
13589.0,15,2,379.65,4,2,2,422,Potential Loyalist,No,0,0.40823243833277495
13590.0,11,6,1981.92,5,5,4,554,Champion,No,0,0.09583094627600476
13591.0,65,3,1117.13,3,3,4,334,Lost Customer,No,0,0.30120210517922186
13592.0,36,4,247.96,3,4,1,341,Loyal Customer,No,0,0.21378216694512422
13593.0,108,5,2011.88,2,4,4,244,At Risk,Yes,1,0.1444616840587307
13594.0,53,1,396.97,3,1,2,312,Lost Customer,No,0,0.5236105481272794
13596.0,6,2,664.11,5,2,3,523,Potential Loyalist,No,0,0.40782160829319797
13598.0,47,1,160.04,3,1,1,311,Lost Customer,No,0,0.5239639152862767
13599.0,1,21,5149.92,5,5,5,555,Champion,No,0,9.59322942757629e-05
13600.0,312,1,219.52,1,1,1,111,Lost Customer,Yes,1,0.5238752066065473
13601.0,45,2,693.32,3,2,3,323,Lost Customer,No,0,0.4077794291689059
13602.0,65,1,428.89,3,1,2,312,Lost Customer,No,0,0.5235629395100534
13603.0,26,1,164.34,4,1,1,411,Lost Customer,No,0,0.5239575023018973
13606.0,29,3,276.75,4,3,2,432,Potential Loyalist,No,0,0.3022607947608133
13607.0,40,1,675.51,3,1,3,313,Lost Customer,No,0,0.5231950918950502
13610.0,12,7,1082.33,5,5,4,554,Champion,No,0,0.06268219122418132
13611.0,89,3,1154.4,2,3,4,234,At Risk,No,0,0.3011552022520071
13614.0,24,4,1585.46,4,4,4,444,Champion,No,0,0.21244106096299753
13615.0,319,1,417.69,1,1,2,112,Lost Customer,Yes,1,0.523579644336837
13617.0,40,3,544.18,3,3,3,333,Lost Customer,No,0,0.3019236643853886
13618.0,174,1,177.34,2,1,1,211,Lost Customer,Yes,1,0.5239381141615486
13621.0,117,1,213.85,2,1,1,211,Lost Customer,Yes,1,0.5238836629293965
13623.0,31,5,727.74,4,4,3,443,Loyal Customer,No,0,0.1454132519648644
13626.0,253,1,257.23,1,1,2,112,Lost Customer,Yes,1,0.5238189650001731
13627.0,59,5,1638.47,3,4,4,344,Loyal Customer,No,0,0.14473785183068275
13629.0,23,11,7792.36,4,5,5,455,Champion,No,0,0.009867040067564248
13630.0,5,7,2031.78,5,5,4,554,Champion,No,0,0.06234947398422615
13631.0,100,11,3070.42,2,5,5,255,At Risk,Yes,1,0.010146727994707661
13632.0,25,5,2118.93,4,4,5,445,Champion,No,0,0.1443825924922409
13634.0,33,5,1547.36,4,4,4,444,Champion,No,0,0.14480530178753961
13635.0,68,1,1071.03,3,1,4,314,Lost Customer,No,0,0.5226050991727228
13636.0,37,5,949.12,3,4,4,344,Loyal Customer,No,0,0.14524883566462463
13637.0,52,3,804.3,3,3,3,333,Lost Customer,No,0,0.3015959540348864
13638.0,16,1,122.64,4,1,1,411,Lost Customer,No,0,0.5240196930029536
13639.0,74,1,1033.34,2,1,4,214,Lost Customer,No,0,0.52266132366569
13642.0,216,1,312.28,1,1,2,112,Lost Customer,Yes,1,0.5237368610139946
13643.0,31,3,519.44,4,3,3,433,Potential Loyalist,No,0,0.30195484342224044
13644.0,16,4,2624.26,4,4,5,445,Champion,No,0,0.211403706278432
13645.0,120,1,252.1,2,1,2,212,Lost Customer,Yes,1,0.5238266160418238
13647.0,10,4,1648.12,5,4,4,544,Champion,No,0,0.2123783829340412
13649.0,257,2,346.6,1,2,2,122,Lost Customer,Yes,1,0.4082801789698453
13650.0,17,6,1836.34,4,5,4,454,Champion,No,0,0.09590639642938167
13651.0,35,2,94.2,3,2,1,321,Lost Customer,No,0,0.4086448271136797
13652.0,46,3,1095.08,3,3,4,334,Lost Customer,No,0,0.30122985625177295
13654.0,43,6,2707.33,3,5,5,355,Loyal Customer,No,0,0.095455776536571
13655.0,114,2,932.97,2,2,3,223,Lost Customer,Yes,1,0.40743342687333334
13656.0,165,2,379.65,2,2,2,222,Lost Customer,Yes,1,0.40823243833277495
13657.0,11,2,382.14,5,2,2,522,Potential Loyalist,No,0,0.408228841604529
13658.0,10,5,2639.17,5,4,5,545,Champion,No,0,0.1439987368846115
13659.0,206,2,1563.0,1,2,4,124,Lost Customer,Yes,1,0.40652423967744816
13662.0,86,3,881.26,2,3,3,233,At Risk,No,0,0.30149903527111716
13663.0,179,1,189.47,2,1,1,211,Lost Customer,Yes,1,0.5239200234701356
13666.0,60,3,84.65,3,3,1,331,Lost Customer,No,0,0.3025030934811474
13667.0,149,1,299.05,2,1,2,212,Lost Customer,Yes,1,0.5237565929339533
13668.0,3,21,6309.83,5,5,5,555,Champion,No,0,9.526932590482176e-05
13669.0,51,2,218.55,3,2,1,321,Lost Customer,No,0,0.40846516318888293
13670.0,75,1,349.7,2,1,2,212,Lost Customer,No,0,0.5236810504508708
13672.0,301,2,186.39,1,2,1,121,Lost Customer,Yes,1,0.4085116264017921
13673.0,19,2,387.44,4,2,2,422,Potential Loyalist,No,0,0.40822118595062645
13675.0,151,2,486.8200000000001,2,2,2,222,Lost Customer,Yes,1,0.4080776434677496
13678.0,152,1,232.6,2,1,1,211,Lost Customer,Yes,1,0.5238556988466023
13680.0,1,4,3719.12,5,4,5,545,Champion,No,0,0.2103143878778941
13681.0,18,4,827.83,4,4,3,443,Loyal Customer,No,0,0.21319997793113352
13682.0,187,1,59.5,1,1,1,111,Lost Customer,Yes,1,0.5241138575524369
13684.0,286,1,65.13,1,1,1,111,Lost Customer,Yes,1,0.5241054612581092
13685.0,3,7,3119.44,5,5,5,555,Champion,No,0,0.06197034997938085
13686.0,183,1,72.0,1,1,1,111,Lost Customer,Yes,1,0.5240952156726824
13689.0,63,1,910.0,3,1,3,313,Lost Customer,No,0,0.5228453135136261
13690.0,59,1,172.25,3,1,1,311,Lost Customer,No,0,0.5239457053727906
13692.0,25,3,1488.32,4,3,4,434,Potential Loyalist,No,0,0.3007351617080015
13694.0,4,50,65039.62,5,5,5,555,Champion,No,0,9.094422161050745e-11
13695.0,31,15,2504.13,4,5,5,455,Champion,No,0,0.0015929197410126834
13697.0,39,1,151.3,3,1,1,311,Lost Customer,No,0,0.5239769500255183
13699.0,155,1,308.58000000000004,2,1,2,212,Lost Customer,Yes,1,0.5237423793966576
13700.0,26,10,2248.63,4,5,5,455,Champion,No,0,0.016149284156952718
13703.0,318,1,99.5,1,1,1,111,Lost Customer,Yes,1,0.5240542033009457
13704.0,5,9,2308.06,5,5,5,555,Champion,No,0,0.0254797682795579
13705.0,8,3,711.86,5,3,3,533,Potential Loyalist,No,0,0.30171239076960404
13706.0,303,1,330.79,1,1,2,112,Lost Customer,Yes,1,0.5237092540991344
13707.0,267,2,806.41,1,2,3,123,Lost Customer,Yes,1,0.4076161404755485
13708.0,271,1,285.33,1,1,2,112,Lost Customer,Yes,1,0.5237770555874265
13709.0,4,13,6307.650000000001,5,5,5,555,Champion,No,0,0.0039442346722897694
13710.0,32,1,180.48,4,1,1,411,Lost Customer,No,0,0.5239334311691359
13711.0,219,2,252.06,1,2,2,122,Lost Customer,Yes,1,0.40841675130132177
13712.0,247,1,228.84,1,1,1,111,Lost Customer,Yes,1,0.5238613065893346
13715.0,281,5,1077.39,1,4,4,144,At Risk,Yes,1,0.1451536416829491
13716.0,269,1,138.28,1,1,1,111,Lost Customer,Yes,1,0.5239963678487953
13717.0,32,6,1445.01,4,5,4,454,Champion,No,0,0.09610947539972908
13718.0,246,2,306.55,1,2,2,122,Lost Customer,Yes,1,0.40833803340751823
13719.0,15,5,1041.68,4,4,4,444,Champion,No,0,0.1451801382105356
13720.0,117,4,799.9,2,4,3,243,At Risk,Yes,1,0.21322799311393908
13721.0,36,1,524.14,3,1,3,313,Lost Customer,No,0,0.5234208717803707
13722.0,132,3,2375.41,2,3,5,235,At Risk,Yes,1,0.29962090824537696
13723.0,217,1,199.85,1,1,1,111,Lost Customer,Yes,1,0.5239045426802387
13725.0,50,8,1980.56,3,5,4,354,Loyal Customer,No,0,0.04007089905520163
13726.0,39,2,1079.66,3,2,4,324,Lost Customer,No,0,0.40722168378985363
13727.0,29,2,333.48,4,2,2,422,Potential Loyalist,No,0,0.4082991312548653
13728.0,37,6,1016.14,3,5,4,354,Loyal Customer,No,0,0.09633247686331503
13730.0,136,2,752.6,2,2,3,223,Lost Customer,Yes,1,0.40769383326109687
13731.0,219,2,610.59,1,2,3,123,Lost Customer,Yes,1,0.40789889448474
13732.0,28,1,491.86,4,1,3,413,Lost Customer,No,0,0.5234690186240887
13735.0,25,4,2883.54,4,4,5,445,Champion,No,0,0.21114536595487035
13736.0,5,2,729.8,5,2,3,523,Potential Loyalist,No,0,0.4077267541015355
13737.0,200,1,339.6,1,1,2,112,Lost Customer,Yes,1,0.5236961142902693
13739.0,18,1,216.9,4,1,1,411,Lost Customer,No,0,0.5238791141154562
13740.0,241,1,350.75,1,1,2,112,Lost Customer,Yes,1,0.5236794844056881
13741.0,72,3,668.4300000000001,3,3,3,333,Lost Customer,No,0,0.3017671036876055
13742.0,17,12,3107.87,4,5,5,455,Champion,No,0,0.006390558069163796
13743.0,3,7,1341.6,5,5,4,554,Champion,No,0,0.06259117075004653
13744.0,95,2,1080.52,2,2,4,224,Lost Customer,Yes,1,0.4072204425044349
13745.0,162,1,300.04,2,1,2,212,Lost Customer,Yes,1,0.5237551163982915
13747.0,374,1,79.6,1,1,1,111,Lost Customer,Yes,1,0.5240838813769657
13748.0,96,5,948.25,2,4,4,244,At Risk,Yes,1,0.14524948150117603
13750.0,54,5,1647.26,3,4,4,344,Loyal Customer,No,0,0.14473134585634573
13751.0,288,1,296.25,1,1,2,112,Lost Customer,Yes,1,0.5237607689921625
13752.0,124,6,1175.38,2,5,4,254,At Risk,Yes,1,0.09624962221956258
13753.0,288,1,741.26,1,1,3,113,Lost Customer,Yes,1,0.5230970178030486
13754.0,152,2,282.6,2,2,2,222,Lost Customer,Yes,1,0.4083726317193781
13755.0,4,9,2108.06,5,5,5,555,Champion,No,0,0.025509478987342557
13756.0,2,14,5189.52,5,5,5,555,Champion,No,0,0.002495528918546903
13758.0,12,7,3190.55,5,5,5,555,Champion,No,0,0.0619456383993196
13759.0,33,2,659.4100000000001,4,2,3,423,Potential Loyalist,No,0,0.40782839520144154
13760.0,54,2,286.79,3,2,2,322,Lost Customer,No,0,0.4083665787550223
13761.0,50,2,1070.65,3,2,4,324,Lost Customer,No,0,0.4072346884908501
13762.0,219,1,306.72,1,1,2,112,Lost Customer,Yes,1,0.5237451535003473
13763.0,63,1,1714.96,3,1,4,314,Lost Customer,No,0,0.5216444218317072
13764.0,71,3,1519.42,3,3,4,334,Lost Customer,No,0,0.30069605777858
13767.0,2,37,17220.36,5,5,5,555,Champion,No,0,5.1677835720494336e-08
13769.0,2,10,2796.51,5,5,5,555,Champion,No,0,0.016097316886395374
13771.0,64,4,2634.45,3,4,5,345,Loyal Customer,No,0,0.211393548842736
13772.0,34,3,1122.63,3,3,4,334,Lost Customer,No,0,0.30119518336965595
13774.0,82,1,345.0,2,1,2,212,Lost Customer,No,0,0.523688060361695
13777.0,1,33,25977.16,5,5,5,555,Champion,No,0,3.1615804249156894e-07
13778.0,103,1,178.7,2,1,1,211,Lost Customer,Yes,1,0.5239360858596189
13780.0,7,2,360.01,5,2,2,522,Potential Loyalist,No,0,0.4082608080518301
13781.0,251,1,127.84,1,1,1,111,Lost Customer,Yes,1,0.5240119378482325
13782.0,13,6,908.86,5,5,3,553,Loyal Customer,No,0,0.09638833196233118
13784.0,10,11,2462.79,5,5,5,555,Champion,No,0,0.010183284055763983
13786.0,367,1,230.4,1,1,1,111,Lost Customer,Yes,1,0.5238589799733993
13787.0,76,2,309.04,2,2,2,222,Lost Customer,No,0,0.40833443639088884
13790.0,4,1,348.79999999999995,5,1,2,512,Lost Customer,No,0,0.5236823927749424
13791.0,128,2,1516.0,2,2,4,224,Lost Customer,Yes,1,0.4065920426760701
13792.0,66,2,195.55,3,2,1,321,Lost Customer,No,0,0.40849839231017854
13798.0,1,57,37153.85,5,5,5,555,Champion,No,0,4.119496335207493e-12
13799.0,117,2,688.86,2,2,3,223,Lost Customer,Yes,1,0.4077858693033616
13800.0,310,1,558.32,1,1,3,113,Lost Customer,Yes,1,0.5233698905401594
13801.0,67,1,324.8,3,1,2,312,Lost Customer,No,0,0.5237181879572473
13802.0,139,3,4599.42,2,3,5,235,At Risk,Yes,1,0.2968377996934512
13803.0,255,1,277.07,1,1,2,112,Lost Customer,Yes,1,0.5237893749015353
13804.0,31,7,2588.39,4,5,5,455,Champion,No,0,0.06215518754481838
13805.0,52,2,924.6,3,2,3,323,Lost Customer,No,0,0.4074455097816847
13806.0,64,1,256.38,3,1,2,312,Lost Customer,No,0,0.5238202327173987
13807.0,367,1,112.6,1,1,1,111,Lost Customer,Yes,1,0.5240346663842922
13808.0,6,5,1747.66,5,4,4,544,Champion,No,0,0.14465705139353252
13809.0,305,1,155.05,1,1,1,111,Lost Customer,Yes,1,0.5239713573210335
13810.0,29,3,1499.01,4,3,4,434,Potential Loyalist,No,0,0.30072172019122373
13811.0,184,3,814.5,1,3,3,133,At Risk,Yes,1,0.3015831077550004
13812.0,42,3,539.0,3,3,3,333,Lost Customer,No,0,0.30193019242377445
13813.0,40,4,1366.86,3,4,4,344,Loyal Customer,No,0,0.2126598296162945
13814.0,92,2,1579.12,2,2,4,224,Lost Customer,Yes,1,0.4065009855118079
13815.0,22,4,4027.36,4,4,5,445,Champion,No,0,0.210008451953223
13816.0,24,2,571.6700000000001,4,2,3,423,Potential Loyalist,No,0,0.4079551002343005
13817.0,29,2,382.98,4,2,2,422,Potential Loyalist,No,0,0.40822762825263903
13819.0,302,3,1140.35,1,3,4,134,At Risk,Yes,1,0.30117288317329666
13821.0,145,2,385.64,2,2,2,222,Lost Customer,Yes,1,0.40822378597903364
13822.0,6,2,632.0,5,2,3,523,Potential Loyalist,No,0,0.4078679765730732
13823.0,19,2,957.66,4,2,4,424,Potential Loyalist,No,0,0.4073977851113314
13824.0,33,5,1698.94,4,4,4,444,Champion,No,0,0.14469309948933662
13826.0,176,1,189.5,2,1,1,211,Lost Customer,Yes,1,0.5239199787280345
13827.0,58,3,409.8,3,3,2,332,Lost Customer,No,0,0.30209304122063024
13828.0,22,1,209.49,4,1,1,411,Lost Customer,No,0,0.5238901654893283
13831.0,16,6,2198.45,4,5,5,455,Champion,No,0,0.09571882282933823
13832.0,19,1,52.2,4,1,1,411,Lost Customer,No,0,0.5241247443791367
13833.0,159,1,383.85,2,1,2,212,Lost Customer,Yes,1,0.5236301164571012
13835.0,25,4,834.57,4,4,3,443,Loyal Customer,No,0,0.21319321777694963
13837.0,212,2,266.59000000000003,1,2,2,122,Lost Customer,Yes,1,0.40839576036657355
13838.0,6,4,674.82,5,4,3,543,Loyal Customer,No,0,0.21335348750966363
13841.0,253,1,85.0,1,1,1,111,Lost Customer,Yes,1,0.5240758280465111
13842.0,59,9,3385.62,3,5,5,355,Loyal Customer,No,0,0.025320271934679055
13844.0,11,1,361.62,5,1,2,512,Lost Customer,No,0,0.5236632720820121
13845.0,65,1,312.98,3,1,2,312,Lost Customer,No,0,0.5237358169950009
13846.0,25,3,865.0600000000001,4,3,3,433,Potential Loyalist,No,0,0.30151943509920265
13848.0,92,3,1255.0,2,3,4,234,At Risk,Yes,1,0.3010286215973848
13849.0,52,2,1537.95,3,2,4,324,Lost Customer,No,0,0.406560376789915
13850.0,129,1,1595.48,2,1,4,214,Lost Customer,Yes,1,0.5218226860159134
13851.0,96,3,2651.46,2,3,5,235,At Risk,Yes,1,0.29927465047241986
13853.0,57,1,1090.14,3,1,4,314,Lost Customer,No,0,0.5225765913904779
13854.0,9,25,8109.519999999999,5,5,5,555,Champion,No,0,1.46209383506176e-05
13856.0,169,3,388.5,2,3,2,232,At Risk,Yes,1,0.30211989336695566
13858.0,57,1,216.17,3,1,1,311,Lost Customer,No,0,0.5238802028483337
13859.0,326,1,201.16,1,1,1,111,Lost Customer,Yes,1,0.5239025889356668
13860.0,1,5,1245.9,5,4,4,544,Champion,No,0,0.1450286628103689
13862.0,18,8,2209.36,4,5,5,455,Champion,No,0,0.040018309290813264
13863.0,248,1,305.78,1,1,2,112,Lost Customer,Yes,1,0.5237465554661708
13865.0,58,4,501.56,3,4,3,343,Loyal Customer,No,0,0.21352741043486453
13866.0,74,1,145.67,2,1,1,211,Lost Customer,No,0,0.523985346527893
13867.0,31,3,1005.09,4,3,4,434,Potential Loyalist,No,0,0.3013431284305168
13868.0,7,2,3192.54,5,2,5,525,Potential Loyalist,No,0,0.4041756569488822
13869.0,123,4,3083.65,2,4,5,245,At Risk,Yes,1,0.21094613931673004
13870.0,2,8,2770.94,5,5,5,555,Champion,No,0,0.039889510186016386
13871.0,23,13,6403.25,4,5,5,455,Champion,No,0,0.003941989594689141
13873.0,120,3,389.6,2,3,2,232,At Risk,Yes,1,0.3021185066032491
13874.0,358,1,540.45,1,1,3,113,Lost Customer,Yes,1,0.523396544631476
13875.0,54,5,1786.79,3,4,4,344,Loyal Customer,No,0,0.14462810437535178
13876.0,64,1,122.7,3,1,1,311,Lost Customer,No,0,0.5240196035204652
13877.0,86,1,117.24,2,1,1,211,Lost Customer,No,0,0.5240277464205958
13878.0,55,1,1271.57,3,1,4,314,Lost Customer,No,0,0.5223059317121983
13880.0,21,13,3219.77,4,5,5,455,Champion,No,0,0.004017439637072791
13881.0,4,20,17159.52,5,5,5,555,Champion,No,0,0.00014226344935226636
13882.0,3,5,1191.13,5,4,4,544,Champion,No,0,0.1450692742915728
13883.0,11,5,2674.48,5,4,5,545,Champion,No,0,0.1439727144234859
13884.0,7,5,787.6,5,4,3,543,Loyal Customer,No,0,0.14536877942430135
13885.0,189,2,506.8,1,2,3,123,Lost Customer,Yes,1,0.40804878664806654
13886.0,71,1,243.56,3,1,1,311,Lost Customer,No,0,0.5238393528387901
13887.0,204,1,349.55,1,1,2,112,Lost Customer,Yes,1,0.5236812741715732
13888.0,120,2,595.67,2,2,3,223,Lost Customer,Yes,1,0.4079204407001333
13889.0,93,1,416.9,2,1,2,212,Lost Customer,Yes,1,0.5235808226217349
13890.0,1,10,1883.81,5,5,4,554,Champion,No,0,0.016183979387316385
13892.0,27,4,632.97,4,4,3,443,Loyal Customer,No,0,0.2133954881765393
13893.0,298,1,821.1,1,1,3,113,Lost Customer,Yes,1,0.5229779243749367
13894.0,24,3,564.62,4,3,3,433,Potential Loyalist,No,0,0.30189790588041626
13895.0,28,4,2593.07,4,4,5,445,Champion,No,0,0.21143479882423694
13897.0,50,1,311.16,3,1,2,312,Lost Customer,No,0,0.523738531443953
13898.0,326,1,155.93,1,1,1,111,Lost Customer,Yes,1,0.5239700448988435
13899.0,16,2,388.52,4,2,2,422,Potential Loyalist,No,0,0.4082196259360476
13900.0,183,3,740.95,1,3,3,133,At Risk,Yes,1,0.30167574646965656
13901.0,72,5,2867.2000000000003,3,4,5,345,Loyal Customer,No,0,0.14383075422178865
13904.0,37,2,332.64,3,2,2,322,Lost Customer,No,0,0.4083003446726459
13908.0,80,4,2369.55,2,4,5,245,At Risk,No,0,0.21165771835964936
13911.0,57,9,2580.91,3,5,5,355,Loyal Customer,No,0,0.025439289788051996
13914.0,12,2,626.45,5,2,3,523,Potential Loyalist,No,0,0.40787599118824086
13917.0,50,2,272.04,3,2,2,322,Lost Customer,No,0,0.4083878870463749
13918.0,50,2,1212.84,3,2,4,324,Lost Customer,No,0,0.40702947187191907
13919.0,59,2,384.81,3,2,2,322,Lost Customer,No,0,0.40822498488275155
13922.0,352,1,172.25,1,1,1,111,Lost Customer,Yes,1,0.5239457053727906
13923.0,54,1,351.13,3,1,2,312,Lost Customer,No,0,0.5236789176463644
13924.0,2,6,1838.85,5,5,4,554,Champion,No,0,0.09590509511489924
13925.0,93,4,678.25,2,4,3,243,At Risk,Yes,1,0.21335004542823244
13926.0,23,1,223.85,4,1,1,411,Lost Customer,No,0,0.5238687487705314
13927.0,75,1,348.99,2,1,2,212,Lost Customer,No,0,0.5236821093954447
13928.0,11,4,464.57,5,4,2,542,Loyal Customer,No,0,0.21356455534203303
13929.0,169,2,842.65,2,2,3,223,Lost Customer,Yes,1,0.4075638184813232
13930.0,58,2,337.34,3,2,2,322,Lost Customer,No,0,0.408293555325624
13931.0,96,2,1237.53,2,2,4,224,Lost Customer,Yes,1,0.40699384117647364
13932.0,295,1,307.4,1,1,2,112,Lost Customer,Yes,1,0.5237441393120715
13933.0,109,2,608.79,2,2,3,223,Lost Customer,Yes,1,0.4079014938753244
13934.0,264,1,922.1,1,1,3,113,Lost Customer,Yes,1,0.522827263866869
13936.0,180,1,376.58,1,1,2,112,Lost Customer,Yes,1,0.5236409595476507
13937.0,169,1,158.85,2,1,1,211,Lost Customer,Yes,1,0.5239656900410228
13938.0,35,1,71.66,3,1,1,311,Lost Customer,No,0,0.5240957227327002
13939.0,23,3,568.55,4,3,3,433,Potential Loyalist,No,0,0.30189295343411054
13940.0,17,4,839.14,4,4,3,443,Loyal Customer,No,0,0.2131886342004774
13941.0,22,5,5112.96,4,4,5,445,Champion,No,0,0.14218507077476508
13946.0,79,3,561.57,2,3,3,233,At Risk,No,0,0.30190174941377995
13947.0,65,1,90.6,3,1,1,311,Lost Customer,No,0,0.5240674764313333
13948.0,361,1,102.0,1,1,1,111,Lost Customer,Yes,1,0.5240504748874194
13949.0,3,6,2427.32,5,5,5,555,Champion,No,0,0.09560043702210295
13950.0,11,4,745.0600000000001,5,4,3,543,Loyal Customer,No,0,0.21328300817597717
13951.0,176,3,674.45,2,3,3,233,At Risk,Yes,1,0.30175951938244716
13952.0,218,2,3251.071,1,2,5,125,Lost Customer,Yes,1,0.40409137977247617
13953.0,7,7,3515.68,5,5,5,555,Champion,No,0,0.06183276901248856
13954.0,2,2,439.92,5,3,2,532,Potential Loyalist,No,0,0.40814538293655267
13955.0,154,2,322.96,2,3,2,232,At Risk,Yes,1,0.40831432794867567
13956.0,5,5,1019.27,5,4,4,544,Champion,No,0,0.14519676829750017
13959.0,79,3,594.04,2,3,3,233,At Risk,No,0,0.30186083296160693
13960.0,21,2,230.22,4,3,1,431,Potential Loyalist,No,0,0.4084483033415927
13962.0,22,2,169.54999999999998,4,3,1,431,Potential Loyalist,No,0,0.40853595667170745
13963.0,308,4,664.54,1,4,3,143,At Risk,Yes,1,0.21336380396114774
13967.0,146,1,80.7,2,1,1,211,Lost Customer,Yes,1,0.5240822408847406
13969.0,7,18,9024.17,5,5,5,555,Champion,No,0,0.0003791280022097222
13971.0,19,8,2758.26,4,5,5,455,Champion,No,0,0.03989241397148479
13972.0,71,2,190.25,3,3,1,331,Lost Customer,No,0,0.4085060495740907
13973.0,287,1,264.7,1,1,2,112,Lost Customer,Yes,1,0.5238078239897077
13974.0,49,1,413.59,3,1,2,312,Lost Customer,No,0,0.5235857594834524
13975.0,31,6,2461.24,4,5,5,455,Champion,No,0,0.09558290263258273
13976.0,207,1,357.98,1,1,2,112,Lost Customer,Yes,1,0.5236687010533615
13978.0,15,2,196.79,4,3,1,431,Potential Loyalist,No,0,0.4084966008057866
13979.0,73,1,869.87,2,1,3,213,Lost Customer,No,0,0.5229051752618442
13980.0,60,1,200.14,3,1,1,311,Lost Customer,No,0,0.5239041101719614
13982.0,39,4,1871.81,3,4,4,344,Loyal Customer,No,0,0.21215473875034338
13983.0,30,12,2603.43,4,5,5,455,Champion,No,0,0.006409738614812257
13984.0,27,5,920.51,4,4,3,443,Loyal Customer,No,0,0.14527007528644825
13985.0,4,15,7060.13,5,5,5,555,Champion,No,0,0.0015501780173492166
13986.0,17,1,320.46,4,1,2,412,Lost Customer,No,0,0.523724660893376
13988.0,20,6,4147.96,4,5,5,455,Champion,No,0,0.09471460072620283
13989.0,66,2,1266.08,3,3,4,334,Lost Customer,No,0,0.4069526412478982
13990.0,213,1,311.3,1,1,2,112,Lost Customer,Yes,1,0.5237383226402372
13991.0,12,6,852.88,5,5,3,553,Loyal Customer,No,0,0.0964174893134408
13992.0,30,1,76.8,4,1,1,411,Lost Customer,No,0,0.5240880571730114
13993.0,43,9,3466.36,3,5,5,355,Loyal Customer,No,0,0.025308360344866374
13994.0,4,6,2274.14,5,5,5,555,Champion,No,0,0.09567965675091303
13995.0,15,5,1393.69,4,4,4,444,Champion,No,0,0.14491912490904119
13999.0,10,12,3901.81,5,5,5,555,Champion,No,0,0.006360485184146444
14000.0,211,1,635.66,1,1,3,113,Lost Customer,Yes,1,0.523254532128652
14001.0,46,3,2043.08,3,3,4,334,Lost Customer,No,0,0.3000380636340643
14002.0,134,2,529.73,2,3,3,233,At Risk,Yes,1,0.4080156699681509
14004.0,43,7,4582.64,3,5,5,355,Loyal Customer,No,0,0.0614637204543257
14005.0,10,5,2874.72,5,4,5,545,Champion,No,0,0.14382521724793831
14006.0,116,3,962.19,2,3,4,234,At Risk,Yes,1,0.3013971360275059
14009.0,198,2,695.61,1,3,3,133,At Risk,Yes,1,0.40777612247540557
14012.0,278,1,328.8,1,1,2,112,Lost Customer,Yes,1,0.5237122221104412
14013.0,110,3,473.02,2,3,2,232,At Risk,Yes,1,0.30201335000473595
14014.0,77,1,505.18,2,1,3,213,Lost Customer,No,0,0.5234491513919427
14015.0,53,1,917.34,3,1,3,313,Lost Customer,No,0,0.5228343643961806
14016.0,162,4,4341.21,2,4,5,245,At Risk,Yes,1,0.2096972837934813
14019.0,47,3,1421.61,3,3,4,334,Lost Customer,No,0,0.3008190500401598
14020.0,17,2,642.8,4,3,3,433,Potential Loyalist,No,0,0.4078523807056554
14021.0,155,3,631.9,2,3,3,233,At Risk,Yes,1,0.3018131283786372
14022.0,225,1,440.0,1,1,2,112,Lost Customer,Yes,1,0.5235463688663993
14023.0,7,2,584.07,5,3,3,533,Potential Loyalist,No,0,0.4079371926939674
14024.0,122,2,327.7,2,3,2,232,At Risk,Yes,1,0.4083074807474469
14027.0,61,1,104.82,3,1,1,311,Lost Customer,No,0,0.5240462692337442
14029.0,63,2,467.66,3,3,2,332,Lost Customer,No,0,0.4081053165688272
14030.0,18,8,2358.84,4,5,5,455,Champion,No,0,0.03998398698632719
14031.0,7,19,17286.86,5,5,5,555,Champion,No,0,0.00022649621182601264
14032.0,2,11,2975.59,5,5,5,555,Champion,No,0,0.01015242456459912
14034.0,22,3,648.89,4,3,3,433,Potential Loyalist,No,0,0.3017917219288925
14035.0,29,5,1428.02,4,4,4,444,Champion,No,0,0.14489369028924207
14036.0,285,1,626.65,1,1,3,113,Lost Customer,Yes,1,0.5232679713474402
14037.0,176,2,147.20000000000002,2,3,1,231,At Risk,Yes,1,0.40856824842865985
14038.0,78,3,1560.38,2,3,4,234,At Risk,No,0,0.30064456069148254
14039.0,33,1,152.2,4,1,1,411,Lost Customer,No,0,0.5239756077769904
14040.0,41,12,3560.32,3,5,5,355,Loyal Customer,No,0,0.006373402881686799
14041.0,266,1,141.41,1,1,1,111,Lost Customer,Yes,1,0.5239916998226325
14044.0,27,4,646.42,4,4,3,443,Loyal Customer,No,0,0.21338198909732806
14045.0,109,4,1659.75,2,4,4,244,At Risk,Yes,1,0.21236675107391925
14046.0,284,1,154.99,1,1,1,111,Lost Customer,Yes,1,0.5239714468043527
14047.0,9,5,1308.61,5,4,4,544,Champion,No,0,0.14498217548089168
14048.0,305,1,409.93,1,1,2,112,Lost Customer,Yes,1,0.5235912183644572
14049.0,17,4,5578.72,4,4,5,445,Champion,No,0,0.2084736503811503
14050.0,32,2,746.36,4,3,3,433,Potential Loyalist,No,0,0.40770284309298516
14051.0,1,23,15610.39,5,5,5,555,Champion,No,0,3.54942366662738e-05
14052.0,20,1,225.36,4,1,1,411,Lost Customer,No,0,0.5238664967288427
14053.0,124,2,260.25,2,3,2,232,At Risk,Yes,1,0.40840491948077695
14054.0,65,1,92.46,3,1,1,311,Lost Customer,No,0,0.5240647024990283
14055.0,106,1,725.6400000000001,2,1,3,213,Lost Customer,Yes,1,0.5231203170873278
14056.0,1,23,8152.71,5,5,5,555,Champion,No,0,3.7112743794638605e-05
14057.0,24,17,6211.66,4,5,5,455,Champion,No,0,0.0006142172976944624
14059.0,267,1,183.6,1,1,1,111,Lost Customer,Yes,1,0.523928778000532
14060.0,5,19,6140.42,5,5,5,555,Champion,No,0,0.00024210233233291865
14062.0,10,12,10464.85,5,5,5,555,Champion,No,0,0.006117215963792756
14064.0,29,5,1334.34,4,4,4,444,Champion,No,0,0.1449631052455867
14066.0,267,1,152.55,1,1,1,111,Lost Customer,Yes,1,0.5239750857913582
14067.0,64,2,374.7,3,3,2,332,Lost Customer,No,0,0.40823958848438063
14068.0,320,1,265.85,1,1,2,112,Lost Customer,Yes,1,0.5238061088387359
14071.0,4,8,1437.57,5,5,4,554,Champion,No,0,0.04019597070973285
14073.0,32,1,151.04,4,1,1,411,Lost Customer,No,0,0.5239773377861398
14075.0,5,3,942.26,5,3,4,534,Potential Loyalist,No,0,0.3014222281422763
14076.0,129,1,118.67,2,1,1,211,Lost Customer,Yes,1,0.5240256137575106
14077.0,41,5,499.42,3,4,3,343,Loyal Customer,No,0,0.14558298427366867
14078.0,102,6,1049.37,2,5,4,254,At Risk,Yes,1,0.09631518160250949
14079.0,125,1,375.1,2,1,2,212,Lost Customer,Yes,1,0.5236431669416213
14080.0,33,1,45.6,4,1,1,411,Lost Customer,No,0,0.524134587243815
14081.0,302,2,921.62,1,3,3,133,At Risk,Yes,1,0.4074498117282871
14082.0,365,1,182.25,1,1,1,111,Lost Customer,Yes,1,0.5239307913913032
14083.0,4,9,1002.9,5,5,4,554,Champion,No,0,0.025674263671173456
14085.0,2,18,4421.29,5,5,5,555,Champion,No,0,0.00038970315067030726
14087.0,3,1,191.47,5,1,1,511,Lost Customer,No,0,0.5239170406625542
14088.0,10,13,50491.81,5,5,5,555,Champion,No,0,0.003031267457544044
14089.0,57,1,158.75,3,1,1,311,Lost Customer,No,0,0.5239658391800496
14090.0,325,1,76.32000000000001,1,1,1,111,Lost Customer,Yes,1,0.5240887730234239
14092.0,8,14,4076.91,5,5,5,555,Champion,No,0,0.002512144241569204
14093.0,12,1,433.86,5,1,2,512,Lost Customer,No,0,0.5235555267262783
14096.0,4,17,65164.79,5,5,5,555,Champion,No,0,0.00043183039841516156
14098.0,37,1,147.35,3,1,1,311,Lost Customer,No,0,0.5239828410010724
14099.0,16,11,3104.17,4,5,5,455,Champion,No,0,0.010144701348718947
14100.0,138,1,191.95,2,1,1,211,Lost Customer,Yes,1,0.5239163247884808
14101.0,74,6,5976.79,2,5,5,255,At Risk,No,0,0.09378112890988975
14102.0,5,5,1105.88,5,4,4,544,Champion,No,0,0.14513250521553844
14104.0,155,2,216.21,2,3,1,231,At Risk,Yes,1,0.40846854385256665
14105.0,239,1,1266.23,1,1,4,114,Lost Customer,Yes,1,0.522313898182838
14107.0,52,7,2703.23,3,5,5,355,Loyal Customer,No,0,0.062115172695814576
14108.0,31,2,597.91,4,3,3,433,Potential Loyalist,No,0,0.4079172058570065
14109.0,73,1,144.2,2,1,1,211,Lost Customer,No,0,0.5239875388628705
14110.0,4,12,5683.15,5,5,5,555,Champion,No,0,0.0062935222347116
14111.0,14,4,692.85,4,4,3,443,Loyal Customer,No,0,0.21333539445566635
14112.0,23,7,2915.15,4,5,5,455,Champion,No,0,0.062041394438129116
14113.0,4,4,1840.42,5,4,4,544,Champion,No,0,0.21218611193803377
14114.0,274,2,386.53,1,3,2,132,At Risk,Yes,1,0.4082225004087902
14116.0,20,5,1382.74,4,4,4,444,Champion,No,0,0.1449272383917944
14117.0,144,1,90.0,2,1,1,211,Lost Customer,Yes,1,0.5240683712478892
14121.0,4,4,2780.15,5,4,5,545,Champion,No,0,0.21124835352731866
14124.0,84,1,419.58,2,1,2,212,Lost Customer,No,0,0.5235768254010165
14125.0,11,3,2720.63,5,3,5,535,Potential Loyalist,No,0,0.2991879243990394
14126.0,8,3,706.1300000000001,5,3,3,533,Potential Loyalist,No,0,0.3017196090751248
14127.0,123,3,709.71,2,3,3,233,At Risk,Yes,1,0.30171509919735245
14128.0,61,2,637.5,3,3,3,333,Lost Customer,No,0,0.40786003420999334
14129.0,2,5,1123.86,5,4,4,544,Champion,No,0,0.14511916733510122
14130.0,319,1,480.91,1,1,2,112,Lost Customer,Yes,1,0.5234853508651642
14132.0,2,11,3586.03,5,5,5,555,Champion,No,0,0.010115809904941805
14133.0,130,3,605.64,2,3,3,233,At Risk,Yes,1,0.3018462162056535
14135.0,2,15,4690.31,5,5,5,555,Champion,No,0,0.0015722654051208314
14138.0,2,2,965.88,5,3,4,534,Potential Loyalist,No,0,0.4073859191759115
14139.0,46,1,415.82,3,1,2,312,Lost Customer,No,0,0.5235824334411704
14140.0,4,2,935.05,5,3,4,534,Potential Loyalist,No,0,0.4074304242085768
14141.0,3,4,915.13,5,4,3,543,Loyal Customer,No,0,0.21311242898028565
14142.0,373,1,311.81,1,1,2,112,Lost Customer,Yes,1,0.5237375619980597
14143.0,134,1,115.8,2,1,1,211,Lost Customer,Yes,1,0.5240298939965236
14145.0,47,4,3742.2,3,4,5,345,Loyal Customer,No,0,0.2102914690788011
14146.0,9,5,4191.0,5,4,5,545,Champion,No,0,0.14285877036147482
14147.0,78,2,483.4,2,3,2,232,At Risk,No,0,0.4080825829869051
14148.0,234,1,157.2,1,1,1,111,Lost Customer,Yes,1,0.5239681508344174
14149.0,221,1,446.62,1,1,2,112,Lost Customer,Yes,1,0.523536495064883
14150.0,36,2,658.64,3,3,3,333,Lost Customer,No,0,0.4078295071025271
14152.0,75,2,621.29,2,3,3,233,At Risk,No,0,0.4078834426581942
14154.0,239,2,1345.62,1,3,4,134,At Risk,Yes,1,0.406837865584038
14155.0,266,1,118.75,1,1,1,111,Lost Customer,Yes,1,0.5240254944476617
14156.0,10,55,117210.08,5,5,5,555,Champion,No,0,6.480757203542441e-12
14157.0,20,2,424.89,4,3,2,432,Potential Loyalist,No,0,0.40816709208052754
14158.0,40,1,507.66,3,1,3,313,Lost Customer,No,0,0.5234454523795631
14159.0,20,11,4630.35,4,5,5,455,Champion,No,0,0.010053473612319314
14161.0,216,3,1097.62,1,3,4,134,At Risk,Yes,1,0.3012266594554542
14162.0,174,2,289.36,2,3,2,232,At Risk,Yes,1,0.4083628660913522
14163.0,87,4,2445.91,2,4,5,245,At Risk,No,0,0.2115815441641141
14164.0,71,2,1631.77,3,3,4,334,Lost Customer,No,0,0.4064250373268224
14165.0,276,1,120.44,1,1,1,111,Lost Customer,Yes,1,0.5240229740264641
14167.0,39,4,562.59,3,4,3,343,Loyal Customer,No,0,0.2134661351418332
14171.0,98,1,363.79,2,1,2,212,Lost Customer,Yes,1,0.5236600355772009
14173.0,11,4,450.84,5,4,2,542,Loyal Customer,No,0,0.2135783440384519
14174.0,33,1,134.46,4,1,1,411,Lost Customer,No,0,0.5240020649229679
14175.0,60,3,3222.3,3,3,5,335,Lost Customer,No,0,0.2985593566063384
14176.0,297,4,576.9000000000001,1,4,3,143,At Risk,Yes,1,0.21345176948111896
14177.0,86,4,549.46,2,4,3,243,At Risk,No,0,0.21347931683246107
14178.0,9,7,1600.26,5,5,4,554,Champion,No,0,0.06250048734755521
14179.0,41,2,701.57,3,3,3,333,Lost Customer,No,0,0.40776751644763126
14180.0,11,25,4748.52,5,5,5,555,Champion,No,0,1.4917734782711357e-05
14184.0,67,1,452.89,3,1,2,312,Lost Customer,No,0,0.5235271432751831
14185.0,331,1,197.65,1,1,1,111,Lost Customer,Yes,1,0.5239078237763469
14188.0,31,6,2054.36,4,5,4,454,Champion,No,0,0.09579342237046683
14189.0,2,15,4654.08,5,5,5,555,Champion,No,0,0.0015726055061360343
14191.0,2,13,4684.76,5,5,5,555,Champion,No,0,0.003982541644990518
14193.0,68,2,853.39,3,3,3,333,Lost Customer,No,0,0.4075483128624276
14194.0,5,21,11349.52,5,5,5,555,Champion,No,0,9.244158294134184e-05
14195.0,202,2,1012.0,1,3,4,134,At Risk,Yes,1,0.4073193449093993
14196.0,107,1,335.52,2,1,2,212,Lost Customer,Yes,1,0.5237021994725745
14198.0,18,4,701.4,4,4,3,443,Loyal Customer,No,0,0.2133268149457364
14199.0,218,1,185.4,1,1,1,111,Lost Customer,Yes,1,0.5239260934782937
14201.0,60,7,747.44,3,5,3,353,Loyal Customer,No,0,0.06279994199306502
14204.0,2,1,150.61,5,1,1,511,Lost Customer,No,0,0.5239779790824886
14205.0,17,2,466.7,4,3,2,432,Potential Loyalist,No,0,0.408106703127844
14206.0,239,1,328.16,1,1,2,112,Lost Customer,Yes,1,0.5237131766463851
14208.0,95,1,151.74,2,1,1,211,Lost Customer,Yes,1,0.5239762938151702
14209.0,11,6,2073.43,5,5,5,555,Champion,No,0,0.09578354629878295
14210.0,106,6,1905.84,2,5,4,254,At Risk,Yes,1,0.09587036984820195
14211.0,53,9,2241.1,3,5,5,355,Loyal Customer,No,0,0.025489711670073776
14212.0,90,1,1070.48,2,1,4,214,Lost Customer,No,0,0.5226059196456996
14214.0,31,5,1004.38,4,4,4,444,Champion,No,0,0.14520781879238198
14215.0,12,6,1789.72,5,5,4,554,Champion,No,0,0.09593056953028402
14216.0,3,4,1839.3,5,4,4,544,Champion,No,0,0.2121872314007988
14217.0,2,17,2004.98,5,5,4,554,Champion,No,0,0.0006298527860076078
14218.0,43,1,169.48000000000002,3,1,1,311,Lost Customer,No,0,0.5239498365381104
14219.0,4,1,89.94,5,1,1,511,Lost Customer,No,0,0.5240684607295363
14220.0,247,2,632.4000000000001,1,3,3,133,At Risk,Yes,1,0.40786739894504453
14221.0,42,9,3432.8,3,5,5,355,Loyal Customer,No,0,0.02531331079598962
14222.0,177,1,683.17,2,1,3,213,Lost Customer,Yes,1,0.5231836661687866
14223.0,92,3,991.13,2,3,4,234,At Risk,Yes,1,0.3013607023265486
14224.0,110,4,1009.73,2,4,4,244,At Risk,Yes,1,0.2130175888099107
14226.0,29,5,2214.79,4,4,5,445,Champion,No,0,0.14431179896488902
14227.0,26,10,3350.96,4,5,5,455,Champion,No,0,0.016044893909600885
14229.0,52,3,1547.2,3,3,4,334,Lost Customer,No,0,0.30066113073872797
14231.0,184,3,925.71,1,3,3,133,At Risk,Yes,1,0.3014430656980948
14232.0,43,5,2048.07,3,4,4,344,Loyal Customer,No,0,0.14443494183525968
14233.0,49,4,1462.72,3,4,4,344,Loyal Customer,No,0,0.21256387542069075
14234.0,22,4,754.12,4,4,3,443,Loyal Customer,No,0,0.21327391854094913
14235.0,75,5,3144.86,2,4,5,245,At Risk,No,0,0.14362643083572774
14236.0,81,2,490.86,2,3,3,233,At Risk,No,0,0.4080718085041342
14237.0,373,1,161.0,1,1,1,111,Lost Customer,Yes,1,0.5239624835509142
14238.0,326,1,146.85,1,1,1,111,Lost Customer,Yes,1,0.5239835866937047
14239.0,43,11,2380.85,3,5,5,355,Loyal Customer,No,0,0.010188223670008639
14240.0,30,2,890.34,4,3,3,433,Potential Loyalist,No,0,0.4074949685875457
14241.0,184,1,213.7,1,1,1,111,Lost Customer,Yes,1,0.5238838866414552
14242.0,235,2,280.55,1,3,2,132,At Risk,Yes,1,0.4083755932037101
14243.0,9,10,2588.77,5,5,5,555,Champion,No,0,0.016117001959742826
14245.0,220,2,1693.45,1,3,4,134,At Risk,Yes,1,0.4063360689624591
14246.0,111,3,1474.06,2,3,4,234,At Risk,Yes,1,0.30075309264600486
14247.0,278,1,136.77,1,1,1,111,Lost Customer,Yes,1,0.5239986198343587
14248.0,318,1,302.58,1,1,2,112,Lost Customer,Yes,1,0.5237513281129771
14250.0,7,3,1904.05,5,3,4,534,Potential Loyalist,No,0,0.3002126786868184
14251.0,2,5,2879.7000000000003,5,4,5,545,Champion,No,0,0.14382155057297344
14256.0,260,2,969.06,1,3,4,134,At Risk,Yes,1,0.40738132873352323
14257.0,64,5,3099.7200000000003,3,4,5,345,Loyal Customer,No,0,0.14365963183510203
14258.0,9,9,12669.98,5,5,5,555,Champion,No,0,0.023985743697035346
14259.0,142,1,120.0,2,1,1,211,Lost Customer,Yes,1,0.5240236302309175
14261.0,51,2,1163.45,3,3,4,334,Lost Customer,No,0,0.407100750628934
14262.0,8,8,2618.23,5,5,5,555,Champion,No,0,0.03992449504016204
14264.0,155,2,333.97,2,3,2,232,At Risk,Yes,1,0.40829842342834277
14265.0,109,2,530.18,2,3,3,233,At Risk,Yes,1,0.4080150200634691
14267.0,163,3,1516.24,2,3,4,234,At Risk,Yes,1,0.3007000560537724
14270.0,332,1,492.65,1,1,3,113,Lost Customer,Yes,1,0.5234678403143435
14271.0,226,1,112.32,1,1,1,111,Lost Customer,Yes,1,0.5240350839680131
14272.0,74,2,437.96,2,3,2,232,At Risk,No,0,0.4081482139157129
14273.0,51,4,559.97,3,4,3,343,Loyal Customer,No,0,0.21346876540897614
14276.0,99,3,1119.74,2,3,4,234,At Risk,Yes,1,0.30119882045467106
14277.0,15,3,4188.0,4,3,5,435,Potential Loyalist,No,0,0.2973515205669364
14280.0,197,1,134.04,1,1,1,111,Lost Customer,Yes,1,0.5240026913024696
14282.0,3,15,3701.44,5,5,5,555,Champion,No,0,0.0015815746064470441
14284.0,31,2,595.25,4,3,3,433,Potential Loyalist,No,0,0.4079210472341078
14285.0,21,4,1910.01,4,4,4,444,Champion,No,0,0.21211656378265314
14286.0,24,3,4628.75,4,3,5,435,Potential Loyalist,No,0,0.2968011962861512
14287.0,8,3,176.63,5,3,1,531,Potential Loyalist,No,0,0.30238706395033216
14288.0,213,1,426.6,1,1,2,112,Lost Customer,Yes,1,0.5235663550548185
14289.0,9,6,911.26,5,5,3,553,Loyal Customer,No,0,0.09638708209122952
14290.0,11,5,2314.65,5,4,5,545,Champion,No,0,0.14423808209037972
14291.0,2,11,3883.25,5,5,5,555,Champion,No,0,0.010098029762581177
14292.0,8,9,4871.93,5,5,5,555,Champion,No,0,0.025101868818348038
14293.0,3,4,1046.56,5,4,4,544,Champion,No,0,0.21298067363186102
14295.0,40,1,166.20000000000002,3,1,1,311,Lost Customer,No,0,0.5239547283108574
14297.0,18,4,1305.33,4,4,4,444,Champion,No,0,0.2127214367354275
14298.0,8,44,51527.3,5,5,5,555,Champion,No,0,1.6138858064417424e-09
14299.0,8,9,3965.62,5,5,5,555,Champion,No,0,0.025234825544087947
14300.0,19,1,43.2,4,1,1,411,Lost Customer,No,0,0.5241381664626862
14301.0,117,1,640.14,2,1,3,213,Lost Customer,Yes,1,0.5232478497964528
14304.0,223,1,383.45,1,1,2,112,Lost Customer,Yes,1,0.5236307130513832
14305.0,71,3,1858.96,3,3,4,334,Lost Customer,No,0,0.300269322036894
14306.0,51,2,2093.32,3,3,5,335,Lost Customer,No,0,0.4057594384590855
14307.0,89,6,2995.7200000000003,2,5,5,255,At Risk,No,0,0.09530699142894897
14309.0,8,9,2352.53,5,5,5,555,Champion,No,0,0.025473166684625268
14311.0,243,1,310.26,1,1,2,112,Lost Customer,Yes,1,0.5237398737533561
14312.0,47,6,1611.59,3,5,4,354,Loyal Customer,No,0,0.0960229825130563
14314.0,107,1,120.0,2,1,1,211,Lost Customer,Yes,1,0.5240236302309175
14315.0,45,6,2481.13,3,5,5,355,Loyal Customer,No,0,0.09557262215999598
14317.0,65,1,508.58,3,1,3,313,Lost Customer,No,0,0.5234440801646392
14320.0,207,2,477.79,1,3,2,132,At Risk,Yes,1,0.4080906855716963
14321.0,11,5,1530.75,5,4,4,544,Champion,No,0,0.1448176012072356
14323.0,115,2,605.0600000000001,2,3,3,233,At Risk,Yes,1,0.40790688040666057
14326.0,242,1,183.85,1,1,1,111,Lost Customer,Yes,1,0.5239284051503037
14327.0,163,1,311.65000000000003,2,1,2,212,Lost Customer,Yes,1,0.5237378006309116
14329.0,17,7,4975.24,4,5,5,455,Champion,No,0,0.06132844364339327
14331.0,124,2,462.66,2,3,2,232,At Risk,Yes,1,0.40811253824640287
14332.0,23,3,840.21,4,3,3,433,Potential Loyalist,No,0,0.30155072895256996
14333.0,68,1,415.2,3,1,2,312,Lost Customer,No,0,0.5235833581706246
14334.0,17,8,2552.21,4,5,5,455,Champion,No,0,0.03993962889010424
14335.0,16,2,454.86,4,3,2,432,Potential Loyalist,No,0,0.4081238041426481
14336.0,17,4,1614.91,4,4,4,444,Champion,No,0,0.2124116008071453
14338.0,161,2,588.22,2,3,3,233,At Risk,Yes,1,0.4079311994991794
14339.0,243,1,309.52000000000004,1,1,2,112,Lost Customer,Yes,1,0.5237409774297196
14340.0,219,1,134.7,1,1,1,111,Lost Customer,Yes,1,0.5240017069917902
14341.0,45,8,2166.98,3,5,5,355,Loyal Customer,No,0,0.04002804535585938
14342.0,21,4,668.5600000000001,4,4,3,443,Loyal Customer,No,0,0.21335976966348966
14344.0,127,8,889.9300000000001,2,5,3,253,At Risk,Yes,1,0.04032249224349778
14345.0,39,1,108.98,3,1,1,311,Lost Customer,No,0,0.524040065142664
14346.0,121,2,1021.58,2,3,4,234,At Risk,Yes,1,0.4073055165965035
14348.0,260,1,409.57,1,1,2,112,Lost Customer,Yes,1,0.523591755303268
14349.0,10,1,133.5,5,1,1,511,Lost Customer,No,0,0.5240034966474322
14350.0,274,1,282.93,1,1,2,112,Lost Customer,Yes,1,0.5237806350521358
14351.0,165,1,51.0,2,1,1,211,Lost Customer,Yes,1,0.5241265339922906
14352.0,157,4,1078.96,2,4,4,244,At Risk,Yes,1,0.21294820255735605
14353.0,215,1,90.6,1,1,1,111,Lost Customer,Yes,1,0.5240674764313333
14354.0,6,2,163.62,5,3,1,531,Potential Loyalist,No,0,0.40854452438532785
14355.0,366,1,174.4,1,1,1,111,Lost Customer,Yes,1,0.5239424988703739
14356.0,80,2,701.23,2,3,3,233,At Risk,No,0,0.4077680073940029
14357.0,43,1,225.12,3,1,1,311,Lost Customer,No,0,0.5238668546693085
14359.0,19,3,912.18,4,3,3,433,Potential Loyalist,No,0,0.30146010148049945
14360.0,32,4,2118.03,4,4,5,445,Champion,No,0,0.21190876819872076
14362.0,22,1,151.5,4,1,1,411,Lost Customer,No,0,0.5239766517480976
14364.0,109,8,3717.35,2,5,5,255,At Risk,Yes,1,0.03967334836837618
14367.0,8,16,9227.82,5,5,5,555,Champion,No,0,0.0009608905978731861
14368.0,320,1,155.0,1,1,1,111,Lost Customer,Yes,1,0.5239714318904662
14371.0,295,1,100.5,1,1,1,111,Lost Customer,Yes,1,0.5240527119358569
14373.0,358,1,76.55,1,1,1,111,Lost Customer,Yes,1,0.5240884300117804
14375.0,185,1,235.56,1,1,1,111,Lost Customer,Yes,1,0.5238512842363899
14377.0,191,2,617.05,1,3,3,133,At Risk,Yes,1,0.4078895656031904
14379.0,44,2,348.1,3,3,2,332,Lost Customer,No,0,0.4082780121863386
14381.0,52,1,202.68,3,1,1,311,Lost Customer,No,0,0.5239003219944832
14382.0,26,1,615.49,4,1,3,413,Lost Customer,No,0,0.5232846174363174
14383.0,38,3,1247.69,3,3,4,334,Lost Customer,No,0,0.3010378184355008
14385.0,9,3,202.11,5,3,1,531,Potential Loyalist,No,0,0.3023549262877368
14386.0,297,1,142.4,1,1,1,111,Lost Customer,Yes,1,0.5239902233534207
14387.0,33,3,1727.6,4,3,4,434,Potential Loyalist,No,0,0.30043437500455294
14388.0,10,8,3212.84,5,5,5,555,Champion,No,0,0.0397884392681216
14389.0,65,2,1043.46,3,3,4,334,Lost Customer,No,0,0.40727393431986636
14390.0,10,9,4642.57,5,5,5,555,Champion,No,0,0.025135451552448437
14393.0,218,1,67.95,1,1,1,111,Lost Customer,Yes,1,0.5241012556490784
14395.0,2,9,3479.91,5,5,5,555,Champion,No,0,0.025306361845344762
14396.0,65,2,487.99,3,3,3,333,Lost Customer,No,0,0.40807595363651217
14397.0,3,19,2612.96,5,5,5,555,Champion,No,0,0.0002472616461058324
14400.0,149,1,574.7,2,1,3,213,Lost Customer,Yes,1,0.5233454587491493
14401.0,4,13,4051.48,5,5,5,555,Champion,No,0,0.003997590005813015
14403.0,130,4,1475.81,2,4,4,244,At Risk,Yes,1,0.21255077501105624
14404.0,34,6,1449.32,3,5,4,354,Loyal Customer,No,0,0.09610723665283732
14406.0,119,1,156.75,2,1,1,211,Lost Customer,Yes,1,0.5239688219596865
14407.0,107,6,2157.73,2,5,5,255,At Risk,Yes,1,0.09573989947837586
14408.0,11,7,2599.03,5,5,5,555,Champion,No,0,0.06215147913179274
14409.0,71,6,2059.4500000000003,3,5,5,355,Loyal Customer,No,0,0.09579078624548575
14410.0,92,9,1100.27,2,5,4,254,At Risk,Yes,1,0.025659703797094553
14411.0,311,1,1063.0,1,1,4,114,Lost Customer,Yes,1,0.5226170780660714
14412.0,43,2,770.03,3,3,3,333,Lost Customer,No,0,0.40766866670370816
14413.0,362,1,121.05,1,1,1,111,Lost Customer,Yes,1,0.5240220642883349
14414.0,92,7,1496.98,2,5,4,254,At Risk,Yes,1,0.06253668148460802
14415.0,1,13,5855.57,5,5,5,555,Champion,No,0,0.003954868616339282
14416.0,22,2,490.22,4,3,3,433,Potential Loyalist,No,0,0.4080727328530785
14418.0,4,3,1937.25,5,3,4,534,Potential Loyalist,No,0,0.3001709757957841
14419.0,11,6,1051.79,5,5,4,554,Champion,No,0,0.09631392217037844
14420.0,99,1,387.52,2,1,2,212,Lost Customer,Yes,1,0.5236246427014158
14421.0,57,2,813.11,3,3,3,333,Lost Customer,No,0,0.407606467101297
14422.0,1,6,4263.64,5,5,5,555,Champion,No,0,0.09465530966978931
14423.0,218,1,265.2,1,1,2,112,Lost Customer,Yes,1,0.5238070782719628
14424.0,18,1,322.08,4,1,2,412,Lost Customer,No,0,0.5237222447292094
14426.0,24,10,4481.67,4,5,5,455,Champion,No,0,0.01593850576037867
14427.0,50,2,363.34,3,3,2,332,Lost Customer,No,0,0.40825599786803407
14428.0,7,5,1224.06,5,4,4,544,Champion,No,0,0.14504485584964477
14431.0,303,1,470.36,1,1,2,112,Lost Customer,Yes,1,0.5235010864471856
14432.0,10,6,2248.5,5,5,5,555,Champion,No,0,0.09569292266119962
14434.0,22,6,1372.8,4,5,4,454,Champion,No,0,0.09614699043212124
14436.0,99,1,89.06,2,1,1,211,Lost Customer,Yes,1,0.5240697731268493
14437.0,366,1,63.0,1,1,1,111,Lost Customer,Yes,1,0.5241086378328768
14438.0,306,1,131.9,1,1,1,111,Lost Customer,Yes,1,0.5240058828539962
14439.0,320,1,2661.24,1,1,5,115,Lost Customer,Yes,1,0.5202323808285734
14440.0,8,5,2357.68,5,4,5,545,Champion,No,0,0.14420632690197918
14441.0,1,4,1712.89,5,4,4,544,Champion,No,0,0.21231360849494485
14442.0,205,2,1589.82,1,3,4,134,At Risk,Yes,1,0.4064855502858965
14443.0,54,4,1420.2,3,4,4,344,Loyal Customer,No,0,0.21260643330128193
14446.0,1,4,1010.35,5,4,4,544,Champion,No,0,0.21301696733739964
14447.0,19,5,1163.23,4,4,4,444,Champion,No,0,0.14508996553011522
14448.0,9,2,375.35,5,3,2,532,Potential Loyalist,No,0,0.40823864957336875
14449.0,19,4,885.8,4,4,3,443,Loyal Customer,No,0,0.21314183969531117
14450.0,181,3,483.25,1,3,2,132,At Risk,Yes,1,0.30200045582152907
14451.0,60,2,643.9,3,3,3,333,Lost Customer,No,0,0.4078507922480921
14452.0,11,2,259.05,5,3,2,532,Potential Loyalist,No,0,0.40840665307422047
14453.0,190,1,119.93,1,1,1,111,Lost Customer,Yes,1,0.5240237346270729
14456.0,5,9,3017.28,5,5,5,555,Champion,No,0,0.02537468253026178
14457.0,311,1,113.64,1,1,1,111,Lost Customer,Yes,1,0.5240331153587487
14459.0,155,1,1837.92,2,1,4,214,Lost Customer,Yes,1,0.5214609597310013
14460.0,110,3,434.34,2,3,2,232,At Risk,Yes,1,0.3020621062005807
14461.0,148,3,2103.06,2,3,5,235,At Risk,Yes,1,0.2999627495330659
14462.0,66,11,1980.57,3,5,4,354,Loyal Customer,No,0,0.01021238798030816
14463.0,98,3,529.62,2,3,3,233,At Risk,Yes,1,0.3019420136700952
14465.0,247,3,1038.44,1,3,4,134,At Risk,Yes,1,0.3013011473061342
14466.0,29,7,2272.4,4,5,5,455,Champion,No,0,0.06226541536055418
14467.0,18,4,596.26,4,4,3,443,Loyal Customer,No,0,0.21343233529890546
14470.0,12,2,461.19,5,3,2,532,Potential Loyalist,No,0,0.40811466142715774
14472.0,104,8,1852.67,2,5,4,254,At Risk,Yes,1,0.040100323466760845
14473.0,74,2,234.34,2,3,1,231,At Risk,No,0,0.40844235115903493
14474.0,46,1,547.66,3,1,3,313,Lost Customer,No,0,0.5233857905345561
14475.0,72,3,925.85,3,3,3,333,Lost Customer,No,0,0.3014428894253061
14476.0,257,1,193.0,1,1,1,111,Lost Customer,Yes,1,0.5239147588136026
14477.0,20,4,1309.6,4,4,4,444,Champion,No,0,0.21271716096303256
14479.0,254,2,316.25,1,3,2,132,At Risk,Yes,1,0.4083240209884737
14480.0,11,1,279.05,5,1,2,512,Lost Customer,No,0,0.5237864218482483
14481.0,165,2,636.51,2,3,3,233,At Risk,Yes,1,0.40786146383179567
14482.0,18,6,2022.81,4,5,4,454,Champion,No,0,0.09580976364915117
14483.0,282,1,137.1,1,1,1,111,Lost Customer,Yes,1,0.5239981276786567
14484.0,50,1,321.92,3,1,2,312,Lost Customer,No,0,0.5237224833627567
14485.0,39,1,162.8,3,1,1,311,Lost Customer,No,0,0.5239597990460484
14487.0,27,6,1165.48,4,5,4,454,Champion,No,0,0.09625477146159071
14488.0,68,1,1064.28,3,1,4,314,Lost Customer,No,0,0.5226151686053625
14489.0,207,1,463.38,1,1,2,112,Lost Customer,Yes,1,0.5235114972615907
14491.0,175,2,340.93,2,3,2,232,At Risk,Yes,1,0.40828836944370633
14493.0,7,5,2383.24,5,4,5,545,Champion,No,0,0.14418746693942813
14494.0,26,1,139.56,4,1,1,411,Lost Customer,No,0,0.5239944588801364
14495.0,51,2,123.8,3,3,1,331,Lost Customer,No,0,0.408602058093632
14496.0,312,2,538.8100000000001,1,3,3,133,At Risk,Yes,1,0.4080025563981519
14497.0,309,1,475.37,1,1,2,112,Lost Customer,Yes,1,0.5234936139159462
14498.0,43,5,1957.32,3,4,4,344,Loyal Customer,No,0,0.1445020083809993
14499.0,26,3,808.44,4,3,3,433,Potential Loyalist,No,0,0.3015907399190942
14500.0,88,3,356.85,2,3,2,232,At Risk,No,0,0.3021597958869486
14501.0,184,2,251.21,1,3,2,132,At Risk,Yes,1,0.4084179792741241
14502.0,20,11,2429.83,4,5,5,455,Champion,No,0,0.01018527070856872
14503.0,3,6,3543.26,5,5,5,555,Champion,No,0,0.09502507743334113
14504.0,47,4,673.26,3,4,3,343,Loyal Customer,No,0,0.21335505301781438
14505.0,17,8,5859.43,4,5,5,455,Champion,No,0,0.039188233284798604
14506.0,17,5,1960.65,4,4,4,444,Champion,No,0,0.14449954696940134
14507.0,24,6,1367.88,4,5,4,454,Champion,No,0,0.09614954698023892
14508.0,22,2,268.05,4,3,2,432,Potential Loyalist,No,0,0.40839365117893817
14511.0,11,5,1314.81,5,4,4,544,Champion,No,0,0.14497758005295594
14512.0,188,2,275.28,1,3,2,132,At Risk,Yes,1,0.40838320641591336
14513.0,101,3,455.59,2,3,2,232,At Risk,Yes,1,0.302035319992272
14514.0,61,3,990.2,3,3,4,334,Lost Customer,No,0,0.3013618731010731
14515.0,18,6,2076.89,4,5,5,455,Champion,No,0,0.09578175451339557
14517.0,33,2,330.45,4,3,2,432,Potential Loyalist,No,0,0.4083035082314011
14518.0,64,1,174.37,3,1,1,311,Lost Customer,No,0,0.5239425436122817
14520.0,2,2,270.6,5,3,2,532,Potential Loyalist,No,0,0.40838996733191313
14522.0,24,4,974.54,4,4,4,444,Champion,No,0,0.21305286455429207
14523.0,108,1,241.09,2,1,1,211,Lost Customer,Yes,1,0.5238430366607035
14524.0,32,9,1843.83,4,5,4,454,Champion,No,0,0.025548783022494442
14525.0,20,9,4215.9,4,5,5,455,Champion,No,0,0.025198040766714738
14527.0,3,55,8507.13,5,5,5,555,Champion,No,0,1.2413749612332901e-11
14528.0,37,1,364.22,3,1,2,312,Lost Customer,No,0,0.5236593942419102
14529.0,60,3,578.61,3,3,3,333,Lost Customer,No,0,0.3018802763897842
14530.0,26,6,2862.11,4,5,5,455,Champion,No,0,0.09537589719638902
14532.0,236,4,932.85,1,4,3,143,At Risk,Yes,1,0.21309466164955648
14533.0,25,7,1949.72,4,5,4,454,Champion,No,0,0.062378165188307806
14534.0,3,18,4397.3,5,5,5,555,Champion,No,0,0.000389759033220403
14535.0,60,3,2854.84,3,3,5,335,Lost Customer,No,0,0.29901969158245245
14536.0,260,1,170.95,1,1,1,111,Lost Customer,Yes,1,0.5239476441872478
14537.0,58,1,355.56,3,1,2,312,Lost Customer,No,0,0.523672310421328
14538.0,65,2,388.25,3,3,2,332,Lost Customer,No,0,0.4082200159395189
14539.0,16,2,537.48,4,3,3,433,Potential Loyalist,No,0,0.4080044772102389
14540.0,10,3,952.66,5,3,4,534,Potential Loyalist,No,0,0.3014091342663771
14541.0,59,8,1453.35,3,5,4,354,Loyal Customer,No,0,0.040192330692388464
14542.0,186,1,103.25,1,1,1,111,Lost Customer,Yes,1,0.5240486106796509
14543.0,29,16,3599.73,4,5,5,455,Champion,No,0,0.0009937440740567832
14544.0,24,2,2004.3,4,3,4,434,Potential Loyalist,No,0,0.40588778686948884
14546.0,5,5,2573.93,5,4,5,545,Champion,No,0,0.14404682719236075
14547.0,4,8,3974.75,5,5,5,555,Champion,No,0,0.03961475223995763
14548.0,151,2,652.8,2,3,3,233,At Risk,Yes,1,0.4078379402531688
14549.0,311,1,289.24,1,1,2,112,Lost Customer,Yes,1,0.5237712240376062
14550.0,11,2,757.37,5,3,3,533,Potential Loyalist,No,0,0.40768694597953403
14551.0,18,2,186.23,4,3,1,431,Potential Loyalist,No,0,0.408511857566143
14552.0,152,1,164.22,2,1,1,211,Lost Customer,Yes,1,0.5239576812690104
14553.0,19,5,859.27,4,4,3,443,Loyal Customer,No,0,0.14531554758092835
14554.0,10,4,2279.49,5,4,5,545,Champion,No,0,0.2117475850001148
14555.0,57,2,312.54,3,3,2,332,Lost Customer,No,0,0.40832938036001726
14557.0,85,1,788.38,2,1,3,213,Lost Customer,No,0,0.5230267315174265
14560.0,7,22,2237.77,5,5,5,555,Champion,No,0,6.126426389048209e-05
14561.0,76,3,1080.76,2,3,4,234,At Risk,No,0,0.3012478794960972
14562.0,4,18,5006.77,5,5,5,555,Champion,No,0,0.0003883418077383605
14565.0,96,4,3099.12,2,4,5,245,At Risk,Yes,1,0.21093074334383582
14566.0,111,1,1432.0,2,1,4,214,Lost Customer,Yes,1,0.5220665891944898
14567.0,57,2,1530.36,3,3,4,334,Lost Customer,No,0,0.40657132631829473
14569.0,1,1,227.39,5,1,1,511,Lost Customer,No,0,0.5238634691480893
14570.0,281,2,218.06,1,3,1,131,At Risk,Yes,1,0.40846587110492044
14572.0,3,7,2804.54,5,5,5,555,Champion,No,0,0.06207989221204242
14573.0,180,9,1639.82,1,5,4,154,At Risk,Yes,1,0.025579169709321448
14576.0,372,1,35.400000000000006,1,1,1,111,Lost Customer,Yes,1,0.5241497989068907
14577.0,13,4,859.71,5,4,3,543,Loyal Customer,No,0,0.2131680039809683
14578.0,3,1,168.63,5,1,1,511,Lost Customer,No,0,0.5239511042235623
14581.0,17,1,138.6,4,1,1,411,Lost Customer,No,0,0.5239958906066963
14582.0,41,1,114.11,3,1,1,311,Lost Customer,No,0,0.5240324144143607
14583.0,6,5,986.96,5,4,4,544,Champion,No,0,0.14522074779276653
14584.0,169,4,1033.06,2,4,4,244,At Risk,Yes,1,0.21299420431205782
14585.0,50,1,157.05,3,1,1,311,Lost Customer,No,0,0.5239683745428501
14586.0,277,1,237.36,1,1,1,111,Lost Customer,Yes,1,0.5238485996743033
14587.0,19,9,1580.29,4,5,4,454,Champion,No,0,0.02558804315778597
14589.0,372,1,39.75,1,1,1,111,Lost Customer,Yes,1,0.5241433115854692
14591.0,15,4,1320.21,4,4,4,444,Champion,No,0,0.21270653689147295
14592.0,35,3,557.94,3,3,3,333,Lost Customer,No,0,0.301906323884765
14593.0,22,3,617.15,4,3,3,433,Potential Loyalist,No,0,0.3018317132526789
14594.0,7,2,363.33,5,3,2,532,Potential Loyalist,No,0,0.4082560123130041
14595.0,20,6,1740.6,4,5,4,454,Champion,No,0,0.0959560448070937
14597.0,11,2,866.24,5,3,3,533,Potential Loyalist,No,0,0.4075297612232729
14598.0,44,1,221.97,3,1,1,311,Lost Customer,No,0,0.5238715526356482
14600.0,306,1,393.33,1,1,2,112,Lost Customer,Yes,1,0.5236159771528826
14601.0,11,1,213.96,5,1,1,511,Lost Customer,No,0,0.5238834988738806
14603.0,275,1,660.0,1,1,3,113,Lost Customer,Yes,1,0.5232182266789649
14606.0,1,93,12076.15,5,5,5,555,Champion,No,0,2.4883413831886586e-19
14607.0,16,14,16209.5,4,5,5,455,Champion,No,0,0.0023367664148872653
14608.0,4,4,1785.15,5,4,4,544,Champion,No,0,0.2122413605744685
14609.0,72,4,601.56,3,4,3,343,Loyal Customer,No,0,0.21342701521555632
14616.0,243,3,406.08,1,3,2,132,At Risk,Yes,1,0.3020977307937016
14618.0,9,3,553.44,5,3,3,533,Potential Loyalist,No,0,0.30191199477117303
14619.0,246,1,394.44,1,1,2,112,Lost Customer,Yes,1,0.5236143215989632
14620.0,206,2,412.78,1,3,2,132,At Risk,Yes,1,0.4081845838737047
14621.0,1,5,1788.36,5,4,4,544,Champion,No,0,0.14462694304418855
14622.0,185,1,320.58000000000004,1,1,2,112,Lost Customer,Yes,1,0.5237244819182905
14623.0,32,5,886.7,4,4,3,443,Loyal Customer,No,0,0.14529517863123725
14624.0,57,2,225.85,3,3,1,331,Lost Customer,No,0,0.4084546167296183
14625.0,196,2,899.63,1,3,3,133,At Risk,Yes,1,0.40748155706817013
14626.0,24,4,2791.27,4,4,5,445,Champion,No,0,0.21123727504506543
14628.0,91,2,671.96,2,3,3,233,At Risk,Yes,1,0.4078102727908183
14629.0,4,2,955.26,5,3,4,534,Potential Loyalist,No,0,0.40740124963839613
14631.0,51,3,1006.98,3,3,4,334,Lost Customer,No,0,0.30134074920142045
14632.0,263,1,114.56,1,1,1,111,Lost Customer,Yes,1,0.5240317432973047
14633.0,266,1,344.90000000000003,1,1,2,112,Lost Customer,Yes,1,0.5236882095086325
14636.0,36,2,609.85,3,3,3,333,Lost Customer,No,0,0.40789996312246757
14638.0,51,1,443.6,3,1,2,312,Lost Customer,No,0,0.5235409994297907
14639.0,52,6,2984.49,3,5,5,355,Loyal Customer,No,0,0.09531278128488807
14640.0,24,6,2107.38,4,5,5,455,Champion,No,0,0.09576596634754503
14641.0,22,1,110.46,4,1,1,411,Lost Customer,No,0,0.5240378579161632
14642.0,59,1,96.12,3,1,1,311,Lost Customer,No,0,0.5240592441117701
14643.0,170,2,693.8100000000001,2,3,3,233,At Risk,Yes,1,0.40777872162243284
14644.0,68,2,830.76,3,3,3,333,Lost Customer,No,0,0.4075809846000019
14645.0,157,2,597.09,2,3,3,233,At Risk,Yes,1,0.4079183900397253
14646.0,2,73,280206.02,5,5,5,555,Champion,No,0,5.576145693147442e-16
14647.0,201,1,236.04,1,1,1,111,Lost Customer,Yes,1,0.5238505683533016
14649.0,5,4,1402.59,5,4,4,544,Champion,No,0,0.21262406081119617
14651.0,67,2,653.75,3,3,3,333,Lost Customer,No,0,0.40783656841846
14652.0,77,1,114.18,2,1,1,211,Lost Customer,No,0,0.5240323100183799
14653.0,1,7,1926.65,5,5,4,554,Champion,No,0,0.06238623353080805
14655.0,8,4,1932.23,5,4,4,544,Champion,No,0,0.212094360652621
14656.0,169,2,291.05,2,3,2,232,At Risk,Yes,1,0.4083604246956491
14657.0,18,4,848.22,4,4,3,443,Loyal Customer,No,0,0.21317952743896162
14658.0,5,2,247.15,5,3,1,531,Potential Loyalist,No,0,0.4084238446658675
14659.0,9,9,2529.93,5,5,5,555,Champion,No,0,0.025446848133606675
14660.0,87,2,285.74,2,3,2,232,At Risk,No,0,0.40836809560505566
14661.0,27,1,107.95,4,1,1,411,Lost Customer,No,0,0.5240416012524448
14662.0,29,4,741.37,4,4,3,443,Loyal Customer,No,0,0.21328671032679436
14664.0,20,2,636.24,4,3,3,433,Potential Loyalist,No,0,0.40786185372892153
14665.0,61,5,1835.7,3,4,4,344,Loyal Customer,No,0,0.14459192922012384
14666.0,24,1,195.25,4,1,1,411,Lost Customer,No,0,0.5239114031515658
14667.0,11,25,9175.04,5,5,5,555,Champion,No,0,1.4528084905051687e-05
14669.0,242,3,1259.24,1,3,4,134,At Risk,Yes,1,0.3010232872529541
14670.0,280,2,392.86,1,3,2,132,At Risk,Yes,1,0.40821335700722033
14672.0,235,2,765.5500000000001,1,3,3,133,At Risk,Yes,1,0.4076751351702101
14673.0,3,5,1736.4,5,4,4,544,Champion,No,0,0.14466538204325458
14675.0,16,1,596.36,4,1,3,413,Lost Customer,No,0,0.5233131513374901
14676.0,31,6,2548.24,4,5,5,455,Champion,No,0,0.09553794255302497
14680.0,25,16,28754.11,4,5,5,455,Champion,No,0,0.0008550953159085914
14681.0,71,3,498.95,3,3,3,333,Lost Customer,No,0,0.3019806677020945
14682.0,188,2,52.0,1,3,1,131,At Risk,Yes,1,0.4087058042565559
14684.0,26,5,1201.51,4,4,4,444,Champion,No,0,0.1450615768862421
14687.0,107,1,628.38,2,1,3,213,Lost Customer,Yes,1,0.5232653909007188
14688.0,8,21,5579.1,5,5,5,555,Champion,No,0,9.568645241695776e-05
14689.0,209,1,112.8,1,1,1,111,Lost Customer,Yes,1,0.5240343681101852
14690.0,44,2,355.05,3,3,2,332,Lost Customer,No,0,0.4082679728026174
14691.0,31,5,2114.33,4,4,5,445,Champion,No,0,0.14438599036203337
14692.0,137,4,591.55,2,4,3,243,At Risk,Yes,1,0.21343706322765318
14693.0,265,1,172.9,1,1,1,111,Lost Customer,Yes,1,0.5239447359652915
14696.0,4,7,2078.95,5,5,5,555,Champion,No,0,0.06233298718800612
14697.0,218,2,188.61,1,3,1,131,At Risk,Yes,1,0.4085084190005992
14698.0,2,5,1217.27,5,4,4,544,Champion,No,0,0.14504989052995365
14699.0,214,1,109.13,1,1,1,111,Lost Customer,Yes,1,0.5240398414373182
14700.0,32,3,2195.1,4,3,5,435,Potential Loyalist,No,0,0.2998472001920244
14701.0,11,9,2526.09,5,5,5,555,Champion,No,0,0.025447417544393974
14702.0,1,17,3251.79,5,5,5,555,Champion,No,0,0.0006251775869835915
14703.0,15,1,318.17,4,1,2,412,Lost Customer,No,0,0.5237280763334206
14704.0,11,9,1493.96,5,5,4,554,Champion,No,0,0.025600916697658807
14705.0,199,1,179.0,1,1,1,111,Lost Customer,Yes,1,0.5239356384399695
14708.0,3,3,1126.37,5,3,4,534,Potential Loyalist,No,0,0.3011904765908492
14709.0,15,13,4921.04,4,5,5,455,Champion,No,0,0.003976941488805493
14710.0,14,4,599.48,4,4,3,443,Loyal Customer,No,0,0.21342910308580382
14711.0,10,11,2839.62,5,5,5,555,Champion,No,0,0.010160597994942436
14712.0,29,3,917.07,4,3,3,433,Potential Loyalist,No,0,0.30145394436073336
14713.0,9,11,2662.2,5,5,5,555,Champion,No,0,0.010171272862209172
14714.0,24,1,160.19,4,1,1,411,Lost Customer,No,0,0.5239636915776523
14715.0,25,4,867.38,4,4,3,443,Loyal Customer,No,0,0.21316031189928863
14716.0,43,2,307.51,3,3,2,332,Lost Customer,No,0,0.40833664660476326
14719.0,2,5,1581.84,5,4,4,544,Champion,No,0,0.14477977271000791
14720.0,6,3,663.81,5,3,3,533,Potential Loyalist,No,0,0.30177292427427277
14722.0,147,1,180.42,2,1,1,211,Lost Customer,Yes,1,0.5239335206531068
14723.0,10,6,1122.36,5,5,4,554,Champion,No,0,0.0962772021421706
14725.0,25,1,655.58,4,1,3,413,Lost Customer,No,0,0.5232248195520818
14727.0,274,1,268.58,1,1,2,112,Lost Customer,Yes,1,0.523802037217224
14729.0,374,1,313.49,1,1,2,112,Lost Customer,Yes,1,0.5237350563524605
14730.0,1,8,1897.57,5,5,4,554,Champion,No,0,0.04008999069952096
14731.0,47,3,380.02,3,3,2,332,Lost Customer,No,0,0.30213058417561567
14732.0,8,8,2702.49,5,5,5,555,Champion,No,0,0.03990518799476588
14733.0,16,12,9585.91,4,5,5,455,Champion,No,0,0.006149251066638529
14735.0,4,32,6065.6900000000005,5,5,5,555,Champion,No,0,5.674722461143449e-07
14737.0,4,3,1164.55,5,3,4,534,Potential Loyalist,No,0,0.301142429569614
14738.0,43,7,1314.45,3,5,4,354,Loyal Customer,No,0,0.06260069636435182
14739.0,4,7,3902.28,5,5,5,555,Champion,No,0,0.06169881024044778
14740.0,197,3,1448.21,1,3,4,134,At Risk,Yes,1,0.3007855987397373
14741.0,12,6,1400.34,5,5,4,554,Champion,No,0,0.09613268111979732
14744.0,16,7,1099.98,4,5,4,454,Champion,No,0,0.06267599102116046
14745.0,113,5,1220.26,2,4,4,244,At Risk,Yes,1,0.14504767347317435
14747.0,249,1,328.2,1,1,2,112,Lost Customer,Yes,1,0.5237131169878936
14748.0,29,5,1415.75,4,4,4,444,Champion,No,0,0.14490278053589647
14752.0,44,1,389.64,3,1,2,312,Lost Customer,No,0,0.5236214807473167
14753.0,87,1,563.15,2,1,3,213,Lost Customer,No,0,0.5233626863057143
14754.0,45,2,638.05,3,3,3,333,Lost Customer,No,0,0.4078592399763326
14755.0,10,11,5010.28,5,5,5,555,Champion,No,0,0.010030889741754454
14756.0,15,1,738.96,4,1,3,413,Lost Customer,No,0,0.5231004485618487
14757.0,75,1,420.5,2,1,2,212,Lost Customer,No,0,0.5235754532200735
14758.0,145,4,1484.06,2,4,4,244,At Risk,Yes,1,0.21254251875318958
14759.0,5,3,1625.97,5,3,4,534,Potential Loyalist,No,0,0.3005621079337912
14760.0,297,1,89.2,1,1,1,111,Lost Customer,Yes,1,0.52406956433639
14761.0,59,2,255.9,3,3,2,332,Lost Customer,No,0,0.40841120376785095
14762.0,264,1,300.52,1,1,2,112,Lost Customer,Yes,1,0.5237544005020636
14764.0,47,1,278.3,3,1,2,312,Lost Customer,No,0,0.5237875404292346
14765.0,29,3,254.11,4,3,2,432,Potential Loyalist,No,0,0.3022893452266767
14766.0,8,6,2473.37,5,5,5,555,Champion,No,0,0.09557663292556927
14768.0,17,2,192.6,4,3,1,431,Potential Loyalist,No,0,0.4085026543666878
14769.0,3,8,10416.98,5,5,5,555,Champion,No,0,0.03817495348749984
14770.0,232,2,876.4200000000001,1,3,3,133,At Risk,Yes,1,0.40751506446982083
14772.0,112,1,139.26,2,1,1,211,Lost Customer,Yes,1,0.5239949062947287
14775.0,58,3,1011.9,3,3,4,334,Lost Customer,No,0,0.30133455570276263
14776.0,51,11,2538.3,3,5,5,355,Loyal Customer,No,0,0.010178734161786187
14778.0,127,2,730.86,2,3,3,233,At Risk,Yes,1,0.40772522355287394
14779.0,281,3,386.15,1,3,2,132,At Risk,Yes,1,0.30212285601060396
14780.0,55,2,447.68,3,3,2,332,Lost Customer,No,0,0.4081341746299186
14782.0,320,1,200.1,1,1,1,111,Lost Customer,Yes,1,0.5239041698282777
14784.0,26,2,289.99,4,3,2,432,Potential Loyalist,No,0,0.40836195598473307
14785.0,10,2,77.4,5,3,1,531,Potential Loyalist,No,0,0.4086691020376492
14788.0,7,2,679.44,5,3,3,533,Potential Loyalist,No,0,0.40779947166453767
14789.0,29,1,197.64,4,1,1,411,Lost Customer,No,0,0.5239078386904155
14790.0,17,4,745.06,4,4,3,443,Loyal Customer,No,0,0.21328300817597717
14792.0,64,1,6.2,3,1,1,311,Lost Customer,No,0,0.5241933457729446
14793.0,21,1,228.99,4,1,1,411,Lost Customer,No,0,0.523861082876309
14794.0,3,7,1319.91,5,5,4,554,Champion,No,0,0.06259878060727911
14795.0,166,1,131.45000000000002,2,1,1,211,Lost Customer,Yes,1,0.5240065539743948
14796.0,1,17,7975.49,5,5,5,555,Champion,No,0,0.0006077774319146391
14798.0,53,3,173.74,3,3,1,331,Lost Customer,No,0,0.30239070919988104
14799.0,51,1,157.7,3,1,1,311,Lost Customer,No,0,0.5239674051395722
14800.0,48,12,4331.79,3,5,5,355,Loyal Customer,No,0,0.0063442571283615036
14801.0,61,1,189.34,3,1,1,311,Lost Customer,No,0,0.5239202173525693
14803.0,162,3,845.5500000000001,2,3,3,233,At Risk,Yes,1,0.30154400408150833
14804.0,9,1,353.27,5,1,2,512,Lost Customer,No,0,0.5236757258953498
14805.0,15,4,546.4,4,4,3,443,Loyal Customer,No,0,0.2134823889643825
14806.0,75,1,193.39,2,1,1,211,Lost Customer,No,0,0.5239141771656709
14808.0,40,8,2718.6,3,5,5,355,Loyal Customer,No,0,0.03990149762415865
14810.0,41,11,2085.33,3,5,5,355,Loyal Customer,No,0,0.010206058299931913
14813.0,370,2,152.88,1,3,1,131,At Risk,Yes,1,0.40856004176864624
14815.0,37,2,778.5,3,3,3,333,Lost Customer,No,0,0.40765643734666257
14816.0,197,1,271.85,1,1,2,112,Lost Customer,Yes,1,0.5237971602158636
14817.0,200,2,1110.34,1,3,4,134,At Risk,Yes,1,0.40717740238687183
14818.0,74,3,657.8,2,3,3,233,At Risk,No,0,0.30178049617180897
14819.0,64,2,272.07,3,3,2,332,Lost Customer,No,0,0.40838784370712783
14820.0,21,4,507.29,4,4,3,443,Loyal Customer,No,0,0.21352165685972477
14821.0,367,1,48.8,1,1,1,111,Lost Customer,Yes,1,0.5241298149481302
14823.0,180,3,321.43,1,3,2,132,At Risk,Yes,1,0.302204454951624
14824.0,10,4,1127.71,5,4,4,544,Champion,No,0,0.21289935242112898
14825.0,4,12,2221.01,5,5,5,555,Champion,No,0,0.00642431764718345
14828.0,197,3,2139.76,1,3,5,135,At Risk,Yes,1,0.2999166723754352
14829.0,29,4,697.55,4,4,3,443,Loyal Customer,No,0,0.21333067820271023
14830.0,53,1,188.88,3,1,1,311,Lost Customer,No,0,0.5239209033980462
14834.0,18,6,1720.3,4,5,4,454,Champion,No,0,0.0959665748327121
14836.0,10,3,102.45,5,3,1,531,Potential Loyalist,No,0,0.302480637440546
14837.0,90,4,1649.5,2,4,4,244,At Risk,No,0,0.2123770026889911
14840.0,268,1,62.85,1,1,1,111,Lost Customer,Yes,1,0.5241088615352517
14841.0,53,6,3295.76,3,5,5,355,Loyal Customer,No,0,0.09515241614829253
14842.0,44,4,2824.69,3,4,5,345,Loyal Customer,No,0,0.2112039823827654
14844.0,64,4,3189.81,3,4,5,345,Loyal Customer,No,0,0.21084050387463948
14847.0,149,1,309.40000000000003,2,1,2,212,Lost Customer,Yes,1,0.523741156404243
14849.0,22,25,7930.54,4,5,5,455,Champion,No,0,1.4636593456341278e-05
14850.0,312,1,325.75,1,1,2,112,Lost Customer,Yes,1,0.5237167710692437
14851.0,23,2,511.35,4,3,3,433,Potential Loyalist,No,0,0.4080422152387107
14852.0,58,6,2836.69,3,5,5,355,Loyal Customer,No,0,0.09538901192332146
14853.0,24,2,475.8,4,3,2,432,Potential Loyalist,No,0,0.4080935597626197
14854.0,78,7,2740.03,2,5,5,255,At Risk,No,0,0.06210235519402318
14855.0,119,2,645.65,2,3,3,233,At Risk,Yes,1,0.40784826516048256
14856.0,36,3,1290.53,3,3,4,334,Lost Customer,No,0,0.30098392296488413
14857.0,60,2,1173.12,3,3,4,334,Lost Customer,No,0,0.4070867947513761
14859.0,13,4,1353.74,5,4,4,544,Champion,No,0,0.2126729649678759
14860.0,19,1,170.32,4,1,1,411,Lost Customer,No,0,0.5239485837663019
14861.0,52,1,125.79,3,1,1,311,Lost Customer,No,0,0.5240149951702266
14862.0,26,2,841.2,4,3,3,433,Potential Loyalist,No,0,0.40756591189835173
14863.0,29,1,266.76,4,1,2,412,Lost Customer,No,0,0.5238047516319169
14865.0,7,2,52.2,5,3,1,531,Potential Loyalist,No,0,0.40870551525873033
14866.0,11,12,14389.9,5,5,5,555,Champion,No,0,0.005976170300681019
14867.0,186,3,710.28,1,3,3,133,At Risk,Yes,1,0.3017143811477206
14868.0,3,8,2953.59,5,5,5,555,Champion,No,0,0.039847704863224524
14869.0,9,2,721.45,5,3,3,533,Potential Loyalist,No,0,0.40773881084462305
14870.0,262,1,327.25,1,1,2,112,Lost Customer,Yes,1,0.5237145338768817
14871.0,3,4,501.28,5,4,3,543,Loyal Customer,No,0,0.21352769158977275
14873.0,210,1,519.68,1,1,3,113,Lost Customer,Yes,1,0.5234275240653838
14875.0,108,2,1465.32,2,3,4,234,At Risk,Yes,1,0.4066651584939202
14878.0,13,9,1476.09,5,5,4,554,Champion,No,0,0.025603582261912363
14880.0,77,3,690.59,2,3,3,233,At Risk,No,0,0.3017391859156929
14881.0,20,1,255.4,4,1,2,412,Lost Customer,No,0,0.5238216943204075
14882.0,27,2,589.7,4,3,3,433,Potential Loyalist,No,0,0.4079290621736865
14883.0,19,6,761.59,4,5,3,453,Loyal Customer,No,0,0.0964650548850698
14885.0,132,1,765.3199999999999,2,1,3,213,Lost Customer,Yes,1,0.5230611289521413
14886.0,253,1,364.8,1,1,2,112,Lost Customer,Yes,1,0.523658529184883
14887.0,79,1,1862.0,2,1,4,214,Lost Customer,No,0,0.5214250305594595
14888.0,207,1,369.2,1,1,2,112,Lost Customer,Yes,1,0.523651966678674
14889.0,336,1,135.9,1,1,1,111,Lost Customer,Yes,1,0.5239999173355316
14890.0,254,1,125.65,1,1,1,111,Lost Customer,Yes,1,0.5240152039628825
14891.0,148,2,554.38,2,3,3,233,At Risk,Yes,1,0.40798007010781495
14893.0,10,2,1237.85,5,3,4,534,Potential Loyalist,No,0,0.40699337938368374
14894.0,85,1,655.75,2,1,3,213,Lost Customer,No,0,0.5232245659801885
14895.0,8,20,11138.71,5,5,5,555,Champion,No,0,0.0001474774995616461
14896.0,205,2,468.77,1,3,2,132,At Risk,Yes,1,0.40810371336178775
14897.0,8,4,1366.38,5,4,4,544,Champion,No,0,0.21266031016750173
14898.0,23,6,1269.31,4,5,4,454,Champion,No,0,0.09620077907996089
14901.0,11,9,1421.29,5,5,4,554,Champion,No,0,0.025611758145236675
14902.0,26,1,332.66,4,1,2,412,Lost Customer,No,0,0.5237064650618576
14903.0,21,5,2795.33,4,4,5,445,Champion,No,0,0.14388368102975144
14904.0,2,2,1025.44,5,3,4,534,Potential Loyalist,No,0,0.40729994489606736
14905.0,158,2,616.15,2,3,3,233,At Risk,Yes,1,0.40789086528859064
14907.0,3,7,3501.1,5,5,5,555,Champion,No,0,0.061837826365559546
14908.0,74,1,277.8,2,1,2,212,Lost Customer,No,0,0.5237882861497595
14910.0,3,4,434.35,5,4,2,542,Loyal Customer,No,0,0.21359490539111017
14911.0,1,201,143711.17,5,5,5,555,Champion,No,0,1.5919054973504557e-41
14912.0,17,2,867.85,4,3,3,433,Potential Loyalist,No,0,0.40752743687305826
14913.0,36,4,1227.43,3,4,4,344,Loyal Customer,No,0,0.21279945305461606
14915.0,91,2,307.48,2,3,2,232,At Risk,Yes,1,0.4083366899423273
14916.0,71,4,1268.98,3,4,4,344,Loyal Customer,No,0,0.21275783841486517
14918.0,116,2,1610.15,2,3,4,234,At Risk,Yes,1,0.4064562238655204
14920.0,213,2,977.77,1,3,4,134,At Risk,Yes,1,0.4073687556234843
14921.0,30,2,1316.07,4,3,4,434,Potential Loyalist,No,0,0.4068805048407061
14923.0,51,1,749.1,3,1,3,313,Lost Customer,No,0,0.5230853233740682
14924.0,246,1,310.05,1,1,2,112,Lost Customer,Yes,1,0.5237401869588342
14929.0,32,1,223.88,4,1,1,411,Lost Customer,No,0,0.5238687040279908
14930.0,109,3,2362.96,2,3,5,235,At Risk,Yes,1,0.2996365300543927
14931.0,5,5,1257.68,5,4,4,544,Champion,No,0,0.14501992927596308
14932.0,366,1,363.53,1,1,2,112,Lost Customer,Yes,1,0.5236604233612923
14934.0,82,2,1890.94,2,3,4,234,At Risk,No,0,0.4060512471330633
14935.0,297,1,1784.71,1,1,4,114,Lost Customer,Yes,1,0.5215403522660497
14936.0,34,8,8137.02,3,5,5,355,Loyal Customer,No,0,0.03867867229142816
14937.0,57,3,1621.88,3,3,4,334,Lost Customer,No,0,0.30056724906888826
14944.0,30,12,5900.25,4,5,5,455,Champion,No,0,0.0062854091947139885
14946.0,14,1,100.9,4,1,1,411,Lost Customer,No,0,0.5240521153897013
14947.0,72,2,290.82,3,3,2,332,Lost Customer,No,0,0.408360756956337
14948.0,23,6,1101.97,4,5,4,454,Champion,No,0,0.09628781048403913
14950.0,19,1,371.2,4,1,2,412,Lost Customer,No,0,0.5236489837186061
14951.0,79,1,311.69,2,1,2,212,Lost Customer,No,0,0.5237377409726997
14952.0,60,11,8099.49,3,5,5,355,Loyal Customer,No,0,0.009849114950349345
14953.0,25,1,285.67,4,1,2,412,Lost Customer,No,0,0.5237765484963951
14954.0,12,1,294.85,5,1,2,512,Lost Customer,No,0,0.5237628570200212
14957.0,253,1,58.49,1,1,1,111,Lost Customer,Yes,1,0.5241153638133877
14958.0,147,3,483.73,2,3,2,232,At Risk,Yes,1,0.3019998508235364
14959.0,64,4,695.42,3,4,3,343,Loyal Customer,No,0,0.21333281555899622
14960.0,8,2,221.27,5,3,1,531,Potential Loyalist,No,0,0.40846123353941555
14961.0,11,9,7044.68,5,5,5,555,Champion,No,0,0.024785897272874398
14962.0,271,1,126.7,1,1,1,111,Lost Customer,Yes,1,0.5240136380177587
14963.0,10,5,1472.34,5,4,4,544,Champion,No,0,0.14486085970037735
14964.0,247,1,206.21,1,1,1,111,Lost Customer,Yes,1,0.523895057318067
14965.0,96,2,596.09,2,3,3,233,At Risk,Yes,1,0.4079198341664393
14966.0,15,1,183.02,4,1,1,411,Lost Customer,No,0,0.5239296430129586
14967.0,50,1,463.8,3,1,2,312,Lost Customer,No,0,0.5235108708234792
14968.0,30,1,147.59,4,1,1,411,Lost Customer,No,0,0.523982483068571
14970.0,68,4,1592.06,3,4,4,344,Loyal Customer,No,0,0.2124344584275776
14971.0,35,3,1097.98,3,3,4,334,Lost Customer,No,0,0.3012262063677738
14972.0,128,1,114.77,2,1,1,211,Lost Customer,Yes,1,0.5240314301093155
14973.0,107,3,1314.45,2,3,4,234,At Risk,Yes,1,0.30095383245954244
14974.0,37,1,89.94,3,1,1,311,Lost Customer,No,0,0.5240684607295363
14975.0,57,1,279.94,3,1,2,312,Lost Customer,No,0,0.5237850944651684
14976.0,57,7,790.86,3,5,3,353,Loyal Customer,No,0,0.06278466343815581
14978.0,72,5,1921.37,3,4,4,344,Loyal Customer,No,0,0.14452858349674397
14981.0,246,1,102.12,1,1,1,111,Lost Customer,Yes,1,0.5240502959235027
14984.0,19,2,202.37,4,3,1,431,Potential Loyalist,No,0,0.408488539066105
14985.0,198,2,292.01,1,3,2,132,At Risk,Yes,1,0.40835903786933436
14987.0,16,2,326.4,4,3,2,432,Potential Loyalist,No,0,0.4083093586682928
14988.0,212,1,334.54,1,1,2,112,Lost Customer,Yes,1,0.5237036611084526
14995.0,39,2,231.98,3,3,1,331,Lost Customer,No,0,0.4084457606583802
14997.0,46,3,546.1999999999999,3,3,3,333,Lost Customer,No,0,0.3019211187241737
14998.0,170,2,414.87,2,3,2,232,At Risk,Yes,1,0.408181565042255
15000.0,48,1,490.52,3,1,3,313,Lost Customer,No,0,0.5234710172754643
15002.0,116,4,1641.76,2,4,4,244,At Risk,Yes,1,0.21238474414807634
15004.0,147,1,1220.77,2,1,4,214,Lost Customer,Yes,1,0.5223817171525896
15005.0,16,28,6295.37,4,5,5,455,Champion,No,0,3.6533084349702124e-06
15006.0,51,1,480.38,3,1,2,312,Lost Customer,No,0,0.5234861413741887
15007.0,159,1,156.91,2,1,1,211,Lost Customer,Yes,1,0.5239685833373785
15009.0,12,3,1259.43,5,3,4,534,Potential Loyalist,No,0,0.30102304821519466
15010.0,36,1,308.94,3,1,2,312,Lost Customer,No,0,0.5237418424731937
15012.0,54,2,405.04,3,3,2,332,Lost Customer,No,0,0.40819576372131866
15014.0,43,2,257.67,3,3,2,332,Lost Customer,No,0,0.40840864670949745
15016.0,173,1,170.04,2,1,1,211,Lost Customer,Yes,1,0.5239490013569382
15017.0,34,1,125.58,3,1,1,311,Lost Customer,No,0,0.5240153083592074
15018.0,39,3,496.21,3,3,3,333,Lost Customer,No,0,0.30198412111708156
15019.0,267,1,252.81,1,1,2,112,Lost Customer,Yes,1,0.5238255571263946
15021.0,9,9,1871.77,5,5,4,554,Champion,No,0,0.025544624179694223
15022.0,12,4,852.39,5,4,3,543,Loyal Customer,No,0,0.2131753452437411
15023.0,3,11,6720.41,5,5,5,555,Champion,No,0,0.009929856047742935
15024.0,10,10,1636.43,5,5,4,554,Champion,No,0,0.0162075475012342
15025.0,33,1,361.96,4,1,2,412,Lost Customer,No,0,0.5236627649800072
15026.0,80,3,469.0,2,3,2,232,At Risk,No,0,0.302018417012647
15027.0,31,4,1066.15,4,4,4,444,Champion,No,0,0.21296104022646994
15028.0,8,4,627.13,5,4,3,543,Loyal Customer,No,0,0.21340134968053195
15030.0,72,2,518.28,3,3,3,333,Lost Customer,No,0,0.4080322065399466
15031.0,4,4,653.19,5,4,3,543,Loyal Customer,No,0,0.2133751946289651
15032.0,256,3,4959.1,1,3,5,135,At Risk,Yes,1,0.2963891045857414
15033.0,5,10,2557.18,5,5,5,555,Champion,No,0,0.01611999744537324
15034.0,16,8,4274.16,4,5,5,455,Champion,No,0,0.03954669708722308
15035.0,90,1,252.73,2,1,2,212,Lost Customer,No,0,0.5238256764408199
15036.0,72,3,429.56,3,3,2,332,Lost Customer,No,0,0.3020681317074233
15038.0,59,6,685.74,3,5,3,353,Loyal Customer,No,0,0.09650459156917851
15039.0,10,47,19766.59,5,5,5,555,Champion,No,0,4.823293018842361e-10
15041.0,170,1,179.93,2,1,1,211,Lost Customer,Yes,1,0.5239342514388116
15042.0,199,1,135.93,1,1,1,111,Lost Customer,Yes,1,0.5239998725941172
15043.0,31,1,537.0,4,1,3,413,Lost Customer,No,0,0.5234016904815522
15044.0,19,17,7634.73,4,5,5,455,Champion,No,0,0.0006090162893332066
15045.0,152,2,735.66,2,3,3,233,At Risk,Yes,1,0.407718292788891
15046.0,9,15,5090.42,5,5,5,555,Champion,No,0,0.001568514342246064
15047.0,270,1,343.62,1,1,2,112,Lost Customer,Yes,1,0.5236901185890585
15048.0,65,4,381.0,3,4,2,342,Loyal Customer,No,0,0.21364849264644853
15049.0,274,1,121.17000000000002,1,1,1,111,Lost Customer,Yes,1,0.5240218853234383
15050.0,25,3,1737.69,4,3,4,434,Potential Loyalist,No,0,0.3004216951513362
15051.0,23,3,1383.36,4,3,4,434,Potential Loyalist,No,0,0.30086715571927664
15052.0,319,1,207.73,1,1,1,111,Lost Customer,Yes,1,0.5238927903736117
15053.0,5,3,693.95,5,3,3,533,Potential Loyalist,No,0,0.30173495302417963
15054.0,12,2,302.1,5,3,2,532,Potential Loyalist,No,0,0.4083444618351825
15057.0,275,2,1489.5,1,3,4,134,At Risk,Yes,1,0.4066302735958963
15058.0,25,11,2102.54,4,5,5,455,Champion,No,0,0.010205018829780282
15059.0,41,9,1337.72,3,5,4,354,Loyal Customer,No,0,0.025624231261942455
15060.0,8,4,294.25,5,4,2,542,Loyal Customer,No,0,0.2137356493402487
15061.0,4,48,54534.14,5,5,5,555,Champion,No,0,2.458811473059251e-10
15062.0,71,4,987.86,3,4,4,344,Loyal Customer,No,0,0.21303951159755952
15063.0,213,1,370.8,1,1,2,112,Lost Customer,Yes,1,0.5236495803107546
15065.0,38,4,3158.13,3,4,5,345,Loyal Customer,No,0,0.21087202327873583
15066.0,53,1,893.59,3,1,3,313,Lost Customer,No,0,0.5228697923193838
15067.0,78,3,1744.76,2,3,4,234,At Risk,No,0,0.3004128106392928
15068.0,46,2,553.36,3,3,3,333,Lost Customer,No,0,0.40798154318633406
15069.0,179,1,1109.53,2,1,4,214,Lost Customer,Yes,1,0.5225476657614588
15070.0,373,1,106.2,1,1,1,111,Lost Customer,Yes,1,0.5240442111466603
15071.0,94,2,982.07,2,3,4,234,At Risk,Yes,1,0.40736254850711245
15073.0,10,3,1043.41,5,3,4,534,Potential Loyalist,No,0,0.3012948913334255
15074.0,105,1,735.67,2,1,3,213,Lost Customer,Yes,1,0.5231053560347779
15075.0,78,1,773.03,2,1,3,213,Lost Customer,No,0,0.5230496283597436
15076.0,173,1,880.85,2,1,3,213,Lost Customer,Yes,1,0.5228887965084357
15078.0,7,32,9743.11,5,5,5,555,Champion,No,0,5.551306350778466e-07
15079.0,213,4,895.61,1,4,3,143,At Risk,Yes,1,0.21313200236920216
15081.0,22,5,504.8,4,4,3,443,Loyal Customer,No,0,0.14557898290989202
15083.0,257,1,88.2,1,1,1,111,Lost Customer,Yes,1,0.5240710556966295
15087.0,282,1,306.94,1,1,2,112,Lost Customer,Yes,1,0.5237448253806325
15088.0,21,2,1160.07,4,3,4,434,Potential Loyalist,No,0,0.4071056287269791
15089.0,10,6,2420.84,5,5,5,555,Champion,No,0,0.09560378707942181
15090.0,308,1,381.32,1,1,2,112,Lost Customer,Yes,1,0.5236338899147994
15091.0,68,1,480.71,3,1,2,312,Lost Customer,No,0,0.5234856491704702
15092.0,215,2,457.81,1,3,2,132,At Risk,Yes,1,0.4081195433115613
15093.0,18,6,4597.02,4,5,5,455,Champion,No,0,0.09448462371999031
15095.0,104,4,1370.6,2,4,4,244,At Risk,Yes,1,0.21265608534861877
15096.0,43,1,219.39,3,1,1,311,Lost Customer,No,0,0.5238754004906461
15097.0,4,1,248.08,5,1,1,511,Lost Customer,No,0,0.5238326115871147
15098.0,182,3,39916.5,1,3,5,135,At Risk,Yes,1,0.25472417727804075
15099.0,84,1,410.48,2,1,2,212,Lost Customer,No,0,0.5235903980411688
15100.0,334,3,876.0,1,3,3,133,At Risk,Yes,1,0.30150565883300007
15101.0,9,2,317.53000000000003,5,3,2,532,Potential Loyalist,No,0,0.4083221719381201
15103.0,31,2,703.36,4,3,3,433,Potential Loyalist,No,0,0.4077649317624169
15104.0,197,2,993.54,1,3,4,134,At Risk,Yes,1,0.4073459915297026
15105.0,18,7,2298.93,4,5,5,455,Champion,No,0,0.06225615380103128
15106.0,18,5,1422.52,4,4,4,444,Champion,No,0,0.14489776491336015
15107.0,311,6,319.5,1,5,2,152,At Risk,Yes,1,0.09669569727122836
15108.0,142,4,1300.25,2,4,4,244,At Risk,Yes,1,0.21272652368451936
15109.0,246,1,484.95,1,1,2,112,Lost Customer,Yes,1,0.5234793250943934
15110.0,24,4,996.1,4,4,4,444,Champion,No,0,0.2130312515154817
15111.0,29,3,1567.48,4,3,4,434,Potential Loyalist,No,0,0.30063563470578325
15113.0,10,3,3509.43,5,3,5,535,Potential Loyalist,No,0,0.29819993836737635
15114.0,30,10,2760.56,4,5,5,455,Champion,No,0,0.016100721751525306
15115.0,18,1,340.11,4,1,2,412,Lost Customer,No,0,0.5236953536419866
15116.0,18,4,1352.75,4,4,4,444,Champion,No,0,0.21267395615029247
15117.0,15,5,1551.78,4,4,4,444,Champion,No,0,0.14480202899963823
15118.0,134,1,244.8,2,1,1,211,Lost Customer,Yes,1,0.523837503469726
15119.0,246,1,266.4,1,1,2,112,Lost Customer,Yes,1,0.5238052885489423
15120.0,134,1,358.82,2,1,2,212,Lost Customer,Yes,1,0.5236674482143158
15121.0,50,2,457.72,3,3,2,332,Lost Customer,No,0,0.40811967330281396
15122.0,114,3,1633.78,2,3,4,234,At Risk,Yes,1,0.3005522908933712
15123.0,7,2,2199.31,5,3,5,535,Potential Loyalist,No,0,0.40560663961484295
15124.0,23,2,184.19,4,3,1,431,Potential Loyalist,No,0,0.40851480491516406
15125.0,25,15,11528.48,4,5,5,455,Champion,No,0,0.0015093710593403207
15127.0,66,1,406.53,3,1,2,312,Lost Customer,No,0,0.5235962894510507
15128.0,60,4,1471.0,3,4,4,344,Loyal Customer,No,0,0.21255558876763472
15129.0,50,11,3447.4,3,5,5,355,Loyal Customer,No,0,0.010124113551232047
15130.0,170,1,330.11,2,1,2,212,Lost Customer,Yes,1,0.5237102682941412
15132.0,18,5,977.93,4,4,4,444,Champion,No,0,0.14522745017074365
15133.0,128,3,982.42,2,3,4,234,At Risk,Yes,1,0.3013716674236842
15134.0,15,8,1387.99,4,5,4,454,Champion,No,0,0.04020740952424626
15135.0,239,1,139.05,1,1,1,111,Lost Customer,Yes,1,0.5239952194849206
15136.0,3,4,1286.7,5,4,4,544,Champion,No,0,0.21274009265419638
15139.0,240,2,178.96,1,3,1,131,At Risk,Yes,1,0.40852236113902707
15140.0,52,7,2354.25,3,5,5,355,Loyal Customer,No,0,0.06223684585823868
15142.0,46,1,498.74,3,1,3,313,Lost Customer,No,0,0.5234587568798176
15143.0,226,1,259.45,1,1,2,112,Lost Customer,Yes,1,0.5238156540196184
15144.0,8,17,6580.4400000000005,5,5,5,555,Champion,No,0,0.0006128652418449466
15145.0,4,4,1194.73,5,4,4,544,Champion,No,0,0.2128322081025771
15146.0,165,2,1327.16,2,3,4,234,At Risk,Yes,1,0.4068645023291059
15147.0,240,1,623.5,1,1,3,113,Lost Customer,Yes,1,0.5232726698455061
15148.0,11,1,301.29,5,1,2,512,Lost Customer,No,0,0.5237532520849941
15149.0,134,1,520.8000000000001,2,1,3,213,Lost Customer,Yes,1,0.5234258535371935
15150.0,17,10,5291.33,4,5,5,455,Champion,No,0,0.015862751801423783
15152.0,10,13,4745.69,5,5,5,555,Champion,No,0,0.003981096770305254
15153.0,31,1,329.25,4,1,2,412,Lost Customer,No,0,0.5237115509522521
15154.0,75,1,254.28,2,1,2,212,Lost Customer,No,0,0.5238233647233462
15156.0,1,3,961.49,5,3,4,534,Potential Loyalist,No,0,0.30139801731597865
15157.0,4,3,1936.07,5,3,4,534,Potential Loyalist,No,0,0.30017245795026887
15158.0,45,1,401.4,3,1,2,312,Lost Customer,No,0,0.5236039408166141
15159.0,2,30,18641.01,5,5,5,555,Champion,No,0,1.3364685439622883e-06
15160.0,357,1,158.16,1,1,1,111,Lost Customer,Yes,1,0.5239667191002203
15163.0,18,2,304.47,4,3,2,432,Potential Loyalist,No,0,0.40834103815182704
15164.0,69,3,824.58,3,3,3,333,Lost Customer,No,0,0.30157041291326125
15165.0,373,1,487.75,1,1,3,113,Lost Customer,Yes,1,0.5234751488136112
15167.0,321,1,158.8,1,1,1,111,Lost Customer,Yes,1,0.5239657646105367
15168.0,26,1,106.56,4,1,1,411,Lost Customer,No,0,0.5240436742542433
15171.0,331,1,1289.5,1,1,4,114,Lost Customer,Yes,1,0.5222791827867747
15172.0,9,5,1624.05,5,4,4,544,Champion,No,0,0.14474852541151015
15174.0,323,1,135.75,1,1,1,111,Lost Customer,Yes,1,0.5240001410425976
15175.0,72,1,224.14,3,1,1,311,Lost Customer,No,0,0.523868316259289
15178.0,260,1,40.5,1,1,1,111,Lost Customer,Yes,1,0.5241421930809523
15179.0,18,5,2206.9500000000003,4,4,5,445,Champion,No,0,0.14431758779619486
15180.0,367,1,87.5,1,1,1,111,Lost Customer,Yes,1,0.5240720996485417
15181.0,66,3,689.48,3,3,3,333,Lost Customer,No,0,0.30174058428904926
15182.0,154,2,622.85,2,3,3,233,At Risk,Yes,1,0.40788118988374117
15184.0,29,2,402.2,4,3,2,432,Potential Loyalist,No,0,0.4081998659114511
15185.0,70,1,310.62,3,1,2,312,Lost Customer,No,0,0.523739336829636
15186.0,14,2,411.41,4,3,2,432,Potential Loyalist,No,0,0.40818656272870096
15187.0,2,16,4777.18,5,5,5,555,Champion,No,0,0.0009867792431493703
15189.0,1,41,16225.39,5,5,5,555,Champion,No,0,8.063963790107056e-09
15192.0,120,3,1044.32,2,3,4,234,At Risk,Yes,1,0.3012937458816361
15193.0,61,1,499.32,3,1,3,313,Lost Customer,No,0,0.5234578917900057
15194.0,3,15,7616.53,5,5,5,555,Champion,No,0,0.001545037283046784
15195.0,3,1,3861.0,5,1,5,515,Lost Customer,No,0,0.518441634483298
15197.0,11,3,1079.61,5,3,4,534,Potential Loyalist,No,0,0.30124932692012224
15198.0,92,2,193.64,2,3,1,231,At Risk,Yes,1,0.40850115180960256
15199.0,59,4,1268.7,3,4,4,344,Loyal Customer,No,0,0.21275811883058776
15201.0,87,5,1236.54,2,4,4,244,At Risk,No,0,0.14503560250052155
15203.0,26,6,1827.8,4,5,4,454,Champion,No,0,0.09591082412754724
15204.0,357,1,316.58,1,1,2,112,Lost Customer,Yes,1,0.5237304477511855
15205.0,85,2,653.24,2,3,3,233,At Risk,No,0,0.4078373048769145
15206.0,10,4,420.3,5,4,2,542,Loyal Customer,No,0,0.21360901692383766
15208.0,1,5,870.12,5,4,3,543,Loyal Customer,No,0,0.1453074903124137
15210.0,225,1,331.18,1,1,2,112,Lost Customer,Yes,1,0.5237086724283806
15211.0,60,2,894.4100000000001,3,3,3,333,Lost Customer,No,0,0.4074890929103154
15212.0,241,1,101.8,1,1,1,111,Lost Customer,Yes,1,0.5240507731606002
15213.0,319,2,328.35,1,3,2,132,At Risk,Yes,1,0.4083065417880276
15214.0,2,8,1661.44,5,5,4,554,Champion,No,0,0.04014435951535029
15215.0,47,3,734.94,3,3,3,333,Lost Customer,No,0,0.30168331698239625
15216.0,88,1,96.6,2,1,1,211,Lost Customer,No,0,0.5240585282572771
15218.0,11,11,5756.89,5,5,5,555,Champion,No,0,0.009986655816026204
15219.0,176,1,305.75,2,1,2,212,Lost Customer,Yes,1,0.5237466002097548
15220.0,52,6,1778.96,3,5,4,354,Loyal Customer,No,0,0.0959361495094142
15221.0,366,1,403.25,1,1,2,112,Lost Customer,Yes,1,0.5236011815535069
15222.0,319,1,585.0,1,1,3,113,Lost Customer,Yes,1,0.5233300955998986
15223.0,226,2,755.75,1,3,3,133,At Risk,Yes,1,0.4076892850522244
15224.0,358,2,322.08,1,3,2,132,At Risk,Yes,1,0.40831559916294713
15225.0,234,1,409.4,1,1,2,112,Lost Customer,Yes,1,0.5235920088576874
15226.0,311,1,154.41,1,1,1,111,Lost Customer,Yes,1,0.5239723118096911
15227.0,37,5,1219.4,3,4,4,344,Loyal Customer,No,0,0.14504831115217465
15228.0,66,4,3386.71,3,4,5,345,Loyal Customer,No,0,0.21064467944047635
15230.0,239,2,429.6,1,3,2,132,At Risk,Yes,1,0.4081602889768948
15232.0,113,2,612.06,2,3,3,233,At Risk,Yes,1,0.407896771652919
15234.0,277,1,197.0,1,1,1,111,Lost Customer,Yes,1,0.5239087931907113
15235.0,218,12,2247.51,1,5,5,155,At Risk,Yes,1,0.006423306323739962
15236.0,299,1,321.05,1,1,2,112,Lost Customer,Yes,1,0.5237237809324808
15237.0,2,4,1412.32,5,4,4,544,Champion,No,0,0.21261432100461453
15238.0,29,3,1071.99,4,3,4,434,Potential Loyalist,No,0,0.3012589177775303
15239.0,10,2,780.59,5,3,3,533,Potential Loyalist,No,0,0.4076534197307002
15240.0,45,5,1706.57,3,4,4,344,Loyal Customer,No,0,0.14468745353320459
15241.0,67,8,1756.44,3,5,4,354,Loyal Customer,No,0,0.04012247732330502
15243.0,74,1,316.68,2,1,2,212,Lost Customer,No,0,0.5237302986054456
15244.0,65,2,631.57,3,3,3,333,Lost Customer,No,0,0.40786859752348803
15245.0,134,3,2515.84,2,3,5,235,At Risk,Yes,1,0.2994447340487617
15246.0,238,2,514.15,1,3,3,133,At Risk,Yes,1,0.4080381713108346
15247.0,122,1,356.0,2,1,2,212,Lost Customer,Yes,1,0.5236716541727907
15249.0,32,13,6688.46,4,5,5,455,Champion,No,0,0.003935299261963879
15251.0,9,11,10484.99,5,5,5,555,Champion,No,0,0.009710982672956803
15252.0,36,2,740.78,3,3,3,333,Lost Customer,No,0,0.40771090001444155
15253.0,16,5,918.2,4,4,3,443,Loyal Customer,No,0,0.14527179030721904
15254.0,127,1,300.36,2,1,2,212,Lost Customer,Yes,1,0.5237546391341504
15255.0,67,1,890.85,3,1,3,313,Lost Customer,No,0,0.5228738795681461
15256.0,149,1,98.45,2,1,1,211,Lost Customer,Yes,1,0.5240557692338272
15257.0,283,1,317.15,1,1,2,112,Lost Customer,Yes,1,0.5237295976204116
15258.0,169,2,623.16,2,3,3,233,At Risk,Yes,1,0.40788074221748405
15260.0,100,7,1810.77,2,5,4,254,At Risk,Yes,1,0.06242677533958447
15261.0,135,1,254.82,2,1,2,212,Lost Customer,Yes,1,0.5238225593505673
15262.0,324,1,178.95000000000002,1,1,1,111,Lost Customer,Yes,1,0.5239357130099137
15263.0,107,1,156.51,2,1,1,211,Lost Customer,Yes,1,0.5239691798931281
15264.0,64,1,393.74,3,1,2,312,Lost Customer,No,0,0.5236153656420358
15265.0,151,2,1506.12,2,3,4,234,At Risk,Yes,1,0.4066062961848377
15266.0,338,1,119.3,1,1,1,111,Lost Customer,Yes,1,0.5240246741923767
15267.0,22,5,1717.36,4,4,4,444,Champion,No,0,0.14467946959051886
15269.0,24,1,408.8,4,1,2,412,Lost Customer,No,0,0.5235929037555412
15270.0,16,7,2379.49,4,5,5,455,Champion,No,0,0.06222803837949689
15271.0,7,15,2493.34,5,5,5,555,Champion,No,0,0.0015930223504159761
15272.0,57,2,721.94,3,3,3,333,Lost Customer,No,0,0.40773810332010435
15274.0,4,2,716.57,5,3,3,533,Potential Loyalist,No,0,0.40774585723213114
15275.0,38,1,615.14,3,1,3,313,Lost Customer,No,0,0.5232851394902397
15276.0,66,1,128.63,3,1,1,311,Lost Customer,No,0,0.524010759660252
15277.0,47,1,255.9,3,1,2,312,Lost Customer,No,0,0.5238209486046377
15279.0,355,1,290.51,1,1,2,112,Lost Customer,Yes,1,0.5237693299011037
15280.0,172,1,113.12,2,1,1,211,Lost Customer,Yes,1,0.5240338908715784
15281.0,59,9,2332.15,3,5,5,355,Loyal Customer,No,0,0.025476191899574258
15286.0,50,1,240.55,3,1,1,311,Lost Customer,No,0,0.5238438420303309
15287.0,22,2,486.69,4,3,2,432,Potential Loyalist,No,0,0.40807783122691016
15288.0,43,5,2306.52,3,4,5,345,Loyal Customer,No,0,0.1442440825035709
15289.0,29,3,939.78,4,3,4,434,Potential Loyalist,No,0,0.30142535057581993
15290.0,5,18,7943.22,5,5,5,555,Champion,No,0,0.00038158542663379035
15291.0,26,15,4668.3,4,5,5,455,Champion,No,0,0.0015724720103128852
15292.0,201,1,178.39,1,1,1,111,Lost Customer,Yes,1,0.5239365481932166
15296.0,51,6,3672.86,3,5,5,355,Loyal Customer,No,0,0.09495845911083711
15297.0,10,3,641.94,5,3,3,533,Potential Loyalist,No,0,0.3018004784359888
15298.0,2,12,4799.9,5,5,5,555,Champion,No,0,0.00632663676328771
15299.0,67,7,4507.01,3,5,5,355,Loyal Customer,No,0,0.06148981203217703
15300.0,64,1,496.44,3,1,3,313,Lost Customer,No,0,0.5234621874069962
15301.0,51,12,5049.95,3,5,5,355,Loyal Customer,No,0,0.006317244438615056
15303.0,290,1,574.02,1,1,3,113,Lost Customer,Yes,1,0.5233464730137591
15304.0,61,8,694.4,3,5,3,353,Loyal Customer,No,0,0.040367757991632426
15306.0,64,3,1174.35,3,3,4,334,Lost Customer,No,0,0.3011300976170758
15307.0,96,1,205.3,2,1,1,211,Lost Customer,Yes,1,0.5238964145014472
15308.0,274,1,310.47,1,1,2,112,Lost Customer,Yes,1,0.5237395605478594
15311.0,1,91,60632.75,5,5,5,555,Champion,No,0,4.725949550664315e-19
15312.0,75,4,924.85,2,4,3,243,At Risk,No,0,0.21310268288408268
15313.0,110,1,52.0,2,1,1,211,Lost Customer,Yes,1,0.5241250426480387
15314.0,199,1,327.97,1,1,2,112,Lost Customer,Yes,1,0.5237134600242099
15315.0,64,2,570.5,3,3,3,333,Lost Customer,No,0,0.4079567899100002
15316.0,327,1,165.0,1,1,1,111,Lost Customer,Yes,1,0.5239565179826652
15318.0,4,1,312.62,5,1,2,512,Lost Customer,No,0,0.5237363539190807
15319.0,284,1,204.5,1,1,1,111,Lost Customer,Yes,1,0.5238976076294021
15320.0,44,1,267.13,3,1,2,312,Lost Customer,No,0,0.5238041998004723
15321.0,71,3,2748.31,3,3,5,335,Lost Customer,No,0,0.2991532229592859
15322.0,86,1,679.68,2,1,3,213,Lost Customer,No,0,0.5231888718878096
15325.0,104,1,161.74,2,1,1,211,Lost Customer,Yes,1,0.5239613799213036
15326.0,334,1,311.71,1,1,2,112,Lost Customer,Yes,1,0.5237377111435934
15327.0,53,1,208.75,3,1,1,311,Lost Customer,No,0,0.5238912691340174
15329.0,39,3,1049.7,3,3,4,334,Lost Customer,No,0,0.3012869739205671
15330.0,32,2,714.9599999999999,4,3,3,433,Potential Loyalist,No,0,0.4077481819707588
15332.0,366,4,1661.06,1,4,4,144,At Risk,Yes,1,0.21236544089355353
15333.0,208,1,1028.56,1,1,4,114,Lost Customer,Yes,1,0.5226684542449134
15334.0,157,3,350.82,2,3,2,232,At Risk,Yes,1,0.3021673985068926
15335.0,54,1,170.22,3,1,1,311,Lost Customer,No,0,0.5239487329058188
15339.0,66,2,574.07,3,3,3,333,Lost Customer,No,0,0.4079516342396751
15341.0,81,1,2020.52,2,1,4,214,Lost Customer,No,0,0.5211885012783363
15342.0,130,1,406.09,2,1,2,212,Lost Customer,Yes,1,0.5235969457089603
15343.0,87,1,364.5,2,1,2,212,Lost Customer,No,0,0.5236589766281907
15344.0,1,3,563.94,5,3,3,533,Potential Loyalist,No,0,0.30189876279692457
15345.0,46,1,393.54,3,1,2,312,Lost Customer,No,0,0.5236156639400187
15346.0,333,1,252.42,1,1,2,112,Lost Customer,Yes,1,0.523826138784192
15347.0,366,1,201.6,1,1,1,111,Lost Customer,Yes,1,0.5239019327159518
15348.0,72,1,158.04,3,1,1,311,Lost Customer,No,0,0.5239668980670165
15349.0,158,2,463.91,2,3,2,232,At Risk,Yes,1,0.4081107328232891
15350.0,373,1,115.65,1,1,1,111,Lost Customer,Yes,1,0.5240301177022982
15351.0,12,7,1934.66,5,5,4,554,Champion,No,0,0.06238343205832456
15353.0,255,2,770.12,1,3,3,133,At Risk,Yes,1,0.4076685367571643
15355.0,29,2,277.05,4,3,2,432,Potential Loyalist,No,0,0.4083806494118456
15356.0,31,10,2718.03,4,5,5,455,Champion,No,0,0.016104750730660047
15358.0,5,22,8347.2,5,5,5,555,Champion,No,0,5.906678758156497e-05
15360.0,40,1,427.93,3,1,2,312,Lost Customer,No,0,0.5235643713544154
15361.0,362,1,418.92,1,1,2,112,Lost Customer,Yes,1,0.5235778097914737
15363.0,373,1,326.0,1,1,2,112,Lost Customer,Yes,1,0.5237163982039161
15364.0,96,2,913.19,2,3,3,233,At Risk,Yes,1,0.40746198140574913
15365.0,26,7,2314.32,4,5,5,455,Champion,No,0,0.062250781778313814
15366.0,75,2,602.51,2,3,3,233,At Risk,No,0,0.4079105629006035
15367.0,57,4,1877.59,3,4,4,344,Loyal Customer,No,0,0.21214896221562948
15368.0,21,1,446.94000000000005,4,1,2,412,Lost Customer,No,0,0.5235360177809597
15370.0,41,7,2386.05,3,5,5,355,Loyal Customer,No,0,0.06222574946303714
15372.0,137,1,2007.4,2,1,4,214,Lost Customer,Yes,1,0.5212080781239358
15373.0,8,12,2415.91,5,5,5,555,Champion,No,0,0.0064168833447773065
15374.0,129,1,168.0,2,1,1,211,Lost Customer,Yes,1,0.5239520438019921
15376.0,40,3,1221.56,3,3,4,334,Lost Customer,No,0,0.3010706943506819
15379.0,169,7,3703.29,2,5,5,255,At Risk,Yes,1,0.06176772734237891
15380.0,9,5,1690.26,5,4,4,544,Champion,No,0,0.14469952263446928
15381.0,214,2,596.85,1,3,3,133,At Risk,Yes,1,0.4079187366299917
15382.0,15,6,5955.71,4,5,5,455,Champion,No,0,0.09379184142892519
15384.0,170,2,642.41,2,3,3,233,At Risk,Yes,1,0.4078529438865266
15385.0,40,1,316.88,3,1,2,312,Lost Customer,No,0,0.5237300003139532
15386.0,186,1,394.14,1,1,2,112,Lost Customer,Yes,1,0.5236147690460196
15388.0,270,1,140.54,1,1,1,111,Lost Customer,Yes,1,0.523992997325533
15389.0,172,1,500.0,2,1,3,213,Lost Customer,Yes,1,0.5234568775465986
15392.0,5,4,1535.53,5,4,4,544,Champion,No,0,0.21249101499883175
15393.0,16,2,231.86,4,3,1,431,Potential Loyalist,No,0,0.40844593402298895
15394.0,10,4,2183.54,5,4,5,545,Champion,No,0,0.2118433596947045
15395.0,326,1,107.45,1,1,1,111,Lost Customer,Yes,1,0.5240423469366404
15396.0,113,1,288.18,2,1,2,212,Lost Customer,Yes,1,0.5237728049699115
15397.0,290,1,94.0,1,1,1,111,Lost Customer,Yes,1,0.524062405801265
15398.0,16,2,1345.53,4,3,4,434,Potential Loyalist,No,0,0.4068379954476634
15399.0,1,3,815.77,5,3,3,533,Potential Loyalist,No,0,0.3015815082889759
15400.0,92,5,716.2,2,4,3,243,At Risk,Yes,1,0.14542182681979107
15402.0,149,2,626.77,2,3,3,233,At Risk,Yes,1,0.4078755290829719
15405.0,189,1,349.1,1,1,2,112,Lost Customer,Yes,1,0.5236819453336232
15406.0,31,2,510.71,4,3,3,433,Potential Loyalist,No,0,0.4080431395668307
15407.0,34,4,1046.74,3,4,4,344,Loyal Customer,No,0,0.21298049322702717
15408.0,264,1,267.18,1,1,2,112,Lost Customer,Yes,1,0.523804125228651
15410.0,84,8,3450.84,2,5,5,255,At Risk,No,0,0.03973410590457653
15411.0,26,4,1348.93,4,4,4,444,Champion,No,0,0.21267778074435292
15412.0,171,1,190.53,2,1,1,211,Lost Customer,Yes,1,0.52391844258233
15414.0,10,3,774.9000000000001,5,3,3,533,Potential Loyalist,No,0,0.30163298328695987
15415.0,313,1,559.61,1,1,3,113,Lost Customer,Yes,1,0.5233679664288059
15416.0,65,4,3984.32,3,4,5,345,Loyal Customer,No,0,0.21005115059854346
15417.0,85,1,508.8,2,1,3,213,Lost Customer,No,0,0.5234437520262354
15419.0,25,1,135.86,4,1,1,411,Lost Customer,No,0,0.5239999769907502
15421.0,59,4,950.36,3,4,4,344,Loyal Customer,No,0,0.21307710594078738
15422.0,323,2,97.7,1,3,1,131,At Risk,Yes,1,0.40863976989392703
15423.0,38,1,43.5,3,1,1,311,Lost Customer,No,0,0.5241377190604628
15424.0,254,2,383.34,1,3,2,132,At Risk,Yes,1,0.4082271082450286
15426.0,19,5,1404.07,4,4,4,444,Champion,No,0,0.14491143412026192
15427.0,33,3,1430.54,4,3,4,434,Potential Loyalist,No,0,0.3008078197243846
15428.0,15,1,93.78,4,1,1,411,Lost Customer,No,0,0.5240627339010078
15429.0,27,2,397.35,4,3,2,432,Potential Loyalist,No,0,0.4082068714417757
15432.0,23,1,171.19000000000003,4,1,1,411,Lost Customer,No,0,0.5239472862523253
15433.0,214,2,533.3,1,3,3,133,At Risk,Yes,1,0.40801051406652317
15434.0,8,5,1041.48,5,4,4,544,Champion,No,0,0.14518028662020427
15435.0,22,1,149.29,4,1,1,411,Lost Customer,No,0,0.5239799477126468
15436.0,12,3,1067.75,5,3,4,534,Potential Loyalist,No,0,0.3012642544978108
15437.0,262,1,200.16,1,1,1,111,Lost Customer,Yes,1,0.5239040803438031
15438.0,131,1,156.57999999999998,2,1,1,211,Lost Customer,Yes,1,0.5239690754958768
15440.0,55,3,383.68,3,3,2,332,Lost Customer,No,0,0.3021259699559416
15442.0,249,1,594.0,1,1,3,113,Lost Customer,Yes,1,0.5233166714527601
15443.0,2,7,3213.59,5,5,5,555,Champion,No,0,0.061937633696519716
15444.0,9,2,1411.21,5,3,4,534,Potential Loyalist,No,0,0.4067432273233266
15445.0,264,1,113.5,1,1,1,111,Lost Customer,Yes,1,0.5240333241506758
15447.0,331,1,155.17000000000002,1,1,1,111,Lost Customer,Yes,1,0.5239711783543908
15448.0,313,1,494.64,1,1,3,113,Lost Customer,Yes,1,0.5234648721658527
15449.0,26,3,974.52,4,3,4,434,Potential Loyalist,No,0,0.3013816130007483
15450.0,30,1,429.84,4,1,2,412,Lost Customer,No,0,0.5235615225803556
15452.0,30,3,528.48,4,3,3,433,Potential Loyalist,No,0,0.30194345038530845
15453.0,2,7,1371.77,5,5,4,554,Champion,No,0,0.06258058715140132
15454.0,362,1,179.1,1,1,1,111,Lost Customer,Yes,1,0.5239354893000777
15456.0,283,3,434.59,1,3,2,132,At Risk,Yes,1,0.3020617910608855
15457.0,262,1,237.07,1,1,1,111,Lost Customer,Yes,1,0.5238490321871769
15458.0,25,1,161.64,4,1,1,411,Lost Customer,No,0,0.5239615290604539
15460.0,354,1,214.26,1,1,1,111,Lost Customer,Yes,1,0.5238830514497202
15462.0,94,3,234.6,2,3,1,231,At Risk,Yes,1,0.3023139497913988
15463.0,29,1,126.14,4,1,1,411,Lost Customer,No,0,0.5240144731885502
15464.0,338,1,1044.65,1,1,4,114,Lost Customer,Yes,1,0.522644451902758
15465.0,20,18,7354.62,4,5,5,455,Champion,No,0,0.00038293023487656933
15466.0,85,1,334.53,2,1,2,212,Lost Customer,No,0,0.5237036760231023
15467.0,9,3,524.88,5,3,3,533,Potential Loyalist,No,0,0.3019479874061861
15468.0,51,2,467.51,3,3,2,332,Lost Customer,No,0,0.4081055332185772
15469.0,50,2,538.55,3,3,3,333,Lost Customer,No,0,0.4080029318950306
15471.0,2,1,454.48,5,1,2,512,Lost Customer,No,0,0.5235247717660818
15472.0,113,1,371.56,2,1,2,212,Lost Customer,Yes,1,0.5236484467856147
15473.0,14,7,1771.2,4,5,4,454,Champion,No,0,0.06244062494234581
15475.0,77,1,454.11,2,1,2,212,Lost Customer,No,0,0.5235253236267849
15478.0,40,2,1399.92,3,3,4,334,Lost Customer,No,0,0.40675951690444045
15480.0,116,1,905.5,2,1,3,213,Lost Customer,Yes,1,0.5228520261769534
15482.0,16,12,10879.76,4,5,5,455,Champion,No,0,0.006102151243629763
15483.0,161,4,225.26,2,4,1,241,At Risk,Yes,1,0.21380498125306852
15484.0,1,4,3590.41,5,4,5,545,Champion,No,0,0.21044223251564825
15485.0,30,3,2564.5,4,3,5,435,Potential Loyalist,No,0,0.2993837022671352
15488.0,93,1,91.32,2,1,1,211,Lost Customer,Yes,1,0.5240664026512624
15489.0,23,3,1134.28,4,3,4,434,Potential Loyalist,No,0,0.30118052201738377
15491.0,95,6,3100.09,2,5,5,255,At Risk,Yes,1,0.09525319639311093
15492.0,28,2,659.46,4,3,3,433,Potential Loyalist,No,0,0.40782832300010496
15493.0,33,5,1953.41,4,4,4,444,Champion,No,0,0.14450489855140766
15494.0,21,2,1280.58,4,3,4,434,Potential Loyalist,No,0,0.4069317170917823
15497.0,18,2,1262.2,4,3,4,434,Potential Loyalist,No,0,0.406958240320724
15498.0,3,27,13316.4,5,5,5,555,Champion,No,0,5.581980679111831e-06
15500.0,8,4,1131.56,5,4,4,544,Champion,No,0,0.21289549486126016
15502.0,16,12,10384.93,4,5,5,455,Champion,No,0,0.006120121974187342
15503.0,363,1,141.04,1,1,1,111,Lost Customer,Yes,1,0.5239922516342504
15504.0,81,1,52.83,2,1,1,211,Lost Customer,No,0,0.5241238048319828
15505.0,53,5,3610.96,3,4,5,345,Loyal Customer,No,0,0.1432839821328019
15506.0,23,3,972.08,4,3,4,434,Potential Loyalist,No,0,0.3013846848369554
15507.0,172,1,475.86,2,1,2,212,Lost Customer,Yes,1,0.5234928830690128
15508.0,189,6,1000.27,1,5,4,154,At Risk,Yes,1,0.0963407377215483
15510.0,331,1,250.0,1,1,2,112,Lost Customer,Yes,1,0.523829748043952
15511.0,12,5,900.53,5,4,3,543,Loyal Customer,No,0,0.14528490965842417
15512.0,156,2,121.0,2,3,1,231,At Risk,Yes,1,0.4086061037525011
15513.0,33,19,14758.22,4,5,5,455,Champion,No,0,0.00022994594550819022
15514.0,12,11,4023.72,5,5,5,555,Champion,No,0,0.010089637405903759
15516.0,45,3,62.43,3,3,1,331,Lost Customer,No,0,0.302531127009443
15517.0,233,1,267.03,1,1,2,112,Lost Customer,Yes,1,0.5238043489441117
15518.0,64,8,1921.55,3,5,4,354,Loyal Customer,No,0,0.04008447326457287
15520.0,2,1,343.5,5,1,2,512,Lost Customer,No,0,0.5236902975653128
15521.0,40,8,3000.2,3,5,5,355,Loyal Customer,No,0,0.03983704339416387
15522.0,33,2,397.99,4,3,2,432,Potential Loyalist,No,0,0.40820594699852447
15523.0,84,1,412.0100000000001,2,1,2,212,Lost Customer,No,0,0.5235881160502607
15524.0,25,1,440.0,4,1,2,412,Lost Customer,No,0,0.5235463688663993
15525.0,2,3,734.37,5,3,3,533,Potential Loyalist,No,0,0.3016840349900387
15526.0,33,2,148.44,4,3,1,431,Potential Loyalist,No,0,0.40856645682951925
15527.0,19,8,2428.53,4,5,5,455,Champion,No,0,0.03996799501517788
15528.0,254,1,229.33,1,1,1,111,Lost Customer,Yes,1,0.5238605757934153
15529.0,23,11,3962.6,4,5,5,455,Champion,No,0,0.010093288161328122
15530.0,22,4,1497.31,4,4,4,444,Champion,No,0,0.21252925919268234
15531.0,8,2,1972.39,5,3,4,534,Potential Loyalist,No,0,0.4059337976150744
15532.0,25,4,1564.73,4,4,4,444,Champion,No,0,0.21246179990103398
15533.0,19,3,807.57,4,3,3,433,Potential Loyalist,No,0,0.30159183563482883
15535.0,173,4,502.9,2,4,3,243,At Risk,Yes,1,0.21352606491153772
15537.0,163,1,110.92,2,1,1,211,Lost Customer,Yes,1,0.5240371718861137
15539.0,7,1,538.46,5,1,3,513,Lost Customer,No,0,0.5233995128180683
15540.0,11,1,213.3,5,1,1,511,Lost Customer,No,0,0.5238844832068984
15541.0,114,1,85.13000000000001,2,1,1,211,Lost Customer,Yes,1,0.5240756341698828
15543.0,288,1,127.86,1,1,1,111,Lost Customer,Yes,1,0.524011908020692
15544.0,9,9,3546.71,5,5,5,555,Champion,No,0,0.025296511710575027
15545.0,54,2,288.97,3,3,2,332,Lost Customer,No,0,0.40836342949100274
15547.0,7,14,4910.6,5,5,5,555,Champion,No,0,0.0024996838867807477
15549.0,77,3,1681.46,2,3,4,234,At Risk,No,0,0.30049236189069034
15550.0,4,4,575.63,5,4,3,543,Loyal Customer,No,0,0.21345304439247445
15551.0,37,1,436.06,3,1,2,312,Lost Customer,No,0,0.5235522454102269
15552.0,217,1,90.12,1,1,1,111,Lost Customer,Yes,1,0.5240681922845905
15553.0,60,1,428.93,3,1,2,312,Lost Customer,No,0,0.5235628798498633
15554.0,278,1,217.2,1,1,1,111,Lost Customer,Yes,1,0.5238786666909202
15555.0,12,16,4794.86,5,5,5,555,Champion,No,0,0.000986675035212552
15556.0,24,1,279.77,4,1,2,412,Lost Customer,No,0,0.5237853480102771
15557.0,29,1,468.91,4,1,2,412,Lost Customer,No,0,0.5235032491538648
15561.0,12,4,800.5899999999999,5,4,3,543,Loyal Customer,No,0,0.21322730097720177
15562.0,352,1,134.55,1,1,1,111,Lost Customer,Yes,1,0.5240019306987792
15563.0,22,4,1400.44,4,4,4,444,Champion,No,0,0.21262621302205206
15565.0,50,2,173.16000000000005,3,3,1,331,Lost Customer,No,0,0.40853074094071207
15567.0,19,1,186.01,4,1,1,411,Lost Customer,No,0,0.5239251837232215
15568.0,3,3,758.29,5,3,3,533,Potential Loyalist,No,0,0.30165390469660835
15569.0,104,5,1375.71,2,4,4,244,At Risk,Yes,1,0.14493244752066267
15570.0,7,12,4148.82,5,5,5,555,Champion,No,0,0.0063511576415250185
15571.0,12,4,650.4300000000001,5,4,3,543,Loyal Customer,No,0,0.2133779645852143
15572.0,5,7,2533.42,5,5,5,555,Champion,No,0,0.062174349808192864
15573.0,32,2,591.1899999999999,4,3,3,433,Potential Loyalist,No,0,0.40792691041032336
15574.0,178,4,675.64,2,4,3,243,At Risk,Yes,1,0.21335266461771032
15576.0,38,1,921.37,3,1,3,313,Lost Customer,No,0,0.52282835281419
15577.0,151,3,258.88,2,3,2,232,At Risk,Yes,1,0.3022833298291799
15578.0,162,1,127.1,2,1,1,211,Lost Customer,Yes,1,0.5240130414671111
15579.0,69,2,327.6,3,3,2,332,Lost Customer,No,0,0.4083076252028015
15581.0,121,13,3675.77,2,5,5,255,At Risk,Yes,1,0.0040065445937199455
15582.0,25,3,682.9100000000001,4,3,3,433,Potential Loyalist,No,0,0.301748861222918
15584.0,24,4,720.86,4,4,3,443,Loyal Customer,No,0,0.2133072887179717
15585.0,177,1,455.3,2,1,2,212,Lost Customer,Yes,1,0.5235235487232376
15587.0,50,4,913.68,3,4,3,343,Loyal Customer,No,0,0.21311388290109612
15589.0,256,3,478.53,1,3,2,132,At Risk,Yes,1,0.3020064050050812
15592.0,47,1,388.58,3,1,2,312,Lost Customer,No,0,0.5236230617246029
15593.0,71,1,199.8,3,1,1,311,Lost Customer,No,0,0.5239046172506276
15594.0,16,5,1771.78,4,4,4,444,Champion,No,0,0.1446392076841982
15596.0,101,5,1406.59,2,4,4,244,At Risk,Yes,1,0.14490956704348815
15597.0,35,1,324.57,3,1,2,312,Lost Customer,No,0,0.523718530993233
15598.0,53,1,240.68,3,1,1,311,Lost Customer,No,0,0.5238436481450616
15599.0,27,2,761.74,4,3,3,433,Potential Loyalist,No,0,0.4076806362796202
15601.0,11,14,6776.56,5,5,5,555,Champion,No,0,0.002472018150971589
15602.0,8,9,1297.87,5,5,4,554,Champion,No,0,0.02563018109721009
15603.0,79,1,48.48,2,1,1,211,Lost Customer,No,0,0.524130292177897
15604.0,52,1,216.39,3,1,1,311,Lost Customer,No,0,0.5238798747370794
15605.0,36,5,1198.23,3,4,4,344,Loyal Customer,No,0,0.14506400917035145
15606.0,61,9,2920.16,3,5,5,355,Loyal Customer,No,0,0.0253890479026895
15607.0,337,1,104.76,1,1,1,111,Lost Customer,Yes,1,0.5240463587157729
15608.0,28,4,1093.68,4,4,4,444,Champion,No,0,0.21293345145974563
15609.0,184,1,298.48,1,1,2,112,Lost Customer,Yes,1,0.523757443060358
15610.0,52,1,112.46,3,1,1,311,Lost Customer,No,0,0.5240348751761569
15611.0,10,13,1591.45,5,5,4,554,Champion,No,0,0.004056585862587516
15612.0,36,2,195.15,3,3,1,331,Lost Customer,No,0,0.40849897021533965
15615.0,10,23,10399.74,5,5,5,555,Champion,No,0,3.661746243139402e-05
15618.0,33,4,776.851,4,4,3,443,Loyal Customer,No,0,0.21325111443137482
15619.0,11,1,336.4,5,1,2,512,Lost Customer,No,0,0.5237008869828685
15620.0,57,3,1553.18,3,3,4,334,Lost Customer,No,0,0.30065361254958417
15621.0,4,4,1293.03,5,4,4,544,Champion,No,0,0.21273375371373615
15622.0,43,9,3709.56,3,5,5,355,Loyal Customer,No,0,0.025272513967808965
15623.0,141,1,301.03000000000003,2,1,2,212,Lost Customer,Yes,1,0.5237536398622145
15624.0,117,4,588.13,2,4,3,243,At Risk,Yes,1,0.213440496293803
15625.0,104,4,1534.26,2,4,4,244,At Risk,Yes,1,0.21249228572204423
15626.0,75,2,675.8,2,3,3,233,At Risk,No,0,0.4078047278164676
15628.0,5,9,2870.24,5,5,5,555,Champion,No,0,0.025396434833142165
15630.0,45,2,1186.35,3,3,4,334,Lost Customer,No,0,0.40706770127556646
15632.0,16,8,3285.31,4,5,5,455,Champion,No,0,0.039771887450331875
15634.0,17,1,243.55,4,1,1,411,Lost Customer,No,0,0.5238393677530542
15636.0,90,2,724.76,2,3,3,233,At Risk,No,0,0.4077340314517387
15637.0,53,1,223.36,3,1,1,311,Lost Customer,No,0,0.5238694795653078
15639.0,134,1,425.32,2,1,2,212,Lost Customer,Yes,1,0.5235682641793165
15640.0,4,15,12416.11,5,5,5,555,Champion,No,0,0.0015013934331811038
15641.0,105,4,1887.2,2,4,4,244,At Risk,Yes,1,0.21213935823151628
15643.0,192,3,664.0,1,3,3,133,At Risk,Yes,1,0.3017726848982396
15644.0,166,4,803.54,2,4,3,243,At Risk,Yes,1,0.21322434186034495
15645.0,19,1,612.01,4,1,3,413,Lost Customer,No,0,0.5232898081416255
15646.0,158,3,447.64,2,3,2,232,At Risk,Yes,1,0.30204534102774383
15648.0,204,2,639.5,1,3,3,133,At Risk,Yes,1,0.4078571460898978
15649.0,336,2,816.0,1,3,3,133,At Risk,Yes,1,0.4076022945783896
15651.0,37,3,646.3,3,3,3,333,Lost Customer,No,0,0.3017949851283446
15652.0,91,1,337.74,2,1,2,212,Lost Customer,Yes,1,0.5236988884183694
15653.0,93,2,877.44,2,3,3,233,At Risk,Yes,1,0.40751359191621767
15654.0,9,2,922.53,5,3,3,533,Potential Loyalist,No,0,0.4074484980451017
15655.0,243,1,560.6700000000001,1,1,3,113,Lost Customer,Yes,1,0.5233663853755466
15656.0,45,4,748.5,3,4,3,343,Loyal Customer,No,0,0.21327955689057276
15657.0,23,1,30.0,4,1,1,411,Lost Customer,No,0,0.5241578521221447
15658.0,190,5,1024.1,1,4,4,144,At Risk,Yes,1,0.14519318390143485
15659.0,44,1,306.45,3,1,2,312,Lost Customer,No,0,0.5237455561926966
15660.0,25,9,1600.86,4,5,4,454,Champion,No,0,0.025584976686972034
15661.0,317,2,309.8,1,3,2,132,At Risk,Yes,1,0.40833333850825076
15663.0,106,1,138.14,2,1,1,211,Lost Customer,Yes,1,0.5239965766421999
15664.0,51,1,386.43,3,1,2,312,Lost Customer,No,0,0.5236262684223619
15665.0,168,2,2222.21,2,3,5,235,At Risk,Yes,1,0.4055736285845382
15667.0,40,1,301.32000000000005,3,1,2,312,Lost Customer,No,0,0.5237532073414668
15668.0,218,1,76.32000000000001,1,1,1,111,Lost Customer,Yes,1,0.5240887730234239
15669.0,40,4,684.34,3,4,3,343,Loyal Customer,No,0,0.21334393407724797
15670.0,297,1,173.05,1,1,1,111,Lost Customer,Yes,1,0.5239445122558429
15671.0,19,7,2657.13,4,5,5,455,Champion,No,0,0.06213123288875269
15673.0,88,4,2726.23,2,4,5,245,At Risk,No,0,0.21130207824343356
15674.0,73,5,2446.6,2,4,5,245,At Risk,No,0,0.14414072432659206
15675.0,81,3,323.69,2,3,2,232,At Risk,No,0,0.3022016053343246
15676.0,19,3,3435.76,4,3,5,435,Potential Loyalist,No,0,0.29829213189373055
15677.0,49,1,657.23,3,1,3,313,Lost Customer,No,0,0.5232223584126114
15678.0,53,1,352.7,3,1,2,312,Lost Customer,No,0,0.5236765760348278
15679.0,24,4,781.28,4,4,3,443,Loyal Customer,No,0,0.21324667139331174
15680.0,9,3,1333.68,5,3,4,534,Potential Loyalist,No,0,0.3009296430489016
15681.0,25,5,1426.16,4,4,4,444,Champion,No,0,0.14489506824238482
15683.0,117,1,193.75,2,1,1,211,Lost Customer,Yes,1,0.5239136402598302
15687.0,9,9,2993.1,5,5,5,555,Champion,No,0,0.025378258341708215
15689.0,120,2,254.1,2,3,2,232,At Risk,Yes,1,0.4084138041712604
15690.0,4,2,239.76,5,3,1,531,Potential Loyalist,No,0,0.4084345209015169
15691.0,252,1,136.8,1,1,1,111,Lost Customer,Yes,1,0.5239985750929332
15692.0,28,1,191.04,4,1,1,411,Lost Customer,No,0,0.5239176819663283
15694.0,1,14,6479.4,5,5,5,555,Champion,No,0,0.002476403470818541
15695.0,267,2,409.98,1,3,2,132,At Risk,Yes,1,0.4081886282520546
15696.0,33,8,2711.11,4,5,5,455,Champion,No,0,0.039903213342369105
15699.0,18,1,309.65,4,1,2,412,Lost Customer,No,0,0.5237407835406455
15700.0,172,2,696.68,2,3,3,233,At Risk,Yes,1,0.4077745774293401
15701.0,2,4,1529.0,5,4,4,544,Champion,No,0,0.2124975487764775
15703.0,265,1,211.5,1,1,1,111,Lost Customer,Yes,1,0.5238871677505494
15704.0,140,4,2293.62,2,4,5,245,At Risk,Yes,1,0.2117334834918417
15705.0,201,1,143.1,1,1,1,111,Lost Customer,Yes,1,0.5239891793850382
15706.0,64,4,1060.56,3,4,4,344,Loyal Customer,No,0,0.21296664247757388
15707.0,35,4,916.98,3,4,3,343,Loyal Customer,No,0,0.21311057398837316
15708.0,41,7,3235.25,3,5,5,355,Loyal Customer,No,0,0.06193010932309228
15709.0,284,1,133.25,1,1,1,111,Lost Customer,Yes,1,0.5240038694922801
15712.0,9,5,1072.36,5,4,4,544,Champion,No,0,0.1451573736588241
15713.0,143,2,356.7,2,3,2,232,At Risk,Yes,1,0.40826558936304835
15714.0,12,2,330.03000000000003,5,3,2,532,Potential Loyalist,No,0,0.4083041149421676
15716.0,146,4,1101.11,2,4,4,244,At Risk,Yes,1,0.21292600604613218
15717.0,234,1,150.3,1,1,1,111,Lost Customer,Yes,1,0.5239784414123654
15719.0,33,13,5030.07,4,5,5,455,Champion,No,0,0.003974359975416105
15720.0,24,1,598.73,4,1,3,413,Lost Customer,No,0,0.5233096163041467
15721.0,12,1,471.4,5,1,2,512,Lost Customer,No,0,0.5234995352639213
15722.0,36,5,2211.21,3,4,5,345,Loyal Customer,No,0,0.14431444231033755
15723.0,365,1,190.7,1,1,1,111,Lost Customer,Yes,1,0.523918189043675
15724.0,201,2,218.25,1,3,1,131,At Risk,Yes,1,0.40846559660682
15725.0,15,1,415.25,4,1,2,412,Lost Customer,No,0,0.5235832835956746
15727.0,17,7,5159.06,4,5,5,455,Champion,No,0,0.061265201121380335
15729.0,213,1,85.0,1,1,1,111,Lost Customer,Yes,1,0.5240758280465111
15730.0,66,3,1120.88,3,3,4,334,Lost Customer,No,0,0.30119738575379135
15732.0,212,2,294.12,1,3,2,132,At Risk,Yes,1,0.4083559897457911
15733.0,283,1,162.3,1,1,1,111,Lost Customer,Yes,1,0.5239605447419833
15734.0,115,2,1339.45,2,3,4,234,At Risk,Yes,1,0.4068467684871837
15737.0,15,8,1188.12,4,5,4,454,Champion,No,0,0.04025355402575133
15738.0,19,16,4812.42,4,5,5,455,Champion,No,0,0.000986571545451667
15739.0,66,1,449.12,3,1,2,312,Lost Customer,No,0,0.523532766283089
15740.0,49,1,154.88,3,1,1,311,Lost Customer,No,0,0.5239716108571003
15743.0,16,4,775.96,4,4,3,443,Loyal Customer,No,0,0.21325200826362234
15744.0,78,1,34.8,2,1,1,211,Lost Customer,No,0,0.524150693709206
15745.0,19,4,1094.59,4,4,4,444,Champion,No,0,0.2129325395617357
15746.0,134,1,196.88,2,1,1,211,Lost Customer,Yes,1,0.5239089721594973
15747.0,13,3,946.64,5,3,4,534,Potential Loyalist,No,0,0.3014167135666618
15748.0,40,1,144.36,3,1,1,311,Lost Customer,No,0,0.5239873002414213
15749.0,235,3,44534.3,1,3,5,135,At Risk,Yes,1,0.24951806131864138
15750.0,3,8,2463.05,5,5,5,555,Champion,No,0,0.03996007587866458
15752.0,40,7,2626.6,3,5,5,355,Loyal Customer,No,0,0.06214187098141635
15753.0,305,1,79.2,1,1,1,111,Lost Customer,Yes,1,0.5240844779194642
15754.0,51,3,458.57,3,3,2,332,Lost Customer,No,0,0.30203156372820206
15755.0,10,6,2364.25,5,5,5,555,Champion,No,0,0.09563304767470558
15756.0,61,4,528.01,3,4,3,343,Loyal Customer,No,0,0.21350085255332238
15757.0,66,2,714.42,3,3,3,333,Lost Customer,No,0,0.4077489616976828
15758.0,25,1,205.25,4,2,1,421,Potential Loyalist,No,0,0.5238964890719524
15759.0,218,3,253.04,1,3,2,132,At Risk,Yes,1,0.3022906946018882
15762.0,65,2,583.75,3,3,3,333,Lost Customer,No,0,0.40793765482096767
15763.0,32,2,1086.92,4,3,4,434,Potential Loyalist,No,0,0.40721120506875647
15764.0,88,6,3279.9700000000003,2,5,5,255,At Risk,No,0,0.0951605452805101
15766.0,64,1,315.06,3,2,2,322,Lost Customer,No,0,0.52373271476591
15768.0,116,3,621.83,2,4,3,243,At Risk,Yes,1,0.3018258164222807
15769.0,7,26,56252.72,5,5,5,555,Champion,No,0,6.880604936951092e-06
15773.0,6,1,635.6800000000001,5,2,3,523,Potential Loyalist,No,0,0.5232545022968303
15774.0,69,1,270.8,3,2,2,322,Lost Customer,No,0,0.5237987262259695
15775.0,245,1,104.9,1,2,1,121,Lost Customer,Yes,1,0.5240461499243704
15776.0,133,1,241.62,2,2,1,221,Lost Customer,Yes,1,0.5238422462052079
15777.0,241,4,1047.11,1,4,4,144,At Risk,Yes,1,0.21298012239521863
15780.0,184,3,475.28,1,4,2,142,At Risk,Yes,1,0.3020105014095257
15781.0,25,3,345.46000000000004,4,4,2,442,Loyal Customer,No,0,0.3021741564823385
15782.0,10,3,2614.74,5,4,5,545,Champion,No,0,0.2993206962464504
15783.0,11,1,246.3,5,2,1,521,Potential Loyalist,No,0,0.5238352663288555
15785.0,33,5,2328.9700000000003,4,4,5,445,Champion,No,0,0.14422751360163097
15786.0,46,3,4919.0,3,4,5,345,Loyal Customer,No,0,0.2964391092561916
15787.0,26,3,933.26,4,4,3,443,Loyal Customer,No,0,0.30143355964205065
15789.0,358,1,351.3,1,2,2,122,Lost Customer,Yes,1,0.5236786640961208
15790.0,10,1,218.75,5,2,1,521,Potential Loyalist,No,0,0.5238763549968735
15791.0,44,2,1612.69,3,3,4,334,Lost Customer,No,0,0.4064525599129873
15793.0,15,3,965.61,4,4,4,444,Champion,No,0,0.30139283032489067
15795.0,150,1,610.01,2,2,3,223,Lost Customer,Yes,1,0.5232927913033193
15796.0,1,8,2708.61,5,5,5,555,Champion,No,0,0.03990378602773766
15797.0,113,4,2207.4,2,4,5,245,At Risk,Yes,1,0.21181954032939954
15799.0,76,3,884.14,2,4,3,243,At Risk,No,0,0.3014954087171388
15800.0,107,2,696.89,2,3,3,233,At Risk,Yes,1,0.4077742741962142
15801.0,46,3,1063.95,3,4,4,344,Loyal Customer,No,0,0.30126903745319217
15802.0,143,1,451.42,2,2,2,222,Lost Customer,Yes,1,0.5235293358015217
15803.0,51,1,415.8200000000001,3,2,2,322,Lost Customer,No,0,0.5235824334411704
15804.0,1,13,4206.39,5,5,5,555,Champion,No,0,0.003993903721831012
15805.0,23,17,5488.18,4,5,5,455,Champion,No,0,0.0006168784546212379
15806.0,46,3,784.58,3,4,3,343,Loyal Customer,No,0,0.30162079105754785
15807.0,50,3,903.9,3,4,3,343,Loyal Customer,No,0,0.3014705271959853
15808.0,306,4,3651.27,1,4,5,145,At Risk,Yes,1,0.21038177459580515
15809.0,36,5,515.77,3,4,3,343,Loyal Customer,No,0,0.14557082427796858
15810.0,79,4,1391.98,2,4,4,244,At Risk,No,0,0.21263468187590714
15811.0,22,6,2218.62,4,5,5,455,Champion,No,0,0.09570838438526412
15812.0,107,5,1801.14,2,4,4,244,At Risk,Yes,1,0.14461748994882995
15813.0,208,2,1303.91,1,3,4,134,At Risk,Yes,1,0.40689805155487224
15814.0,17,4,1945.33,4,4,4,444,Champion,No,0,0.21208127139433844
15815.0,64,5,2100.6,3,4,5,345,Loyal Customer,No,0,0.1443961326599887
15819.0,49,4,1905.45,3,4,4,344,Loyal Customer,No,0,0.2121211205306426
15820.0,320,1,206.98,1,2,1,121,Lost Customer,Yes,1,0.5238939089318541
15821.0,44,2,570.96,3,3,3,333,Lost Customer,No,0,0.4079561255927988
15822.0,3,2,885.47,5,3,3,533,Potential Loyalist,No,0,0.4075019992238127
15823.0,372,1,15.0,1,2,1,121,Lost Customer,Yes,1,0.5241802220985857
15825.0,172,1,532.94,2,2,3,223,Lost Customer,Yes,1,0.5234077461712201
15826.0,56,3,1654.31,3,4,4,344,Loyal Customer,No,0,0.300526485896165
15827.0,73,14,1836.09,2,5,4,254,At Risk,No,0,0.002545943514107546
15829.0,99,2,636.14,2,3,3,233,At Risk,Yes,1,0.4078619981352939
15830.0,38,1,576.0,3,2,3,323,Lost Customer,No,0,0.5233435197133297
15831.0,58,3,794.64,3,4,3,343,Loyal Customer,No,0,0.301608120504244
15832.0,254,1,836.79,1,2,3,123,Lost Customer,Yes,1,0.5229545200607286
15834.0,70,4,2225.15,3,4,5,345,Loyal Customer,No,0,0.21180182182891474
15835.0,44,4,954.09,3,4,4,344,Loyal Customer,No,0,0.21307336634012297
15836.0,50,1,137.37,3,2,1,321,Lost Customer,No,0,0.5239977250057749
15837.0,65,1,391.98,3,2,2,322,Lost Customer,No,0,0.5236179906637067
15838.0,11,19,33643.08,5,5,5,555,Champion,No,0,0.0002053982150595741
15839.0,33,3,1048.49,4,4,4,444,Champion,No,0,0.30128849697489707
15840.0,59,2,355.56,3,3,2,332,Lost Customer,No,0,0.40826723610265353
15841.0,73,4,1224.06,2,4,4,244,At Risk,No,0,0.2128028285577411
15843.0,304,1,118.95,1,2,1,121,Lost Customer,Yes,1,0.5240251961730276
15844.0,46,1,130.73999999999998,3,2,1,321,Lost Customer,No,0,0.5240076128530696
15845.0,18,8,3711.77,4,5,5,455,Champion,No,0,0.03967461955382356
15847.0,38,2,389.27,3,3,2,332,Lost Customer,No,0,0.4082185425936781
15850.0,19,2,234.88,4,3,1,431,Potential Loyalist,No,0,0.4084415710205928
15852.0,187,2,160.71,1,3,1,131,At Risk,Yes,1,0.40854872879800247
15853.0,52,1,110.8,3,2,1,321,Lost Customer,No,0,0.5240373508504831
15854.0,4,12,2969.12,5,5,5,555,Champion,No,0,0.006395828129083217
15855.0,137,5,712.24,2,4,3,243,At Risk,Yes,1,0.14542476941436705
15856.0,4,27,16143.64,5,5,5,555,Champion,No,0,5.488411430027612e-06
15857.0,19,1,297.0,4,2,2,422,Potential Loyalist,No,0,0.5237596504054679
15858.0,16,5,1427.57,4,4,4,444,Champion,No,0,0.14489402366400433
15860.0,41,8,965.16,3,5,4,354,Loyal Customer,No,0,0.04030508924221536
15861.0,12,8,3146.92,5,5,5,555,Champion,No,0,0.03980350083030104
15862.0,8,4,832.88,5,4,3,543,Loyal Customer,No,0,0.2131949128157673
15863.0,26,2,68.84,4,3,1,431,Potential Loyalist,No,0,0.4086814708606875
15864.0,22,6,1936.32,4,5,4,454,Champion,No,0,0.09585457380595813
15865.0,41,3,895.13,3,4,3,343,Loyal Customer,No,0,0.30148157011571913
15866.0,101,1,211.89,2,2,1,221,Lost Customer,Yes,1,0.5238865860995421
15867.0,5,15,3810.14,5,5,5,555,Champion,No,0,0.001580548620672157
15869.0,277,2,149.64,1,3,1,131,At Risk,Yes,1,0.40856472302621205
15870.0,33,1,351.44,4,2,2,422,Potential Loyalist,No,0,0.5236784552900288
15872.0,15,2,316.25,4,3,2,432,Potential Loyalist,No,0,0.4083240209884737
15874.0,64,7,4405.88,3,5,5,355,Loyal Customer,No,0,0.061524717023136284
15877.0,2,2,490.33,5,3,3,533,Potential Loyalist,No,0,0.4080725739805574
15880.0,369,1,329.03,1,2,2,122,Lost Customer,Yes,1,0.5237118790740442
15881.0,312,5,501.39,1,4,3,143,At Risk,Yes,1,0.1455815190796903
15882.0,199,4,516.36,1,4,3,143,At Risk,Yes,1,0.21351254977358788
15883.0,2,2,396.48,5,3,2,532,Potential Loyalist,No,0,0.4082081281078618
15885.0,93,3,379.35,2,4,2,242,At Risk,Yes,1,0.30213142885950073
15886.0,60,1,181.09,3,2,1,321,Lost Customer,No,0,0.5239325214153445
15888.0,81,1,168.31,2,2,1,221,Lost Customer,No,0,0.5239515814697701
15889.0,157,2,420.07,2,3,2,232,At Risk,Yes,1,0.40817405410411606
15891.0,227,1,511.68,1,2,3,123,Lost Customer,Yes,1,0.5234394563943552
15894.0,253,2,258.25,1,3,2,132,At Risk,Yes,1,0.4084078088044487
15895.0,150,1,179.17,2,2,1,221,Lost Customer,Yes,1,0.523935384902151
15897.0,194,2,208.59,1,3,1,131,At Risk,Yes,1,0.4084795527404676
15898.0,1,5,1383.83,5,4,4,544,Champion,No,0,0.1449264307313986
15899.0,369,1,56.25,1,2,1,121,Lost Customer,Yes,1,0.5241187044301685
15900.0,24,1,337.28000000000003,4,2,2,422,Potential Loyalist,No,0,0.5236995744928352
15901.0,17,3,351.73,4,4,2,442,Loyal Customer,No,0,0.30216625117255586
15903.0,10,7,5126.76,5,5,5,555,Champion,No,0,0.06127630938834151
15904.0,8,1,164.68,5,2,1,521,Potential Loyalist,No,0,0.5239569952283768
15906.0,20,7,1567.69,4,5,4,454,Champion,No,0,0.06251189928602052
15907.0,4,3,882.72,5,4,3,543,Loyal Customer,No,0,0.30149719680662684
15909.0,174,1,191.94,2,2,1,221,Lost Customer,Yes,1,0.523916339702525
15910.0,1,8,1228.88,5,5,4,554,Champion,No,0,0.04024413954302082
15912.0,178,2,264.62,2,3,2,232,At Risk,Yes,1,0.40839860633057895
15916.0,16,8,1502.86,4,5,4,454,Champion,No,0,0.040180912130138774
15917.0,248,1,123.1,1,2,1,121,Lost Customer,Yes,1,0.524019006970503
15918.0,191,2,334.23,1,3,2,132,At Risk,Yes,1,0.40829804784707713
15919.0,20,2,525.69,4,3,3,433,Potential Loyalist,No,0,0.40802150468236936
15920.0,154,4,167.5,2,4,1,241,At Risk,Yes,1,0.213863040102016
15921.0,173,1,323.03000000000003,2,2,2,222,Lost Customer,Yes,1,0.5237208278422989
15922.0,373,1,369.5,1,2,2,122,Lost Customer,Yes,1,0.5236515192347713
15923.0,373,1,127.08,1,2,1,121,Lost Customer,Yes,1,0.5240130712946451
15925.0,194,1,207.15,1,2,1,121,Lost Customer,Yes,1,0.5238936553920068
15930.0,67,1,426.63,3,2,2,322,Lost Customer,No,0,0.5235663103097049
15932.0,4,8,2495.87,5,5,5,555,Champion,No,0,0.039952548128908846
15933.0,21,3,1107.46,4,4,4,444,Champion,No,0,0.30121427519839744
15935.0,239,2,416.86,1,3,2,132,At Risk,Yes,1,0.40817869065893986
15937.0,64,1,145.35000000000002,3,2,1,321,Lost Customer,No,0,0.52398582377096
15938.0,112,5,404.58,2,4,2,242,At Risk,Yes,1,0.1456535363077978
15939.0,90,15,6115.01,2,5,5,255,At Risk,No,0,0.0015589494164541908
15940.0,311,1,35.8,1,2,1,121,Lost Customer,Yes,1,0.5241492023719279
15942.0,134,1,337.44,2,2,2,222,Lost Customer,Yes,1,0.5236993358582486
15944.0,277,1,325.1,1,2,2,122,Lost Customer,Yes,1,0.5237177405189717
15945.0,365,1,181.0,1,2,1,121,Lost Customer,Yes,1,0.5239326556413237
15947.0,83,1,1708.24,2,2,4,224,Lost Customer,No,0,0.5216544482198088
15948.0,8,2,955.24,5,3,4,534,Potential Loyalist,No,0,0.4074012785094936
15949.0,17,2,364.72,4,3,2,432,Potential Loyalist,No,0,0.4082540044636834
15950.0,32,4,1744.71,4,4,4,444,Champion,No,0,0.2122817916008003
15951.0,9,2,708.22,5,3,3,533,Potential Loyalist,No,0,0.40775791415120377
15952.0,34,4,781.91,3,4,3,343,Loyal Customer,No,0,0.2132460394019592
15953.0,15,8,1657.28,4,5,4,454,Champion,No,0,0.040145317986309235
15955.0,24,14,4416.26,4,5,5,455,Champion,No,0,0.0025070648472830474
15957.0,32,1,428.89,4,2,2,422,Potential Loyalist,No,0,0.5235629395100534
15958.0,74,1,104.35,2,2,1,221,Lost Customer,No,0,0.5240469701762603
15963.0,20,2,470.76,4,3,2,432,Potential Loyalist,No,0,0.40810083914865775
15965.0,17,4,808.87,4,4,3,443,Loyal Customer,No,0,0.2132189954641016
15967.0,23,2,397.68,4,3,2,432,Potential Loyalist,No,0,0.40820639477564324
15969.0,3,3,666.1,5,4,3,543,Loyal Customer,No,0,0.3017700391703163
15970.0,304,1,314.1,1,2,2,122,Lost Customer,Yes,1,0.5237341465641795
15971.0,18,12,4199.85,4,5,5,455,Champion,No,0,0.0063492323513979106
15973.0,367,1,307.82000000000005,1,2,2,122,Lost Customer,Yes,1,0.5237435129015681
15974.0,39,7,3442.15,3,5,5,355,Loyal Customer,No,0,0.06185827824497495
15975.0,84,1,371.01,2,2,2,222,Lost Customer,No,0,0.5236492670998851
15976.0,165,2,427.64,2,3,2,232,At Risk,Yes,1,0.40816311998814425
15977.0,17,2,1054.73,4,3,4,434,Potential Loyalist,No,0,0.40725766714819217
15978.0,77,1,1098.78,2,2,4,224,Lost Customer,No,0,0.5225637024233672
15980.0,89,3,2398.86,2,4,5,245,At Risk,No,0,0.29959148530043606
15981.0,25,8,3408.48,4,5,5,455,Champion,No,0,0.03974377112439901
15983.0,22,4,1465.12,4,4,4,444,Champion,No,0,0.21256147346799506
15984.0,3,10,2780.63,5,5,5,555,Champion,No,0,0.016098820811804478
15985.0,123,2,1142.42,2,3,4,234,At Risk,Yes,1,0.4071311019329379
15986.0,30,1,168.12,4,2,1,421,Potential Loyalist,No,0,0.5239518648346851
15987.0,12,7,1432.77,5,5,4,554,Champion,No,0,0.06255919352885303
15988.0,19,1,156.78,4,2,1,421,Potential Loyalist,No,0,0.5239687772180047
15990.0,44,2,792.11,3,3,3,333,Lost Customer,No,0,0.40763678687202465
15992.0,4,1,41.99,5,2,1,521,Potential Loyalist,No,0,0.5241399709845935
15993.0,9,7,2777.67,5,5,5,555,Champion,No,0,0.06208924767382767
15994.0,55,1,414.27,3,2,2,322,Lost Customer,No,0,0.5235847452645029
15996.0,88,6,1032.58,2,5,4,254,At Risk,No,0,0.09632391996862422
15998.0,37,5,3080.22,3,4,5,345,Loyal Customer,No,0,0.14367397628927414
16000.0,3,3,12393.7,5,4,5,545,Champion,No,0,0.2872032723900612
16003.0,30,5,2735.37,4,4,5,445,Champion,No,0,0.14392784942214923
16005.0,12,4,578.71,5,4,3,543,Loyal Customer,No,0,0.21344995249105905
16006.0,211,1,101.4,1,2,1,121,Lost Customer,Yes,1,0.5240513697069102
16007.0,48,4,1693.81,3,4,4,344,Loyal Customer,No,0,0.2123326883031053
16008.0,24,3,478.78,4,4,2,442,Loyal Customer,No,0,0.3020060898983527
16009.0,22,4,972.11,4,4,4,444,Champion,No,0,0.2130553006324986
16010.0,246,3,392.4,1,4,2,142,At Risk,Yes,1,0.3021149766755576
16011.0,8,16,3352.96,5,5,5,555,Champion,No,0,0.00099520997671309
16012.0,35,3,1415.29,3,4,4,344,Loyal Customer,No,0,0.30082699817955383
16013.0,4,47,37130.6,5,5,5,555,Champion,No,0,4.3476362291764273e-10
16014.0,38,3,646.83,3,4,3,343,Loyal Customer,No,0,0.30179431736775314
16015.0,4,3,704.55,5,4,3,543,Loyal Customer,No,0,0.3017215994802846
16016.0,3,8,1465.51,5,5,4,554,Champion,No,0,0.040189525926168625
16017.0,47,1,211.88,3,2,1,321,Lost Customer,No,0,0.5238866010136713
16018.0,39,2,408.9,3,3,2,332,Lost Customer,No,0,0.4081901882298836
16019.0,47,9,3786.24,3,5,5,355,Loyal Customer,No,0,0.02526122200491309
16020.0,17,3,851.01,4,4,3,443,Loyal Customer,No,0,0.301537128177868
16022.0,260,1,602.63,1,2,3,123,Lost Customer,Yes,1,0.5233037991555868
16023.0,46,3,719.81,3,4,3,343,Loyal Customer,No,0,0.3017023760055305
16024.0,12,1,251.03,5,2,2,522,Potential Loyalist,No,0,0.5238282118717138
16025.0,30,1,439.66,4,2,2,422,Potential Loyalist,No,0,0.5235468759795754
16026.0,43,1,236.09,3,2,1,321,Lost Customer,No,0,0.5238504937821409
16027.0,92,6,934.62,2,5,4,254,At Risk,Yes,1,0.0963749174354395
16029.0,39,63,80850.84,3,5,5,355,Loyal Customer,No,0,1.9380438382261309e-13
16030.0,310,1,331.24,1,2,2,122,Lost Customer,Yes,1,0.5237085829405665
16031.0,92,2,547.9,2,3,3,233,At Risk,Yes,1,0.4079894285171085
16033.0,6,20,8778.82,5,5,5,555,Champion,No,0,0.00014957291637207671
16034.0,196,3,437.7000000000001,1,4,2,142,At Risk,Yes,1,0.30205787073866713
16036.0,87,2,758.9200000000001,2,3,3,233,At Risk,No,0,0.40768470798180184
16037.0,270,3,855.02,1,4,3,143,At Risk,Yes,1,0.3015320783493426
16038.0,8,3,471.78,5,4,2,542,Loyal Customer,No,0,0.30201491295725635
16040.0,65,3,1313.55,3,4,4,344,Loyal Customer,No,0,0.300954964596369
16041.0,31,3,3166.4,4,4,5,445,Champion,No,0,0.298629358995757
16042.0,22,5,1177.47,4,4,4,444,Champion,No,0,0.14507940453447982
16043.0,38,4,773.99,3,4,3,343,Loyal Customer,No,0,0.21325398453541244
16045.0,120,4,1340.7,2,4,4,244,At Risk,Yes,1,0.212686020812609
16048.0,373,2,256.44,1,3,2,132,At Risk,Yes,1,0.40841042364782776
16049.0,40,3,1074.81,3,4,4,344,Loyal Customer,No,0,0.30125536838485756
16050.0,174,1,137.9,2,2,1,221,Lost Customer,Yes,1,0.523996934573731
16052.0,54,1,362.06,3,2,2,322,Lost Customer,No,0,0.5236626158323493
16053.0,33,2,1511.95,4,3,4,434,Potential Loyalist,No,0,0.406597885441511
16054.0,145,1,783.9,2,2,3,223,Lost Customer,Yes,1,0.5230334141237566
16055.0,221,1,134.8,1,2,1,121,Lost Customer,Yes,1,0.5240015578537921
16056.0,45,1,650.75,3,2,3,323,Lost Customer,No,0,0.5232320239720479
16057.0,16,7,2263.12,4,5,5,455,Champion,No,0,0.06226865529000459
16059.0,66,6,1453.16,3,5,4,354,Loyal Customer,No,0,0.09610524207769526
16062.0,10,4,1153.62,5,4,4,544,Champion,No,0,0.21287339252732684
16063.0,260,1,335.32,1,2,2,122,Lost Customer,Yes,1,0.5237024977656438
16065.0,365,1,367.14,1,2,2,122,Lost Customer,Yes,1,0.5236550391257796
16066.0,17,5,1521.04,4,4,4,444,Champion,No,0,0.1448247916973661
16070.0,22,2,852.15,4,3,3,433,Potential Loyalist,No,0,0.40755010307345796
16071.0,45,1,326.24,3,2,2,322,Lost Customer,No,0,0.5237160402531769
16072.0,288,1,584.3199999999999,1,2,3,123,Lost Customer,Yes,1,0.5233311098674241
16073.0,297,1,122.4,1,2,1,121,Lost Customer,Yes,1,0.524020050932892
16076.0,3,10,2234.73,5,5,5,555,Champion,No,0,0.016150604737674185
16078.0,284,1,79.2,1,2,1,121,Lost Customer,Yes,1,0.5240844779194642
16079.0,17,3,1352.0,4,4,4,444,Champion,No,0,0.30090659935693737
16080.0,82,2,217.16,2,3,1,231,At Risk,No,0,0.40846717135985605
16081.0,56,5,2799.42,3,4,5,345,Loyal Customer,No,0,0.1438806686199853
16083.0,101,2,1317.62,2,3,4,234,At Risk,Yes,1,0.406878268228917
16084.0,299,1,436.18,1,2,2,122,Lost Customer,Yes,1,0.5235520664292929
16085.0,23,5,981.51,4,4,4,444,Champion,No,0,0.14522479294033802
16086.0,59,5,1121.39,3,4,4,344,Loyal Customer,No,0,0.1451209995642702
16091.0,155,2,315.06,2,3,2,232,At Risk,Yes,1,0.4083257400298018
16092.0,115,3,817.86,2,4,3,243,At Risk,Yes,1,0.30157887610734957
16093.0,107,1,17.0,2,2,1,221,Lost Customer,Yes,1,0.5241772394406644
16094.0,12,4,1078.23,5,4,4,544,Champion,No,0,0.21294893411896038
16096.0,264,1,320.62,1,2,2,122,Lost Customer,Yes,1,0.5237244222599274
16097.0,240,1,185.05,1,2,1,121,Lost Customer,Yes,1,0.5239266154688372
16098.0,88,7,2005.63,2,5,4,254,At Risk,No,0,0.062358615651564066
16099.0,50,3,731.9,3,4,3,343,Loyal Customer,No,0,0.30168714636770544
16101.0,71,1,1290.7,3,2,4,324,Lost Customer,No,0,0.5222773925585349
16102.0,42,3,1842.14,3,4,4,344,Loyal Customer,No,0,0.3002904533652705
16103.0,7,6,1429.64,5,5,4,554,Champion,No,0,0.09611745943108446
16104.0,62,1,298.21,3,2,2,322,Lost Customer,No,0,0.5237578457517649
16105.0,249,1,336.96,1,2,2,122,Lost Customer,Yes,1,0.5237000517619762
16106.0,66,1,108.38,3,2,1,321,Lost Customer,No,0,0.5240409599639508
16107.0,18,7,3204.1600000000003,4,5,5,455,Champion,No,0,0.061940909810083676
16108.0,85,1,842.5,2,2,3,223,Lost Customer,No,0,0.522946002595672
16109.0,219,2,611.88,1,3,3,133,At Risk,Yes,1,0.4078970315913246
16110.0,45,3,1320.95,3,4,4,344,Loyal Customer,No,0,0.3009456559878076
16112.0,143,4,195.74,2,4,1,241,At Risk,Yes,1,0.21383465255508158
16113.0,183,1,161.38,1,2,1,121,Lost Customer,Yes,1,0.5239619168222245
16114.0,171,1,135.75000000000003,2,2,1,221,Lost Customer,Yes,1,0.5240001410425976
16115.0,10,8,1660.88,5,5,4,554,Champion,No,0,0.04014448853900991
16116.0,212,1,612.78,1,2,3,123,Lost Customer,Yes,1,0.5232886596239305
16117.0,190,1,232.21,1,2,1,121,Lost Customer,Yes,1,0.5238562805010484
16119.0,8,2,423.36,5,3,2,532,Potential Loyalist,No,0,0.4081693020134836
16120.0,59,4,1309.14,3,4,4,344,Loyal Customer,No,0,0.2127176215818685
16121.0,57,2,854.66,3,3,3,333,Lost Customer,No,0,0.4075464793423842
16122.0,73,4,684.42,2,4,3,243,At Risk,No,0,0.2133438537976242
16123.0,52,1,307.78000000000003,3,2,2,322,Lost Customer,No,0,0.5237435725597145
16124.0,317,1,249.0,1,2,1,121,Lost Customer,Yes,1,0.5238312394728781
16125.0,367,1,289.35,1,2,2,122,Lost Customer,Yes,1,0.5237710599785661
16126.0,29,4,6287.77,4,4,5,445,Champion,No,0,0.20777492499000202
16127.0,39,1,656.25,3,2,3,323,Lost Customer,No,0,0.5232238201804329
16128.0,18,5,1880.22,4,4,4,444,Champion,No,0,0.14455900756444837
16131.0,52,6,3506.54,3,5,5,355,Loyal Customer,No,0,0.09504396022802239
16133.0,4,33,14589.04,5,5,5,555,Champion,No,0,3.384360541303205e-07
16134.0,22,2,618.09,4,3,3,433,Potential Loyalist,No,0,0.4078880637461105
16135.0,263,1,517.55,1,2,3,123,Lost Customer,Yes,1,0.5234307010505854
16136.0,60,3,709.38,3,4,3,343,Loyal Customer,No,0,0.30171551491074083
16139.0,19,3,635.4100000000001,4,4,3,443,Loyal Customer,No,0,0.3018087059043054
16140.0,66,2,725.1800000000001,3,3,3,333,Lost Customer,No,0,0.4077334250043426
16141.0,88,1,620.4,2,2,3,223,Lost Customer,No,0,0.523277293760216
16142.0,250,1,535.34,1,2,3,123,Lost Customer,Yes,1,0.5234041664540214
16143.0,3,6,2424.94,5,5,5,555,Champion,No,0,0.09560166743219162
16144.0,247,1,175.2,1,2,1,121,Lost Customer,Yes,1,0.5239413057526917
16145.0,9,11,3799.49,5,5,5,555,Champion,No,0,0.010103037277708608
16146.0,157,3,734.13,2,4,3,243,At Risk,Yes,1,0.30168433730933647
16147.0,134,1,375.0,2,2,2,222,Lost Customer,Yes,1,0.5236433160898292
16148.0,296,1,76.32000000000001,1,2,1,121,Lost Customer,Yes,1,0.5240887730234239
16149.0,5,2,280.52,5,3,2,532,Potential Loyalist,No,0,0.40837563654255454
16150.0,43,5,2053.02,3,4,4,344,Loyal Customer,No,0,0.14443128440423622
16152.0,269,1,1829.04,1,2,4,124,Lost Customer,Yes,1,0.5214742093030258
16153.0,50,5,1824.23,3,4,4,344,Loyal Customer,No,0,0.14460041206656205
16156.0,9,9,3092.04,5,5,5,555,Champion,No,0,0.02536362989940037
16157.0,16,3,656.69,4,4,3,443,Loyal Customer,No,0,0.3017818946538709
16159.0,282,1,348.2,1,2,2,122,Lost Customer,Yes,1,0.5236832876574669
16160.0,65,2,1025.44,3,3,4,334,Lost Customer,No,0,0.40729994489606736
16161.0,2,19,5533.67,5,5,5,555,Champion,No,0,0.00024298204624585365
16162.0,252,1,37.4,1,2,1,121,Lost Customer,Yes,1,0.5241468162313871
16163.0,232,2,856.6,1,3,3,133,At Risk,Yes,1,0.40754367853720924
16164.0,17,3,822.48,4,4,3,443,Loyal Customer,No,0,0.301573057646917
16168.0,11,27,3787.6,5,5,5,555,Champion,No,0,5.909249778097089e-06
16169.0,8,4,1822.97,5,4,4,544,Champion,No,0,0.21220355405787672
16170.0,51,6,1885.05,3,5,4,354,Loyal Customer,No,0,0.09588114545207434
16171.0,59,1,73.19999999999999,3,2,1,321,Lost Customer,No,0,0.5240934260486927
16172.0,95,5,1140.21,2,4,4,244,At Risk,Yes,1,0.14510703950084872
16173.0,16,6,1418.32,4,5,4,454,Champion,No,0,0.09612334004660089
16174.0,126,3,1009.55,2,4,4,244,At Risk,Yes,1,0.3013375139705295
16175.0,94,4,1037.59,2,4,4,244,At Risk,Yes,1,0.21298966394725533
16177.0,50,1,331.95,3,2,2,322,Lost Customer,No,0,0.5237075240013187
16178.0,138,1,197.9,2,2,1,221,Lost Customer,Yes,1,0.5239074509246203
16179.0,61,1,215.83,3,2,1,321,Lost Customer,No,0,0.5238807099293225
16180.0,100,8,10254.18,2,5,5,255,At Risk,Yes,1,0.03821071158905544
16181.0,73,1,305.54,2,2,2,222,Lost Customer,No,0,0.5237469134148317
16182.0,72,4,6617.65,3,4,5,345,Loyal Customer,No,0,0.20745043783158765
16183.0,67,1,338.71000000000004,3,2,2,322,Lost Customer,No,0,0.523697441695833
16184.0,64,6,1158.79,3,5,4,354,Loyal Customer,No,0,0.09625825124026352
16185.0,17,2,529.41,4,3,3,433,Potential Loyalist,No,0,0.408016132122787
16186.0,23,12,4006.94,4,5,5,455,Champion,No,0,0.0063565136233695255
16187.0,32,15,6911.4400000000005,4,5,5,455,Champion,No,0,0.001551554694986453
16188.0,45,4,981.86,3,4,4,344,Loyal Customer,No,0,0.21304552636739088
16189.0,16,2,215.48,4,3,1,431,Potential Loyalist,No,0,0.40846959850582965
16190.0,40,1,215.08,3,2,1,321,Lost Customer,No,0,0.523881828490153
16191.0,3,13,5180.52,5,5,5,555,Champion,No,0,0.0039708004971889385
16193.0,237,1,314.45,1,2,2,122,Lost Customer,Yes,1,0.523733624554439
16198.0,75,1,400.681,2,2,2,222,Lost Customer,No,0,0.5236050132001032
16200.0,4,2,1068.87,5,3,4,534,Potential Loyalist,No,0,0.40723725769243946
16201.0,3,4,1863.47,5,4,4,544,Champion,No,0,0.21216307395281941
16202.0,361,1,365.27,1,2,2,122,Lost Customer,Yes,1,0.5236578281902913
16203.0,59,4,592.9,3,4,3,343,Loyal Customer,No,0,0.21343570808103837
16204.0,23,1,384.18,4,2,2,422,Potential Loyalist,No,0,0.5236296242667677
16205.0,31,4,757.63,4,4,3,443,Loyal Customer,No,0,0.21327039713571672
16206.0,55,4,537.0600000000001,3,4,3,343,Loyal Customer,No,0,0.21349176619369634
16207.0,25,1,394.38,4,2,2,422,Potential Loyalist,No,0,0.5236144110883774
16208.0,45,2,664.26,3,3,3,333,Lost Customer,No,0,0.4078213916903224
16209.0,89,5,2262.62,2,4,5,245,At Risk,No,0,0.1442764868448505
16210.0,2,18,21086.3,5,5,5,555,Champion,No,0,0.00035275621004963325
16211.0,89,1,547.02,2,2,3,223,Lost Customer,No,0,0.5233867451293346
16212.0,19,2,690.34,4,3,3,433,Potential Loyalist,No,0,0.40778373221487374
16213.0,79,1,159.0,2,2,1,221,Lost Customer,No,0,0.5239654663324748
16214.0,171,3,1062.75,2,4,4,244,At Risk,Yes,1,0.30127054786912866
16215.0,81,1,242.35,2,2,1,221,Lost Customer,No,0,0.5238411574644241
16216.0,267,1,914.93,1,2,3,123,Lost Customer,Yes,1,0.5228379594085524
16217.0,235,2,304.25,1,3,2,132,At Risk,Yes,1,0.40834135596172183
16218.0,30,7,3084.68,4,5,5,455,Champion,No,0,0.061982432847266566
16221.0,37,3,860.86,3,4,3,343,Loyal Customer,No,0,0.30152472407156955
16222.0,318,1,773.55,1,2,3,123,Lost Customer,Yes,1,0.5230488527028265
16224.0,57,4,1295.3,3,4,4,344,Loyal Customer,No,0,0.21273148054117857
16225.0,45,5,1096.32,3,4,4,344,Loyal Customer,No,0,0.14513959740621685
16226.0,203,3,255.12,1,4,2,142,At Risk,Yes,1,0.3022880715204969
16227.0,225,1,314.22,1,2,2,122,Lost Customer,Yes,1,0.5237339675894171
16229.0,87,2,1010.6,2,3,4,234,At Risk,No,0,0.40732136576074146
16230.0,190,2,542.03,1,3,3,133,At Risk,Yes,1,0.4079979060226335
16232.0,44,4,990.88,3,4,4,344,Loyal Customer,No,0,0.21303648421026528
16233.0,71,3,536.6800000000001,3,4,3,343,Loyal Customer,No,0,0.30193311620438845
16235.0,41,5,867.3100000000001,3,4,3,343,Loyal Customer,No,0,0.1453095769979873
16236.0,78,1,432.2,2,2,2,222,Lost Customer,No,0,0.5235580026270437
16239.0,57,2,414.2,3,3,2,332,Lost Customer,No,0,0.4081825328008648
16240.0,24,2,3718.8,4,3,5,435,Potential Loyalist,No,0,0.40341811328050564
16241.0,10,13,2590.31,5,5,5,555,Champion,No,0,0.0040325275926867
16242.0,8,7,3579.86,5,5,5,555,Champion,No,0,0.06181051153981072
16243.0,34,2,409.1,3,3,2,332,Lost Customer,No,0,0.4081898993449609
16244.0,212,2,1522.75,1,3,4,134,At Risk,Yes,1,0.4065823047924078
16245.0,24,3,1413.66,4,4,4,444,Champion,No,0,0.30082904811466044
16247.0,170,1,114.56,2,2,1,221,Lost Customer,Yes,1,0.5240317432973047
16248.0,62,1,152.94,3,2,1,321,Lost Customer,No,0,0.5239745041501634
16249.0,53,5,1800.07,3,4,4,344,Loyal Customer,No,0,0.14461828138547714
16250.0,261,2,389.44,1,3,2,132,At Risk,Yes,1,0.4082182970361984
16253.0,67,2,3683.86,3,3,5,335,Lost Customer,No,0,0.4034683946762964
16255.0,17,8,2619.91,4,5,5,455,Champion,No,0,0.03992411000330681
16256.0,267,1,752.4300000000001,1,2,3,123,Lost Customer,Yes,1,0.5230803562173649
16257.0,177,1,46.95,2,2,1,221,Lost Customer,Yes,1,0.5241325739321104
16258.0,45,5,5203.51,3,4,5,345,Loyal Customer,No,0,0.14211904673088163
16260.0,51,1,1035.45,3,2,4,324,Lost Customer,No,0,0.5226581760639727
16261.0,17,4,728.54,4,4,3,443,Loyal Customer,No,0,0.21329958293931464
16265.0,9,9,5447.0,5,5,5,555,Champion,No,0,0.02501785955360419
16266.0,74,7,861.89,2,5,3,253,At Risk,No,0,0.06275967700096369
16268.0,71,2,667.65,3,3,3,333,Lost Customer,No,0,0.40781649647488544
16270.0,353,1,1141.24,1,2,4,124,Lost Customer,Yes,1,0.5225003610676194
16271.0,3,5,1404.64,5,4,4,544,Champion,No,0,0.14491101180352886
16272.0,117,1,411.7,2,2,2,222,Lost Customer,Yes,1,0.5235885784145111
16274.0,373,1,351.75,1,2,2,122,Lost Customer,Yes,1,0.5236779929336527
16275.0,197,1,559.87,1,2,3,123,Lost Customer,Yes,1,0.5233675786233327
16276.0,177,1,810.6,2,2,3,223,Lost Customer,Yes,1,0.522993586861554
16278.0,100,1,566.38,2,2,3,223,Lost Customer,Yes,1,0.5233578685617271
16279.0,21,3,1502.78,4,4,4,444,Champion,No,0,0.30071697990636276
16281.0,72,1,2062.06,3,2,5,325,Lost Customer,No,0,0.5211265174525714
16282.0,340,1,168.3,1,2,1,121,Lost Customer,Yes,1,0.5239515963837134
16283.0,6,5,1570.81,5,4,4,544,Champion,No,0,0.14478793894262945
16284.0,31,2,812.68,4,3,3,433,Potential Loyalist,No,0,0.4076070879276433
16287.0,170,1,142.5,2,2,1,221,Lost Customer,Yes,1,0.5239900742150932
16292.0,122,1,302.25,2,2,2,222,Lost Customer,Yes,1,0.5237518202919323
16293.0,22,10,2248.99,4,5,5,455,Champion,No,0,0.01614924995627308
16295.0,10,4,1328.55,5,4,4,544,Champion,No,0,0.21269818610235433
16297.0,269,1,301.9,1,2,2,122,Lost Customer,Yes,1,0.5237523422998647
16298.0,23,3,598.2,4,4,3,443,Loyal Customer,No,0,0.30185559104430076
16302.0,127,1,233.22,2,2,1,221,Lost Customer,Yes,1,0.5238547741650421
16303.0,26,3,5360.63,4,4,5,445,Champion,No,0,0.29588866628969324
16305.0,139,1,361.22,2,2,2,222,Lost Customer,Yes,1,0.5236638686725439
16306.0,214,6,632.27,1,5,3,153,At Risk,Yes,1,0.09653247141332794
16308.0,38,4,2560.0,3,4,5,345,Loyal Customer,No,0,0.21146776915130605
16309.0,106,2,706.57,2,3,3,233,At Risk,Yes,1,0.4077602966693112
16311.0,18,2,616.26,4,3,3,433,Potential Loyalist,No,0,0.4078907064380837
16313.0,3,2,274.15000000000003,5,3,2,532,Potential Loyalist,No,0,0.40838483885613197
16315.0,331,1,226.37,1,2,1,121,Lost Customer,Yes,1,0.5238649903957807
16316.0,64,8,2938.91,3,5,5,355,Loyal Customer,No,0,0.03985106330048117
16317.0,120,3,1341.65,2,4,4,244,At Risk,Yes,1,0.30091961791311117
16318.0,35,1,328.15000000000003,3,2,2,322,Lost Customer,No,0,0.5237131915610077
16319.0,218,1,404.4,1,2,2,122,Lost Customer,Yes,1,0.5235994663351734
16320.0,172,2,1038.46,2,3,4,234,At Risk,Yes,1,0.4072811514087841
16321.0,72,5,373.65,3,4,2,342,Loyal Customer,No,0,0.14567655144908245
16322.0,1,2,326.75,5,3,2,532,Potential Loyalist,No,0,0.40830885307395565
16323.0,196,1,207.50000000000003,1,2,1,121,Lost Customer,Yes,1,0.5238931333981649
16324.0,128,3,408.59,2,4,2,242,At Risk,Yes,1,0.3020945665879858
16325.0,47,3,594.24,3,4,3,343,Loyal Customer,No,0,0.30186058094516943
16326.0,6,14,3039.2200000000003,5,5,5,555,Champion,No,0,0.0025277401708324572
16327.0,14,6,3820.27,4,5,5,455,Champion,No,0,0.09488273672702892
16330.0,18,3,251.91,4,4,2,442,Loyal Customer,No,0,0.30229211964670555
16332.0,28,7,1582.8,4,5,4,454,Champion,No,0,0.06250660477371031
16333.0,8,22,26626.8,5,5,5,555,Champion,No,0,5.295146476108265e-05
16337.0,37,1,151.05,3,2,1,321,Lost Customer,No,0,0.5239773228722702
16338.0,157,1,214.8,2,2,1,221,Lost Customer,Yes,1,0.523882246086135
16339.0,284,1,94.05,1,2,1,121,Lost Customer,Yes,1,0.5240623312331387
16340.0,107,1,534.31,2,2,3,223,Lost Customer,Yes,1,0.5234057027496137
16341.0,25,4,1971.87,4,4,4,444,Champion,No,0,0.21205475496619156
16342.0,75,4,322.41,2,4,2,242,At Risk,No,0,0.21370735448525913
16343.0,16,2,328.58,4,3,2,432,Potential Loyalist,No,0,0.4083062095410089
16344.0,158,1,101.1,2,2,1,221,Lost Customer,Yes,1,0.5240518171165977
16345.0,44,1,565.46,3,2,3,323,Lost Customer,No,0,0.5233592407988473
16347.0,11,2,847.45,5,3,3,533,Potential Loyalist,No,0,0.40755688857303024
16348.0,32,7,1415.65,4,5,4,454,Champion,No,0,0.06256519708268271
16349.0,291,1,53.5,1,2,1,121,Lost Customer,Yes,1,0.5241228056308541
16350.0,21,4,1116.47,4,4,4,444,Champion,No,0,0.2129106147837579
16351.0,333,1,153.9,1,2,1,121,Lost Customer,Yes,1,0.5239730724177147
16352.0,18,2,494.44,4,3,3,433,Potential Loyalist,No,0,0.40806663793922077
16353.0,4,23,6675.71,5,5,5,555,Champion,No,0,3.7441941374577136e-05
16354.0,63,2,395.8,3,3,2,332,Lost Customer,No,0,0.40820911033046575
16356.0,198,3,211.77,1,4,1,141,At Risk,Yes,1,0.3023427427347908
16357.0,33,3,658.88,4,4,3,443,Loyal Customer,No,0,0.30177913549009144
16358.0,1,4,2027.5,5,4,4,544,Champion,No,0,0.2119991822375068
16359.0,7,9,1750.92,5,5,4,554,Champion,No,0,0.025562617331092753
16360.0,5,6,3450.41,5,5,5,555,Champion,No,0,0.09507283085927735
16361.0,10,4,891.21,5,4,3,543,Loyal Customer,No,0,0.21313641458461766
16362.0,32,5,709.99,4,4,3,443,Loyal Customer,No,0,0.14542644136511595
16363.0,53,1,109.36,3,2,1,321,Lost Customer,No,0,0.5240394984224358
16364.0,12,2,705.79,5,3,3,533,Potential Loyalist,No,0,0.4077614229521078
16365.0,18,9,1540.42,4,5,4,454,Champion,No,0,0.025593987793394106
16366.0,19,1,327.3,4,2,2,422,Potential Loyalist,No,0,0.5237144593037867
16367.0,37,2,800.67,3,3,3,333,Lost Customer,No,0,0.4076244278710352
16368.0,2,2,479.91,5,3,2,532,Potential Loyalist,No,0,0.4080876236264727
16369.0,18,3,1545.41,4,4,4,444,Champion,No,0,0.3006633811874238
16370.0,82,4,1301.91,2,4,4,244,At Risk,No,0,0.21272486140398805
16372.0,33,2,355.73,4,3,2,432,Potential Loyalist,No,0,0.4082669905360906
16374.0,66,2,466.73,3,3,2,332,Lost Customer,No,0,0.40810665979785254
16376.0,9,2,974.96,5,3,4,534,Potential Loyalist,No,0,0.40737281191783126
16377.0,267,1,676.2,1,2,3,123,Lost Customer,Yes,1,0.5231940626857157
16378.0,247,3,362.95,1,4,2,142,At Risk,Yes,1,0.30215210512140833
16379.0,4,4,2157.4,5,4,5,545,Champion,No,0,0.21186945742524776
16380.0,61,1,1743.15,3,2,4,324,Lost Customer,No,0,0.5216023615404957
16383.0,75,2,643.76,2,3,3,233,At Risk,No,0,0.4078509944153114
16384.0,90,2,584.5,2,3,3,233,At Risk,No,0,0.40793657171106706
16385.0,60,3,554.86,3,4,3,343,Loyal Customer,No,0,0.30191020528493395
16386.0,29,2,302.57,4,3,2,432,Potential Loyalist,No,0,0.408343782876173
16387.0,323,1,94.36,1,2,1,121,Lost Customer,Yes,1,0.524061868910732
16389.0,53,4,1382.0700000000002,3,4,4,344,Loyal Customer,No,0,0.21264460256039933
16392.0,270,1,217.89,1,2,1,121,Lost Customer,Yes,1,0.5238776376143418
16393.0,2,13,3040.96,5,5,5,555,Champion,No,0,0.004021719929314778
16394.0,57,5,1555.34,3,4,4,344,Loyal Customer,No,0,0.14479939304319825
16395.0,61,5,1482.06,3,4,4,344,Loyal Customer,No,0,0.14485366031619223
16398.0,154,2,1705.8,2,3,4,234,At Risk,Yes,1,0.4063182558340952
16399.0,19,2,408.02,4,3,2,432,Potential Loyalist,No,0,0.4081914593242973
16400.0,95,1,303.93,2,2,2,222,Lost Customer,Yes,1,0.5237493146531347
16401.0,1,12,4098.32,5,5,5,555,Champion,No,0,0.006353063506568001
16402.0,265,2,293.45,1,3,2,132,At Risk,Yes,1,0.408356957632598
16403.0,312,1,177.5,1,2,1,121,Lost Customer,Yes,1,0.5239378755378331
16404.0,70,1,443.05,3,2,2,322,Lost Customer,No,0,0.523541819760736
16405.0,302,2,167.25,1,3,1,131,At Risk,Yes,1,0.4085392797243564
16406.0,19,1,154.35,4,2,1,421,Potential Loyalist,No,0,0.5239724012929938
16407.0,13,10,2079.68,5,5,5,555,Champion,No,0,0.016165342590412825
16409.0,36,5,2022.98,3,4,4,344,Loyal Customer,No,0,0.14445348139186126
16411.0,19,2,211.7,4,3,1,431,Potential Loyalist,No,0,0.40847505960058894
16412.0,54,1,135.99,3,2,1,321,Lost Customer,No,0,0.5239997831112874
16413.0,57,1,262.2,3,2,2,322,Lost Customer,No,0,0.5238115525768393
16414.0,22,2,126.25,4,3,1,431,Potential Loyalist,No,0,0.40859851815227805
16415.0,44,1,200.27,3,2,1,321,Lost Customer,No,0,0.523903916288929
16416.0,27,3,1051.4,4,4,4,444,Champion,No,0,0.30128483409956813
16418.0,45,3,631.12,3,4,3,343,Loyal Customer,No,0,0.30181411115570717
16419.0,113,6,958.71,2,5,4,254,At Risk,Yes,1,0.096362374070649
16422.0,17,51,34684.4,4,5,5,455,Champion,No,0,6.843305870120117e-11
16423.0,25,1,346.12,4,2,2,422,Potential Loyalist,No,0,0.5236863899157073
16424.0,191,1,133.56,1,2,1,121,Lost Customer,Yes,1,0.5240034071646649
16425.0,302,1,302.7,1,2,2,122,Lost Customer,Yes,1,0.5237511491388002
16426.0,2,10,1863.76,5,5,4,554,Champion,No,0,0.016185888312818426
16427.0,263,2,241.06,1,3,1,131,At Risk,Yes,1,0.40843264280237984
16429.0,106,1,284.55,2,2,2,222,Lost Customer,Yes,1,0.523778218913725
16430.0,57,1,300.85,3,2,2,322,Lost Customer,No,0,0.5237539083233502
16431.0,213,3,623.28,1,4,3,143,At Risk,Yes,1,0.30182398942613314
16432.0,64,1,287.40000000000003,3,2,2,322,Lost Customer,No,0,0.5237739682971526
16433.0,28,1,184.26,4,2,1,421,Potential Loyalist,No,0,0.5239277936758717
16434.0,29,7,1511.8,4,5,4,454,Champion,No,0,0.0625314866623939
16438.0,6,5,798.35,5,4,3,543,Loyal Customer,No,0,0.1453607939876612
16440.0,8,5,3640.67,5,4,5,545,Champion,No,0,0.14326217694325485
16441.0,67,2,381.2,3,3,2,332,Lost Customer,No,0,0.40823019940439875
16442.0,2,3,609.3,5,4,3,543,Loyal Customer,No,0,0.30184160445051883
16444.0,46,4,654.67,3,4,3,343,Loyal Customer,No,0,0.21337370930090013
16445.0,34,1,230.51,3,2,1,321,Lost Customer,No,0,0.5238588159171084
16446.0,1,2,168472.5,5,3,5,535,Potential Loyalist,No,0,0.20159512612199074
16447.0,136,1,255.91,2,2,2,222,Lost Customer,Yes,1,0.5238209336903212
16448.0,198,1,182.99,1,2,1,121,Lost Customer,Yes,1,0.5239296877549767
16449.0,198,2,707.69,1,3,3,133,At Risk,Yes,1,0.4077586794444262
16450.0,150,1,311.92,2,2,2,222,Lost Customer,Yes,1,0.5237373979379677
16451.0,88,1,266.97,2,2,2,222,Lost Customer,No,0,0.5238044384302932
16454.0,45,2,6.9,3,3,1,331,Lost Customer,No,0,0.408770974877389
16455.0,64,7,1841.18,3,5,4,354,Loyal Customer,No,0,0.06241613370921473
16456.0,99,5,2158.18,2,4,5,245,At Risk,Yes,1,0.1443536025020905
16457.0,218,1,208.36,1,2,1,121,Lost Customer,Yes,1,0.5238918507845028
16458.0,3,18,3482.74,5,5,5,555,Champion,No,0,0.00039189540268224824
16460.0,28,3,811.23,4,4,3,443,Loyal Customer,No,0,0.3015872260873402
16461.0,178,1,142.92,2,2,1,221,Lost Customer,Yes,1,0.5239894478340709
16462.0,74,3,136.0,2,4,1,241,At Risk,No,0,0.3024383141556212
16463.0,21,4,1422.4,4,4,4,444,Champion,No,0,0.21260423118874952
16464.0,20,3,1298.66,4,4,4,444,Champion,No,0,0.30097369552318715
16466.0,34,7,1595.96,3,5,4,354,Loyal Customer,No,0,0.06250199387830617
16468.0,74,1,74.9,2,2,1,221,Lost Customer,No,0,0.5240908907469816
16469.0,24,4,625.42,4,4,3,443,Loyal Customer,No,0,0.21340306599928366
16470.0,52,4,752.77,3,4,3,343,Loyal Customer,No,0,0.2132752729388619
16471.0,275,1,223.95,1,2,1,121,Lost Customer,Yes,1,0.5238685996287277
16473.0,165,3,316.11,2,4,2,242,At Risk,Yes,1,0.30221116296044587
16474.0,7,7,1810.65,5,5,4,554,Champion,No,0,0.06242681733556119
16475.0,88,4,544.3,2,4,3,243,At Risk,No,0,0.21348449730884866
16477.0,64,7,2494.46,3,5,5,355,Loyal Customer,No,0,0.06218793440672841
16478.0,25,3,331.0,4,4,2,442,Loyal Customer,No,0,0.30219238831366635
16479.0,10,2,300.83,5,3,2,532,Potential Loyalist,No,0,0.4083462964708515
16480.0,76,1,769.29,2,2,3,223,Lost Customer,No,0,0.5230552071196797
16482.0,16,1,220.62,4,2,1,421,Potential Loyalist,No,0,0.5238735660485005
16483.0,192,1,139.35,1,2,1,121,Lost Customer,Yes,1,0.523994772070355
16484.0,174,2,404.3,2,3,2,232,At Risk,Yes,1,0.40819683260061396
16485.0,77,1,363.65,2,2,2,222,Lost Customer,No,0,0.5236602443840229
16488.0,33,3,498.8,4,4,3,443,Loyal Customer,No,0,0.30198085675707964
16491.0,47,1,731.5,3,2,3,323,Lost Customer,No,0,0.5231115761384325
16493.0,80,4,1351.63,2,4,4,244,At Risk,No,0,0.21267507749204068
16494.0,297,1,826.53,1,2,3,123,Lost Customer,Yes,1,0.5229698246141282
16495.0,3,3,648.26,5,4,3,543,Loyal Customer,No,0,0.30179251567826676
16496.0,9,3,1599.52,5,4,4,544,Champion,No,0,0.3005953565032392
16497.0,50,6,2965.69,3,5,5,355,Loyal Customer,No,0,0.09532247471333612
16498.0,161,2,100.97,2,3,1,231,At Risk,Yes,1,0.4086350450232318
16499.0,360,2,365.45,1,3,2,132,At Risk,Yes,1,0.4082529499828923
16500.0,5,6,400.86,5,5,2,552,Loyal Customer,No,0,0.09665321407669987
16503.0,107,4,1431.93,2,4,4,244,At Risk,Yes,1,0.21259469222992453
16504.0,25,1,465.88,4,2,2,422,Potential Loyalist,No,0,0.5235077684622177
16505.0,32,1,777.6,4,2,3,423,Potential Loyalist,No,0,0.5230428115249558
16506.0,20,2,90.3,4,3,1,431,Potential Loyalist,No,0,0.40865046232418256
16509.0,297,1,363.7000000000001,1,2,2,122,Lost Customer,Yes,1,0.523660169810159
16510.0,372,1,248.1,1,2,1,121,Lost Customer,Yes,1,0.5238325817585482
16511.0,22,3,918.33,4,4,3,443,Loyal Customer,No,0,0.3014523578751987
16513.0,5,4,874.59,5,4,3,543,Loyal Customer,No,0,0.21315308132646546
16515.0,52,5,1624.14,3,4,4,344,Loyal Customer,No,0,0.14474845879212625
16516.0,30,1,101.7,4,2,1,421,Potential Loyalist,No,0,0.5240509222971841
16517.0,277,1,162.70000000000002,1,2,1,121,Lost Customer,Yes,1,0.5239599481852438
16518.0,61,2,484.32,3,3,2,332,Lost Customer,No,0,0.40808125422554037
16519.0,25,2,215.08,4,3,1,431,Potential Loyalist,No,0,0.40847017639838595
16520.0,186,3,1046.57,1,4,4,144,At Risk,Yes,1,0.3012909137312514
16523.0,2,21,9418.47,5,5,5,555,Champion,No,0,9.351502880786242e-05
16525.0,2,26,13027.45,5,5,5,555,Champion,No,0,8.909884873192666e-06
16526.0,172,1,290.36,2,2,2,222,Lost Customer,Yes,1,0.5237695536180491
16527.0,81,1,228.06,2,2,1,221,Lost Customer,No,0,0.523862469896914
16528.0,4,1,244.41,5,2,1,521,Potential Loyalist,No,0,0.5238380851261957
16529.0,190,1,455.25,1,2,2,122,Lost Customer,Yes,1,0.5235236232990288
16531.0,22,7,1244.59,4,5,4,454,Champion,No,0,0.06262521305954576
16532.0,18,3,6748.8,4,4,5,445,Champion,No,0,0.29416233204681264
16533.0,19,3,1082.81,4,4,4,444,Champion,No,0,0.30124529931525623
16535.0,5,1,593.75,5,2,3,523,Potential Loyalist,No,0,0.5233170443461912
16536.0,110,1,548.12,2,2,3,223,Lost Customer,Yes,1,0.5233851044194536
16539.0,3,4,1388.81,5,4,4,544,Champion,No,0,0.21263785525690032
16542.0,54,1,119.62,3,2,1,321,Lost Customer,No,0,0.5240241969528785
16545.0,165,1,339.3,2,2,2,222,Lost Customer,Yes,1,0.5236965617303845
16546.0,291,2,787.15,1,3,3,133,At Risk,Yes,1,0.40764394821578975
16549.0,10,10,4034.9,5,5,5,555,Champion,No,0,0.015980459023452177
16550.0,109,5,2298.97,2,4,5,245,At Risk,Yes,1,0.14424965502886747
16551.0,96,3,922.12,2,4,3,243,At Risk,Yes,1,0.30144758585604936
16552.0,243,2,379.73,1,3,2,132,At Risk,Yes,1,0.4082323227750881
16553.0,163,12,5719.82,2,5,5,255,At Risk,Yes,1,0.006292151144609764
16554.0,42,3,837.1,3,4,3,343,Loyal Customer,No,0,0.30155464553659705
16555.0,35,2,285.89,3,3,2,332,Lost Customer,No,0,0.4083678789120868
16556.0,67,7,3313.79,3,5,5,355,Loyal Customer,No,0,0.06190283281307309
16557.0,24,2,281.85,4,3,2,432,Potential Loyalist,No,0,0.408373715188484
16558.0,1,20,8338.49,5,5,5,555,Champion,No,0,0.00014996718130591848
16560.0,27,2,841.41,4,3,3,433,Potential Loyalist,No,0,0.4075656087136088
16561.0,6,2,511.12,5,3,3,533,Potential Loyalist,No,0,0.408042547419054
16563.0,54,1,1077.74,3,2,4,324,Lost Customer,No,0,0.5225950893925844
16565.0,364,1,173.7,1,2,1,121,Lost Customer,Yes,1,0.5239435428481216
16566.0,15,5,614.66,4,4,3,443,Loyal Customer,No,0,0.14549729471674053
16567.0,194,2,865.6,1,3,3,133,At Risk,Yes,1,0.40753068518972496
16569.0,3,1,124.2,5,2,1,521,Potential Loyalist,No,0,0.5240173664577533
16570.0,15,10,3738.4,4,5,5,455,Champion,No,0,0.016008361361124795
16571.0,27,3,1421.69,4,4,4,444,Champion,No,0,0.30081894943156723
16572.0,127,3,1009.6,2,4,4,244,At Risk,Yes,1,0.3013374510284902
16573.0,85,2,663.61,2,3,3,233,At Risk,No,0,0.40782233030304194
16574.0,71,1,451.44,3,2,2,322,Lost Customer,No,0,0.5235293059712375
16581.0,183,1,105.84,1,2,1,121,Lost Customer,Yes,1,0.5240447480390219
16582.0,113,1,313.62,2,2,2,222,Lost Customer,Yes,1,0.523734862463168
16583.0,374,1,233.45,1,2,1,121,Lost Customer,Yes,1,0.5238544311379701
16584.0,80,2,936.08,2,3,4,234,At Risk,No,0,0.4074289373146463
16586.0,249,1,463.95,1,2,2,122,Lost Customer,Yes,1,0.5235106470955644
16587.0,232,1,225.15,1,2,1,121,Lost Customer,Yes,1,0.5238668099267516
16589.0,71,3,459.24,3,4,2,342,Loyal Customer,No,0,0.30203071920268076
16591.0,69,1,213.5,3,2,1,321,Lost Customer,No,0,0.5238841849241854
16592.0,4,16,4113.68,5,5,5,555,Champion,No,0,0.0009906979469290137
16593.0,51,3,330.03,3,4,2,342,Loyal Customer,No,0,0.30219361135648415
16594.0,75,1,181.09,2,2,1,221,Lost Customer,No,0,0.5239325214153445
16595.0,61,1,360.16,3,2,2,322,Lost Customer,No,0,0.5236654496371262
16596.0,16,2,250.15,4,3,2,432,Potential Loyalist,No,0,0.408419510630044
16597.0,4,1,90.04,5,2,1,521,Potential Loyalist,No,0,0.5240683115934569
16598.0,286,1,145.05,1,2,1,121,Lost Customer,Yes,1,0.5239862711862956
16600.0,4,6,813.52,5,5,3,553,Loyal Customer,No,0,0.09643799480477297
16601.0,41,1,242.7,3,2,1,321,Lost Customer,No,0,0.5238406354653378
16602.0,36,1,528.08,3,2,3,323,Lost Customer,No,0,0.5234149950911814
16603.0,75,2,482.47,2,3,2,232,At Risk,No,0,0.40808392619269374
16607.0,18,14,3347.71,4,5,5,455,Champion,No,0,0.0025230936691584133
16609.0,15,7,5493.46,4,5,5,455,Champion,No,0,0.06115030845796834
16610.0,219,1,75.66,1,2,1,121,Lost Customer,Yes,1,0.5240897573175797
16611.0,186,1,129.49,1,2,1,121,Lost Customer,Yes,1,0.5240094770755641
16612.0,33,4,1187.66,4,4,4,444,Champion,No,0,0.21283929048801709
16613.0,70,1,618.59,3,2,3,323,Lost Customer,No,0,0.5232799935279276
16614.0,183,1,506.19,1,2,3,123,Lost Customer,Yes,1,0.5234476449396308
16616.0,15,2,500.42,4,3,3,433,Potential Loyalist,No,0,0.4080580011191949
16617.0,236,1,151.85,1,2,1,121,Lost Customer,Yes,1,0.5239761297625701
16618.0,31,5,2647.59,4,4,5,445,Champion,No,0,0.14399253122998615
16619.0,264,1,226.21,1,2,1,121,Lost Customer,Yes,1,0.5238652290228294
16620.0,4,2,178.96,5,3,1,531,Potential Loyalist,No,0,0.40852236113902707
16621.0,52,4,813.48,3,4,3,343,Loyal Customer,No,0,0.21321437136155205
16623.0,246,1,129.45000000000002,1,2,1,121,Lost Customer,Yes,1,0.524009536730673
16624.0,81,2,810.57,2,3,3,233,At Risk,No,0,0.4076101343123618
16625.0,275,1,333.08,1,2,2,122,Lost Customer,Yes,1,0.5237058386468648
16626.0,1,17,4413.1,5,5,5,555,Champion,No,0,0.0006208541901968213
16627.0,79,1,322.8,2,2,2,222,Lost Customer,No,0,0.5237211708781123
16628.0,30,5,2188.05,4,4,5,445,Champion,No,0,0.1443315438081573
16629.0,74,2,408.63,2,3,2,232,At Risk,No,0,0.40819057822462995
16633.0,17,6,2883.1,4,5,5,455,Champion,No,0,0.09536506921798489
16634.0,223,2,217.9,1,3,1,131,At Risk,Yes,1,0.4084661022612598
16637.0,32,4,1154.47,4,4,4,444,Champion,No,0,0.21287254092964153
16638.0,23,10,1680.72,4,5,4,454,Champion,No,0,0.016203325473956164
16639.0,31,3,1257.51,4,4,4,444,Champion,No,0,0.3010254637596303
16641.0,106,1,231.1,2,2,1,221,Lost Customer,Yes,1,0.5238579359787328
16642.0,5,2,688.33,5,3,3,533,Potential Loyalist,No,0,0.40778663461292497
16643.0,246,1,487.51,1,2,3,123,Lost Customer,Yes,1,0.523475506780664
16644.0,178,2,833.78,2,3,3,233,At Risk,Yes,1,0.4075766244711091
16647.0,170,2,214.06,2,3,1,231,At Risk,Yes,1,0.4084716500255499
16648.0,43,1,290.66,3,2,2,322,Lost Customer,No,0,0.5237691061841488
16650.0,72,1,518.42,3,2,3,323,Lost Customer,No,0,0.5234294034089716
16652.0,59,7,6773.97,3,5,5,355,Loyal Customer,No,0,0.06071221277905854
16653.0,16,2,1212.66,4,3,4,434,Potential Loyalist,No,0,0.4070297316375675
16654.0,141,4,601.27,2,4,3,243,At Risk,Yes,1,0.2134273063119576
16655.0,18,6,3789.52,4,5,5,455,Champion,No,0,0.09489852809398296
16656.0,22,15,8625.8,4,5,5,455,Champion,No,0,0.0015357557591827618
16657.0,10,4,874.43,5,4,3,543,Loyal Customer,No,0,0.21315324178106504
16658.0,368,1,123.24,1,2,1,121,Lost Customer,Yes,1,0.5240187981779999
16659.0,189,1,39.12,1,2,1,121,Lost Customer,Yes,1,0.5241442511290763
16660.0,16,4,1267.65,4,4,4,444,Champion,No,0,0.2127591703919493
16665.0,362,1,135.4,1,2,1,121,Lost Customer,Yes,1,0.5240006630257142
16666.0,19,1,118.98,4,2,1,421,Potential Loyalist,No,0,0.524025151431831
16667.0,68,2,567.1800000000001,3,3,3,333,Lost Customer,No,0,0.40796158455716697
16668.0,15,6,306.72,4,5,2,452,Loyal Customer,No,0,0.09670237203149781
16669.0,24,3,1348.88,4,4,4,444,Champion,No,0,0.30091052375748617
16670.0,17,11,4095.9,4,5,5,455,Champion,No,0,0.010085327709379283
16671.0,28,3,1692.27,4,4,4,444,Champion,No,0,0.30047877574719006
16672.0,2,20,8134.94,5,5,5,555,Champion,No,0,0.0001501497879775849
16674.0,55,2,304.24,3,3,2,332,Lost Customer,No,0,0.40834137040762797
16676.0,34,4,1592.12,3,4,4,344,Loyal Customer,No,0,0.21243439840521572
16678.0,3,12,3109.99,5,5,5,555,Champion,No,0,0.006390477579920494
16679.0,366,1,129.75,1,2,1,121,Lost Customer,Yes,1,0.5240090893173405
16680.0,43,1,183.7,3,2,1,321,Lost Customer,No,0,0.5239286288604439
16681.0,73,6,1770.34,2,5,4,254,At Risk,No,0,0.0959406199250543
16682.0,5,5,1028.0,5,4,4,544,Champion,No,0,0.14519028972218975
16684.0,4,28,66653.56,5,5,5,555,Champion,No,0,2.5465377047961797e-06
16685.0,61,2,324.24,3,3,2,332,Lost Customer,No,0,0.40831247891192507
16686.0,47,7,2959.88,3,5,5,355,Loyal Customer,No,0,0.06202583250816743
16688.0,1,4,1260.86,5,4,4,544,Champion,No,0,0.212765970580319
16689.0,76,2,422.6,2,3,2,232,At Risk,No,0,0.4081703997593389
16690.0,72,2,225.58,3,3,1,331,Lost Customer,No,0,0.40845500680263813
16692.0,256,2,1276.0,1,3,4,134,At Risk,Yes,1,0.40693832620254355
16693.0,69,2,477.86,3,3,2,332,Lost Customer,No,0,0.4080905844696175
16696.0,135,4,657.9,2,4,3,243,At Risk,Yes,1,0.213370467698925
16697.0,241,1,112.75,1,2,1,121,Lost Customer,Yes,1,0.5240344426787136
16698.0,227,2,1998.0,1,3,4,134,At Risk,Yes,1,0.40589687065264846
16700.0,9,13,5076.55,5,5,5,555,Champion,No,0,0.003973259971640448
16701.0,9,13,5398.3,5,5,5,555,Champion,No,0,0.003965653690592368
16705.0,1,20,14034.99,5,5,5,555,Champion,No,0,0.00014494587969954436
16706.0,37,3,531.35,3,4,3,343,Loyal Customer,No,0,0.3019398333991557
16708.0,46,1,656.63,3,2,3,323,Lost Customer,No,0,0.5232232533725493
16709.0,85,5,3029.87,2,4,5,245,At Risk,No,0,0.14371101991796184
16710.0,19,10,2467.99,4,5,5,455,Champion,No,0,0.016128457741134822
16711.0,3,5,1651.03,5,4,4,544,Champion,No,0,0.14472855554134575
16712.0,9,11,3611.31,5,5,5,555,Champion,No,0,0.010114296412822429
16713.0,19,15,6910.78,4,5,5,455,Champion,No,0,0.0015515608084556794
16714.0,219,3,1129.06,1,4,4,144,At Risk,Yes,1,0.30118709125977605
16715.0,78,1,301.72,2,2,2,222,Lost Customer,No,0,0.5237526107610667
16716.0,267,2,901.2,1,3,3,133,At Risk,Yes,1,0.40747929054944826
16717.0,24,6,3843.08,4,5,5,455,Champion,No,0,0.09487102439041019
16718.0,369,1,606.0500000000001,1,2,3,123,Lost Customer,Yes,1,0.5232986979585696
16719.0,15,7,1770.22,4,5,4,454,Champion,No,0,0.06244096798128195
16720.0,26,1,152.95,4,2,1,421,Potential Loyalist,No,0,0.5239744892362859
16721.0,262,1,292.47,1,2,2,122,Lost Customer,Yes,1,0.5237664066654745
16722.0,17,13,4730.81,4,5,5,455,Champion,No,0,0.00398144958171241
16723.0,91,2,576.4,2,3,3,233,At Risk,Yes,1,0.4079482693453196
16725.0,302,7,758.27,1,5,3,153,At Risk,Yes,1,0.06279613082661865
16726.0,26,5,1358.74,4,4,4,444,Champion,No,0,0.14494502268726472
16727.0,364,1,256.32,1,2,2,122,Lost Customer,Yes,1,0.523820322203309
16728.0,46,4,1048.28,3,4,4,344,Loyal Customer,No,0,0.21297894976800444
16729.0,38,21,7205.33,3,5,5,355,Loyal Customer,No,0,9.476062144578794e-05
16730.0,52,3,743.11,3,4,3,343,Loyal Customer,No,0,0.30167302564618015
16732.0,32,1,603.75,4,2,3,423,Potential Loyalist,No,0,0.523302128588678
16734.0,52,3,646.76,3,4,3,343,Loyal Customer,No,0,0.30179440556250015
16735.0,79,5,2247.41,2,4,5,245,At Risk,No,0,0.14428771536425236
16737.0,53,1,417.6,3,2,2,322,Lost Customer,No,0,0.5235797785718387
16738.0,298,1,3.75,1,2,1,121,Lost Customer,Yes,1,0.5241969995172469
16739.0,177,1,323.0,2,2,2,222,Lost Customer,Yes,1,0.5237208725861019
16742.0,47,1,464.9,3,2,2,322,Lost Customer,No,0,0.5235092301518842
16743.0,29,7,2213.13,4,5,5,455,Champion,No,0,0.06228611102283436
16744.0,11,7,1291.91,5,5,4,554,Champion,No,0,0.0626086055816926
16745.0,87,17,7180.7,2,5,5,255,At Risk,No,0,0.00061067087025656
16746.0,5,18,6680.11,5,5,5,555,Champion,No,0,0.0003844771529663793
16747.0,38,2,836.0600000000001,3,3,3,333,Lost Customer,No,0,0.40757333272781143
16748.0,18,5,1515.9,4,4,4,444,Champion,No,0,0.14482859811187357
16750.0,45,5,623.93,3,4,3,343,Loyal Customer,No,0,0.14549040359747237
16751.0,31,1,1764.72,4,2,4,424,Potential Loyalist,No,0,0.5215701782729011
16752.0,373,1,207.5,1,2,1,121,Lost Customer,Yes,1,0.5238931333981649
16753.0,58,1,223.92,3,2,1,321,Lost Customer,No,0,0.5238686443712692
16754.0,372,1,2002.4,1,2,4,124,Lost Customer,Yes,1,0.5212155387949056
16755.0,114,3,1475.43,2,4,4,244,At Risk,Yes,1,0.30075136994177487
16756.0,215,1,239.4,1,2,1,121,Lost Customer,Yes,1,0.523845557168939
16757.0,319,1,106.83,1,2,1,121,Lost Customer,Yes,1,0.524043271584894
16758.0,65,1,369.34,3,2,2,322,Lost Customer,No,0,0.5236517578715241
16759.0,8,3,789.79,5,4,3,543,Loyal Customer,No,0,0.30161422903344287
16761.0,97,1,316.62,2,2,2,222,Lost Customer,Yes,1,0.5237303880928901
16762.0,20,3,1207.24,4,4,4,444,Champion,No,0,0.30108871217530875
16763.0,199,1,611.8499999999999,1,2,3,123,Lost Customer,Yes,1,0.5232900467946222
16764.0,4,13,2790.9500000000003,5,5,5,555,Champion,No,0,0.004027712198494042
16765.0,294,1,34.0,1,2,1,121,Lost Customer,Yes,1,0.5241518867787183
16766.0,273,2,1145.6,1,3,4,134,At Risk,Yes,1,0.40712651238926084
16767.0,31,11,5575.56,4,5,5,455,Champion,No,0,0.0099973811728829
16768.0,48,3,478.09,3,4,2,342,Loyal Customer,No,0,0.3020069595933765
16769.0,260,1,361.54,1,2,2,122,Lost Customer,Yes,1,0.5236633914001239
16770.0,58,5,757.1,3,4,3,343,Loyal Customer,No,0,0.14539143776120791
16771.0,33,5,2242.61,4,4,5,445,Champion,No,0,0.14429125903203727
16773.0,57,1,171.59,3,2,1,321,Lost Customer,No,0,0.5239466896940668
16774.0,68,4,661.52,3,4,3,343,Loyal Customer,No,0,0.2133668347387428
16775.0,10,11,1691.51,5,5,4,554,Champion,No,0,0.010229873366049929
16776.0,60,1,371.54,3,2,2,322,Lost Customer,No,0,0.5236484766152267
16777.0,80,2,222.62,2,3,1,231,At Risk,No,0,0.40845928316626734
16778.0,74,2,245.94,2,3,1,231,At Risk,No,0,0.40842559273101275
16779.0,2,22,10611.72,5,5,5,555,Champion,No,0,5.8272445625717906e-05
16780.0,100,2,422.24,2,3,2,232,At Risk,Yes,1,0.40817091974453745
16781.0,372,1,311.25,1,2,2,122,Lost Customer,Yes,1,0.5237383972129938
16782.0,10,13,2267.9500000000003,5,5,5,555,Champion,No,0,0.004040276297060704
16784.0,20,1,107.6,4,2,1,421,Potential Loyalist,No,0,0.524042123231393
16788.0,123,2,594.39,2,3,3,233,At Risk,Yes,1,0.4079222891855024
16789.0,8,1,80.80000000000001,5,2,1,521,Potential Loyalist,No,0,0.5240820917490581
16790.0,4,6,1545.62,5,5,4,554,Champion,No,0,0.09605722761591966
16791.0,29,7,1705.78,4,5,4,454,Champion,No,0,0.0624635284026416
16792.0,282,2,110.38,1,3,1,131,At Risk,Yes,1,0.408621448471168
16793.0,57,1,243.84,3,2,1,321,Lost Customer,No,0,0.5238389352393812
16794.0,1,10,1196.5,5,5,4,554,Champion,No,0,0.01624954344634739
16795.0,365,1,414.88,1,2,2,122,Lost Customer,Yes,1,0.5235838354502798
16796.0,89,1,305.62,2,2,2,222,Lost Customer,No,0,0.5237467940986141
16800.0,11,1,1162.65,5,2,4,524,Potential Loyalist,No,0,0.5224684215931705
16801.0,163,4,1594.23,2,4,4,244,At Risk,Yes,1,0.21243228762669691
16803.0,65,1,332.3,3,2,2,322,Lost Customer,No,0,0.5237070019889349
16804.0,23,3,536.99,4,4,3,443,Loyal Customer,No,0,0.30193272552587647
16805.0,174,2,460.59,2,3,2,232,At Risk,Yes,1,0.4081155280325329
16806.0,103,4,762.16,2,4,3,243,At Risk,Yes,1,0.21326585247878777
16807.0,143,3,1121.59,2,4,4,244,At Risk,Yes,1,0.3011964922139803
16808.0,99,2,288.42,2,3,2,232,At Risk,Yes,1,0.4083642240293806
16809.0,23,5,914.69,4,4,3,443,Loyal Customer,No,0,0.14527439628003969
16810.0,192,1,309.54,1,2,2,122,Lost Customer,Yes,1,0.5237409476006316
16811.0,5,2,547.07,5,3,3,533,Potential Loyalist,No,0,0.40799062720707047
16812.0,361,1,479.35,1,2,2,122,Lost Customer,Yes,1,0.5234876776461074
16813.0,8,10,1652.18,5,5,4,554,Champion,No,0,0.016206045979002912
16814.0,14,21,6416.7,4,5,5,455,Champion,No,0,9.5208473323486e-05
16816.0,103,4,417.06,2,4,2,242,At Risk,Yes,1,0.21361227120994256
16817.0,3,9,1604.75,5,5,4,554,Champion,No,0,0.02558439682582343
16818.0,11,11,3349.57,5,5,5,555,Champion,No,0,0.010129977423025217
16820.0,96,1,497.61,2,2,3,223,Lost Customer,Yes,1,0.5234604423130124
16823.0,227,1,358.38,1,2,2,122,Lost Customer,Yes,1,0.5236681044633769
16824.0,16,2,460.64,4,3,2,432,Potential Loyalist,No,0,0.40811545581539654
16825.0,39,2,775.18,3,3,3,333,Lost Customer,No,0,0.40766123089447187
16826.0,51,1,341.7,3,2,2,322,Lost Customer,No,0,0.5236929822083991
16828.0,93,2,128.5,2,3,1,231,At Risk,Yes,1,0.4085952671940789
16829.0,157,1,197.22,2,2,1,221,Lost Customer,Yes,1,0.5239084650812543
16830.0,39,1,325.91,3,2,2,322,Lost Customer,No,0,0.5237165324354371
16832.0,184,3,199.15,1,4,1,141,At Risk,Yes,1,0.3023586596060164
16833.0,1,4,1106.53,5,4,4,544,Champion,No,0,0.21292057492208072
16834.0,228,1,413.46,1,2,2,122,Lost Customer,Yes,1,0.5235859533782296
16835.0,128,2,180.85,2,3,1,231,At Risk,Yes,1,0.408519630490998
16836.0,40,2,251.87,3,3,2,332,Lost Customer,No,0,0.40841702578926076
16837.0,31,11,3170.98,4,5,5,455,Champion,No,0,0.010140690671851386
16838.0,197,2,588.85,1,3,3,133,At Risk,Yes,1,0.40793028969128037
16839.0,9,34,16594.35,5,5,5,555,Champion,No,0,2.098623188256153e-07
16841.0,37,6,1869.82,3,5,4,354,Loyal Customer,No,0,0.09588903995575042
16842.0,101,3,1264.19,2,4,4,244,At Risk,Yes,1,0.30101705972554177
16843.0,43,16,10196.57,3,5,5,355,Loyal Customer,No,0,0.0009553460829218786
16846.0,50,1,214.32,3,2,1,321,Lost Customer,No,0,0.5238829619648836
16847.0,43,1,193.44,3,2,1,321,Lost Customer,No,0,0.5239141025954186
16848.0,53,1,281.42,3,2,2,322,Lost Customer,No,0,0.5237828871307634
16849.0,187,1,124.57,1,2,1,121,Lost Customer,Yes,1,0.5240168146488029
16850.0,334,1,332.41,1,2,2,122,Lost Customer,Yes,1,0.5237068379278894
16851.0,4,3,342.45,5,4,2,542,Loyal Customer,No,0,0.3021779515770187
16852.0,10,2,144.91,5,3,1,531,Potential Loyalist,No,0,0.40857155711410326
16855.0,24,2,328.40000000000003,4,3,2,432,Potential Loyalist,No,0,0.4083064695604078
16856.0,15,1,35.400000000000006,4,2,1,421,Potential Loyalist,No,0,0.5241497989068907
16858.0,369,1,375.69000000000005,1,2,2,122,Lost Customer,Yes,1,0.5236422869671085
16859.0,145,2,747.81,2,3,3,233,At Risk,Yes,1,0.4077007494566431
16861.0,60,2,173.76,3,3,1,331,Lost Customer,No,0,0.40852987406221014
16863.0,31,2,502.8,4,3,3,433,Potential Loyalist,No,0,0.4080545637383935
16866.0,141,3,207.74,2,4,1,241,At Risk,Yes,1,0.3023478254875528
16869.0,23,4,817.12,4,4,3,443,Loyal Customer,No,0,0.21321072027800209
16871.0,22,6,2812.34,4,5,5,455,Champion,No,0,0.09540157612688799
16872.0,77,3,680.02,2,4,3,243,At Risk,No,0,0.30175250210680316
16873.0,5,6,7123.62,5,5,5,555,Champion,No,0,0.09319997916825466
16875.0,67,5,2095.53,3,4,5,345,Loyal Customer,No,0,0.14439987799911377
16877.0,12,6,846.62,5,5,3,553,Loyal Customer,No,0,0.09642075034299022
16878.0,84,1,13.3,2,2,1,221,Lost Customer,No,0,0.5241827573564627
16880.0,31,7,1491.43,4,5,4,454,Champion,No,0,0.06253862701763924
16881.0,67,1,432.0,3,2,2,322,Lost Customer,No,0,0.5235583009282625
16882.0,67,3,705.12,3,4,3,343,Loyal Customer,No,0,0.3017208814218671
16883.0,187,2,272.48,1,3,2,132,At Risk,Yes,1,0.4083872514042262
16884.0,38,2,429.84,3,3,2,332,Lost Customer,No,0,0.408159942322875
16885.0,15,3,450.41,4,4,2,442,Loyal Customer,No,0,0.3020418494002655
16887.0,35,1,192.33,3,2,1,321,Lost Customer,No,0,0.5239157580547696
16889.0,195,3,1578.67,1,4,4,144,At Risk,Yes,1,0.3006215671561657
16891.0,2,5,742.43,5,4,3,543,Loyal Customer,No,0,0.14540233709364475
16892.0,1,5,518.19,5,4,3,543,Loyal Customer,No,0,0.14556902452145076
16893.0,367,1,145.93,1,2,1,121,Lost Customer,Yes,1,0.5239849587678688
16895.0,65,1,202.27,3,2,1,321,Lost Customer,No,0,0.5239009334721364
16897.0,299,2,289.78,1,3,2,132,At Risk,Yes,1,0.40836225935353626
16898.0,26,3,501.03,4,4,3,443,Loyal Customer,No,0,0.30197804614655444
16899.0,8,6,1271.06,5,5,4,554,Champion,No,0,0.09619986929873375
16900.0,17,3,887.11,4,4,3,443,Loyal Customer,No,0,0.30149166885931633
16902.0,116,1,1706.88,2,2,4,224,Lost Customer,Yes,1,0.5216564773676592
16903.0,29,1,363.2,4,2,2,422,Potential Loyalist,No,0,0.5236609155487518
16904.0,4,16,3653.75,5,5,5,555,Champion,No,0,0.0009934234636998862
16905.0,5,7,3037.6,5,5,5,555,Champion,No,0,0.06199880175878271
16906.0,82,4,559.59,2,4,3,243,At Risk,No,0,0.21346914690006452
16907.0,29,5,928.76,4,4,3,443,Loyal Customer,No,0,0.14526395034945583
16909.0,72,1,379.14,3,2,2,322,Lost Customer,No,0,0.5236371413504939
16910.0,4,8,1508.96,5,5,4,554,Champion,No,0,0.040179505493482544
16912.0,29,11,2555.58,4,5,5,455,Champion,No,0,0.01017769322940966
16913.0,290,1,113.44,1,2,1,121,Lost Customer,Yes,1,0.5240334136329278
16914.0,36,1,183.76,3,2,1,321,Lost Customer,No,0,0.523928539376389
16915.0,9,6,621.6800000000001,5,5,3,553,Loyal Customer,No,0,0.09653799400882428
16916.0,24,2,562.41,4,3,3,433,Potential Loyalist,No,0,0.40796847328271124
16917.0,277,1,391.52,1,2,2,122,Lost Customer,Yes,1,0.5236186767487011
16918.0,50,6,1068.82,3,5,4,354,Loyal Customer,No,0,0.09630505972315685
16919.0,156,11,2592.25,2,5,5,255,At Risk,Yes,1,0.010175484609071788
16921.0,61,1,154.18,3,2,1,321,Lost Customer,No,0,0.5239726548290097
16923.0,12,19,7069.08,5,5,5,555,Champion,No,0,0.00024076205046804933
16924.0,21,3,829.89,4,4,3,443,Loyal Customer,No,0,0.3015637255740973
16926.0,371,1,230.25,1,2,1,121,Lost Customer,Yes,1,0.5238592036865151
16927.0,116,3,543.05,2,4,3,243,At Risk,Yes,1,0.30192508844870775
16928.0,80,17,2814.7,2,5,5,255,At Risk,No,0,0.0006268125946958317
16929.0,4,7,1295.39,5,5,4,554,Champion,No,0,0.06260738439942196
16930.0,26,3,378.89,4,4,2,442,Loyal Customer,No,0,0.3021320087924957
16931.0,5,21,4554.87,5,5,5,555,Champion,No,0,9.627419460398345e-05
16932.0,53,1,150.23000000000002,3,2,1,321,Lost Customer,No,0,0.5239785458094287
16933.0,1,2,563.23,5,3,3,533,Potential Loyalist,No,0,0.4079672890547815
16934.0,55,2,931.03,3,3,3,333,Lost Customer,No,0,0.4074362274418856
16936.0,26,1,261.9,4,2,2,422,Potential Loyalist,No,0,0.5238120000071168
16938.0,9,4,2711.6800000000003,5,4,5,545,Champion,No,0,0.21131657726085598
16940.0,52,3,3049.88,3,4,5,345,Loyal Customer,No,0,0.2987753048231438
16942.0,13,9,1904.99,5,5,4,554,Champion,No,0,0.025539680271712713
16943.0,212,3,816.73,1,4,3,143,At Risk,Yes,1,0.3015802992469908
16945.0,22,19,4345.5,4,5,5,455,Champion,No,0,0.00024471401599231716
16947.0,236,1,406.48,1,2,2,122,Lost Customer,Yes,1,0.5235963640258173
16948.0,139,3,435.02,2,4,2,242,At Risk,Yes,1,0.302061249021046
16949.0,4,6,1286.27,5,5,4,554,Champion,No,0,0.09619196232397158
16950.0,57,3,1178.56,3,4,4,344,Loyal Customer,No,0,0.30112479999918895
16951.0,135,3,1277.75,2,4,4,244,At Risk,Yes,1,0.30100000045039427
16952.0,109,2,167.61,2,3,1,231,At Risk,Yes,1,0.4085387595938247
16953.0,30,1,20.8,4,2,1,421,Potential Loyalist,No,0,0.5241715723858623
16954.0,1,9,2085.08,5,5,5,555,Champion,No,0,0.025512894907826024
16955.0,185,4,518.67,1,4,3,143,At Risk,Yes,1,0.21351023037349054
16956.0,18,1,308.74,4,2,2,422,Potential Loyalist,No,0,0.5237421407640137
16957.0,239,2,416.64,1,3,2,132,At Risk,Yes,1,0.4081790084296509
16959.0,87,1,117.35,2,2,1,221,Lost Customer,No,0,0.5240275823696204
16960.0,39,3,507.05,3,4,3,343,Loyal Customer,No,0,0.30197045883261553
16961.0,116,1,234.17,2,2,1,221,Lost Customer,Yes,1,0.5238533573139471
16963.0,187,1,110.55,1,2,1,121,Lost Customer,Yes,1,0.5240377236928998
16965.0,227,1,201.19,1,2,1,121,Lost Customer,Yes,1,0.5239025441934161
16966.0,8,7,2154.97,5,5,5,555,Champion,No,0,0.06230642534218999
16967.0,189,1,319.02,1,2,2,122,Lost Customer,Yes,1,0.523726808593925
16968.0,4,2,439.43,5,3,2,532,Potential Loyalist,No,0,0.4081460906807713
16969.0,39,3,650.41,3,4,3,343,Loyal Customer,No,0,0.3017898068559168
16971.0,38,1,357.21,3,2,2,322,Lost Customer,No,0,0.5236698494888917
16976.0,267,1,251.52,1,2,2,122,Lost Customer,Yes,1,0.5238274810711703
16978.0,78,1,344.33,2,2,2,222,Lost Customer,No,0,0.5236890596460951
16979.0,4,6,1852.0,5,5,4,554,Champion,No,0,0.09589827772925558
16980.0,255,2,1028.46,1,3,4,134,At Risk,Yes,1,0.4072955857066502
16982.0,61,1,384.06,3,2,2,322,Lost Customer,No,0,0.5236298032450761
16983.0,13,7,1905.87,5,5,4,554,Champion,No,0,0.06239350181842823
16984.0,88,2,4459.52,2,3,5,235,At Risk,No,0,0.4023526382159327
16985.0,17,10,5464.12,4,5,5,455,Champion,No,0,0.015846631030983913
16986.0,30,2,1873.2,4,3,4,434,Potential Loyalist,No,0,0.40607682933790823
16987.0,3,7,1616.8,5,5,4,554,Champion,No,0,0.06249469277540983
16988.0,5,1,126.12,5,2,1,521,Potential Loyalist,No,0,0.524014503016076
16989.0,7,6,1133.25,5,5,4,554,Champion,No,0,0.09627153681014097
16990.0,219,1,179.0,1,2,1,121,Lost Customer,Yes,1,0.5239356384399695
16992.0,11,5,1614.31,5,4,4,544,Champion,No,0,0.14475573525981955
16996.0,30,6,1456.96,4,5,4,454,Champion,No,0,0.0961032683157951
16997.0,288,3,702.0,1,4,3,143,At Risk,Yes,1,0.3017248118587715
16998.0,150,4,295.0,2,4,2,242,At Risk,Yes,1,0.2137348957132275
16999.0,23,2,484.82,4,3,2,432,Potential Loyalist,No,0,0.4080805320731884
17001.0,1,11,3989.57,5,5,5,555,Champion,No,0,0.010091677056559051
17002.0,86,3,1493.73,2,4,4,244,At Risk,No,0,0.3007283591763597
17004.0,46,2,1312.14,3,3,4,334,Lost Customer,No,0,0.40688617575112596
17006.0,5,4,781.78,5,4,3,543,Loyal Customer,No,0,0.21324616981276137
17007.0,51,6,889.9300000000001,3,5,3,353,Loyal Customer,No,0,0.09639819082812721
17010.0,18,1,195.36,4,2,1,421,Potential Loyalist,No,0,0.523911239096922
17011.0,30,1,270.9,4,2,2,422,Potential Loyalist,No,0,0.52379857708217
17014.0,8,3,583.4300000000001,5,4,3,543,Loyal Customer,No,0,0.30187420260483405
17015.0,29,3,1838.61,4,4,4,444,Champion,No,0,0.30029488828809403
17017.0,3,20,8694.26,5,5,5,555,Champion,No,0,0.00014964854965321842
17018.0,41,2,920.1,3,3,3,333,Lost Customer,No,0,0.40745200601523984
17019.0,11,4,1258.08,5,4,4,544,Champion,No,0,0.21276875479745996
17022.0,31,1,71.0,4,2,1,421,Potential Loyalist,No,0,0.5240967070255342
17024.0,45,3,95.85,3,4,1,341,Loyal Customer,No,0,0.30248896372749134
17025.0,61,3,357.77,3,4,2,342,Loyal Customer,No,0,0.30215863596110365
17026.0,185,2,154.83,1,3,1,131,At Risk,Yes,1,0.4085572243531061
17027.0,79,6,877.5600000000001,2,5,3,253,At Risk,No,0,0.09640463369035875
17029.0,111,2,716.0,2,3,3,233,At Risk,Yes,1,0.40774668027576944
17030.0,64,1,146.87,3,2,1,321,Lost Customer,No,0,0.5239835568660015
17031.0,12,2,380.35,5,3,2,532,Potential Loyalist,No,0,0.4082314272033592
17033.0,86,3,1030.14,2,4,4,244,At Risk,No,0,0.30131159507114763
17034.0,16,3,745.52,4,4,3,443,Loyal Customer,No,0,0.3016699899290308
17035.0,246,2,433.53,1,3,2,132,At Risk,Yes,1,0.4081546125288213
17037.0,88,1,1267.32,2,2,4,224,Lost Customer,No,0,0.5223122720689665
17038.0,30,1,112.4,4,2,1,421,Potential Loyalist,No,0,0.524034964658382
17040.0,138,1,449.73,2,2,2,222,Lost Customer,Yes,1,0.5235318564599332
17041.0,27,3,1071.49,4,4,4,444,Champion,No,0,0.30125954710495506
17042.0,3,5,1036.58,5,4,4,544,Champion,No,0,0.14518392269642935
17043.0,32,4,1735.18,4,4,4,444,Champion,No,0,0.21229132030521747
17044.0,25,1,948.48,4,2,4,424,Potential Loyalist,No,0,0.5227879124469098
17045.0,113,3,339.44,2,4,2,242,At Risk,Yes,1,0.30218174669872266
17046.0,157,1,642.02,2,2,3,223,Lost Customer,Yes,1,0.523245045600997
17047.0,85,3,1100.9,2,4,4,244,At Risk,No,0,0.3012225313375821
17048.0,118,3,925.35,2,4,3,243,At Risk,Yes,1,0.301443518971249
17049.0,3,9,5655.03,5,5,5,555,Champion,No,0,0.02498753695505088
17050.0,96,6,3185.64,2,5,5,255,At Risk,Yes,1,0.09520912194136004
17051.0,194,1,240.89,1,2,1,121,Lost Customer,Yes,1,0.5238433349457652
17052.0,28,1,399.09,4,2,2,422,Potential Loyalist,No,0,0.5236073861647415
17053.0,131,1,498.48,2,2,3,223,Lost Customer,Yes,1,0.5234591446786531
17054.0,28,5,1356.33,4,4,4,444,Champion,No,0,0.14494680862706666
17058.0,82,3,1179.89,2,4,4,244,At Risk,No,0,0.30112312641596484
17059.0,30,5,3080.39,4,4,5,445,Champion,No,0,0.14367385122990792
17060.0,266,1,234.24,1,2,1,121,Lost Customer,Yes,1,0.5238532529143776
17061.0,74,11,5232.2300000000005,2,5,5,255,At Risk,No,0,0.010017719792924921
17062.0,314,4,533.33,1,4,3,143,At Risk,Yes,1,0.21349551114535653
17063.0,21,7,1461.14,4,5,4,454,Champion,No,0,0.06254924606634801
17064.0,59,3,855.45,3,4,3,343,Loyal Customer,No,0,0.30153153684938616
17068.0,12,21,4552.14,5,5,5,555,Champion,No,0,9.627576599576493e-05
17069.0,28,9,2709.7000000000003,4,5,5,455,Champion,No,0,0.02542020499187655
17070.0,114,1,304.24,2,2,2,222,Lost Customer,Yes,1,0.5237488523029877
17071.0,28,9,2429.03,4,5,5,455,Champion,No,0,0.025461814116510436
17073.0,18,4,1446.09,4,4,4,444,Champion,No,0,0.21258051949559384
17075.0,18,4,834.12,4,4,3,443,Loyal Customer,No,0,0.2131936691176869
17076.0,36,3,841.0799999999999,3,4,3,343,Loyal Customer,No,0,0.30154963332169804
17078.0,36,2,378.2,3,3,2,332,Lost Customer,No,0,0.4082345328176069
17079.0,78,1,118.8,2,2,1,221,Lost Customer,No,0,0.5240254198790048
17080.0,22,2,287.62,4,3,2,432,Potential Loyalist,No,0,0.40836537972242154
17081.0,25,2,288.91,4,3,2,432,Potential Loyalist,No,0,0.4083635161678934
17082.0,33,2,2003.85,4,3,4,434,Potential Loyalist,No,0,0.4058884357090072
17083.0,109,3,1405.78,2,4,4,244,At Risk,Yes,1,0.30083895834262636
17084.0,35,2,2747.99,3,3,5,335,Lost Customer,No,0,0.40481593644364616
17085.0,123,5,1562.4,2,4,4,244,At Risk,Yes,1,0.14479416567445655
17086.0,7,6,2050.08,5,5,4,554,Champion,No,0,0.09579563904442144
17088.0,28,4,1991.01,4,4,4,444,Champion,No,0,0.21203563346954826
17090.0,4,7,1974.65,5,5,4,554,Champion,No,0,0.062369447437270936
17091.0,3,9,3827.76,5,5,5,555,Champion,No,0,0.025255109785085623
17092.0,50,4,1774.03,3,4,4,344,Loyal Customer,No,0,0.21225247754611556
17094.0,322,1,302.0,1,2,2,122,Lost Customer,Yes,1,0.5237521931547464
17095.0,23,3,1324.16,4,4,4,444,Champion,No,0,0.3009416181153545
17096.0,15,4,1022.13,4,4,4,444,Champion,No,0,0.2130051596109372
17097.0,2,8,954.42,5,5,4,554,Champion,No,0,0.040307573292519924
17100.0,18,2,971.74,4,3,4,434,Potential Loyalist,No,0,0.4073774600713608
17101.0,10,4,1621.73,5,4,4,544,Champion,No,0,0.21240477888074574
17102.0,262,1,25.5,1,2,1,121,Lost Customer,Yes,1,0.5241645631252596
17105.0,159,2,665.78,2,3,3,233,At Risk,Yes,1,0.40781919678320344
17107.0,33,6,10797.48,4,5,5,455,Champion,No,0,0.09135997365849126
17109.0,29,6,881.29,4,5,3,453,Loyal Customer,No,0,0.0964026908951123
17110.0,165,1,163.29999999999998,2,2,1,221,Lost Customer,Yes,1,0.5239590533500065
17111.0,47,1,231.61,3,2,1,321,Lost Customer,No,0,0.5238571753539158
17114.0,6,8,801.12,5,5,3,553,Loyal Customer,No,0,0.04034304597942305
17115.0,8,3,837.5,5,4,3,543,Loyal Customer,No,0,0.3015541417942664
17117.0,288,1,116.2,1,2,1,121,Lost Customer,Yes,1,0.5240292974477438
17118.0,318,1,157.02,1,2,1,121,Lost Customer,Yes,1,0.5239684192845354
17119.0,3,2,606.91,5,3,3,533,Potential Loyalist,No,0,0.40790420879988076
17120.0,233,1,307.46,1,2,2,122,Lost Customer,Yes,1,0.5237440498248613
17122.0,119,1,138.32,2,2,1,221,Lost Customer,Yes,1,0.5239963081935354
17123.0,162,1,345.3,2,2,2,222,Lost Customer,Yes,1,0.5236876129208574
17124.0,185,1,294.24,1,2,2,122,Lost Customer,Yes,1,0.5237637668033284
17125.0,50,1,230.5,3,2,1,321,Lost Customer,No,0,0.5238588308313169
17126.0,152,5,989.45,2,4,4,244,At Risk,Yes,1,0.1452188996739039
17128.0,335,1,157.09,1,2,1,121,Lost Customer,Yes,1,0.5239683148872689
17131.0,5,5,2463.17,5,4,5,545,Champion,No,0,0.14412850220883208
17133.0,16,7,4892.240000000001,4,5,5,455,Champion,No,0,0.06135701944677191
17134.0,107,2,413.2,2,3,2,232,At Risk,Yes,1,0.40818397721802463
17135.0,16,7,1139.73,4,5,4,454,Champion,No,0,0.0626620294868297
17138.0,276,1,380.5,1,2,2,122,Lost Customer,Yes,1,0.5236351129321306
17139.0,16,12,10650.77,4,5,5,455,Champion,No,0,0.006110460940122228
17140.0,247,1,454.12,1,2,2,122,Lost Customer,Yes,1,0.5235253087116316
17142.0,239,1,579.0,1,2,3,123,Lost Customer,Yes,1,0.5233390450125992
17144.0,1,2,984.57,5,3,4,534,Potential Loyalist,No,0,0.40735893973211684
17146.0,106,3,749.78,2,4,3,243,At Risk,Yes,1,0.3016646239320327
17147.0,23,4,1714.59,4,4,4,444,Champion,No,0,0.2123119085728013
17148.0,52,1,124.88,3,2,1,321,Lost Customer,No,0,0.5240163523223399
17152.0,195,3,1689.5,1,4,4,144,At Risk,Yes,1,0.30048225708452003
17153.0,24,1,213.78,4,2,1,421,Potential Loyalist,No,0,0.5238837673283584
17154.0,75,1,329.34,2,2,2,222,Lost Customer,No,0,0.523711416720604
17155.0,18,2,251.7,4,3,2,432,Potential Loyalist,No,0,0.4084172713837809
17157.0,8,2,319.0,5,3,2,532,Potential Loyalist,No,0,0.4083200484225558
17158.0,32,3,1266.97,4,4,4,444,Champion,No,0,0.30101356227766607
17159.0,22,3,1538.88,4,4,4,444,Champion,No,0,0.3006715910062568
17160.0,31,6,3518.03,4,5,5,455,Champion,No,0,0.09503805128015332
17162.0,29,10,1715.46,4,5,4,454,Champion,No,0,0.016200014575342207
17163.0,22,2,293.1,4,3,2,432,Potential Loyalist,No,0,0.4083574632453916
17164.0,33,7,2467.35,4,5,5,455,Champion,No,0,0.062197388774506084
17165.0,284,1,158.68,1,2,1,121,Lost Customer,Yes,1,0.5239659435773657
17166.0,39,2,206.34,3,3,1,331,Lost Customer,No,0,0.40848280341390175
17169.0,58,2,835.78,3,3,3,333,Lost Customer,No,0,0.40757373697654153
17171.0,289,1,224.91,1,2,1,121,Lost Customer,Yes,1,0.5238671678671958
17172.0,79,1,317.76,2,2,2,222,Lost Customer,No,0,0.5237286878311855
17173.0,5,8,3766.6,5,5,5,555,Champion,No,0,0.039662130369110336
17174.0,218,1,59.9,1,2,1,121,Lost Customer,Yes,1,0.5241132610133252
17175.0,44,4,1443.69,3,4,4,344,Loyal Customer,No,0,0.21258292160540768
17176.0,202,1,306.13,1,2,2,122,Lost Customer,Yes,1,0.5237460334576632
17179.0,178,3,711.79,2,4,3,243,At Risk,Yes,1,0.30171247895075515
17180.0,56,4,783.97,3,4,3,343,Loyal Customer,No,0,0.21324397290008387
17181.0,57,2,239.92,3,3,1,331,Lost Customer,No,0,0.4084342897507095
17183.0,8,6,3347.31,5,5,5,555,Champion,No,0,0.0951258810969441
17186.0,47,2,144.0,3,3,1,331,Lost Customer,No,0,0.40857287192153585
17187.0,227,1,203.95,1,2,1,121,Lost Customer,Yes,1,0.5238984279047129
17188.0,11,7,2474.23,5,5,5,555,Champion,No,0,0.062194989309547255
17189.0,106,2,383.75,2,3,2,232,At Risk,Yes,1,0.40822651601438914
17190.0,59,2,444.74,3,3,2,332,Lost Customer,No,0,0.40813842106474646
17191.0,28,7,2093.68,4,5,5,455,Champion,No,0,0.062327839611744575
17193.0,36,7,1699.3,3,5,4,354,Loyal Customer,No,0,0.06246579746932013
17194.0,274,2,262.62,1,3,2,132,At Risk,Yes,1,0.4084014956404203
17197.0,30,1,1013.01,4,2,4,424,Potential Loyalist,No,0,0.5226916509397488
17198.0,24,3,692.22,4,4,3,443,Loyal Customer,No,0,0.30173713245518197
17201.0,54,1,289.78000000000003,3,2,2,322,Lost Customer,No,0,0.5237704186568146
17203.0,36,6,3560.08,3,5,5,355,Loyal Customer,No,0,0.09501642908277556
17204.0,175,4,1564.56,2,4,4,244,At Risk,Yes,1,0.21246196998044337
17205.0,54,1,384.08,3,2,2,322,Lost Customer,No,0,0.5236297734153585
17206.0,53,1,204.24,3,2,1,321,Lost Customer,No,0,0.5238979953959287
17211.0,27,8,2317.2200000000003,4,5,5,455,Champion,No,0,0.03999354057577606
17212.0,253,1,226.85,1,2,1,121,Lost Customer,Yes,1,0.5238642745145694
17213.0,40,7,2781.23,3,5,5,355,Loyal Customer,No,0,0.06208800809523444
17214.0,60,6,1059.12,3,5,4,354,Loyal Customer,No,0,0.09631010753390558
17217.0,234,1,113.5,1,2,1,121,Lost Customer,Yes,1,0.5240333241506758
17218.0,4,10,1951.97,5,5,4,554,Champion,No,0,0.016177491648417523
17219.0,32,1,114.23,4,2,1,421,Potential Loyalist,No,0,0.5240322354498209
17220.0,24,14,3187.55,4,5,5,455,Champion,No,0,0.002525504947836552
17221.0,7,2,334.48,5,3,2,532,Potential Loyalist,No,0,0.4082976867113457
17222.0,65,1,328.65,3,2,2,322,Lost Customer,No,0,0.5237124458298186
17223.0,310,2,416.89,1,3,2,132,At Risk,Yes,1,0.40817864732657616
17226.0,309,1,393.49,1,2,2,122,Lost Customer,Yes,1,0.5236157385145118
17227.0,19,6,939.32,4,5,4,454,Champion,No,0,0.09637247008909791
17228.0,16,8,1906.09,4,5,4,454,Champion,No,0,0.04008803029316962
17229.0,96,2,318.76,2,3,2,232,At Risk,Yes,1,0.4083203951187407
17230.0,264,8,3638.41,1,5,5,155,At Risk,Yes,1,0.03969133540130366
17231.0,12,10,3124.72,5,5,5,555,Champion,No,0,0.01606626447828933
17232.0,3,2,417.77,5,3,2,532,Potential Loyalist,No,0,0.4081773762445418
17233.0,35,1,190.88,3,2,1,321,Lost Customer,No,0,0.5239179205909682
17234.0,183,1,149.89,1,2,1,121,Lost Customer,Yes,1,0.523979052880849
17235.0,25,2,550.0600000000001,4,3,3,433,Potential Loyalist,No,0,0.4079863090399297
17236.0,13,6,916.13,5,5,3,553,Loyal Customer,No,0,0.0963845459389492
17237.0,11,2,314.69,5,3,2,532,Potential Loyalist,No,0,0.4083262745221004
17238.0,3,17,3719.1,5,5,5,555,Champion,No,0,0.000623434250442649
17239.0,313,1,382.5,1,2,2,122,Lost Customer,Yes,1,0.5236321299625328
17242.0,108,2,1135.04,2,3,4,234,At Risk,Yes,1,0.40714175320053114
17243.0,1,26,8540.05,5,5,5,555,Champion,No,0,9.15218437495996e-06
17244.0,53,1,954.9,3,2,4,324,Lost Customer,No,0,0.5227783355990816
17245.0,205,1,171.45000000000002,1,2,1,121,Lost Customer,Yes,1,0.5239468984894651
17247.0,15,1,280.09000000000003,4,2,2,422,Potential Loyalist,No,0,0.5237848707488859
17248.0,120,1,318.65,2,2,2,222,Lost Customer,Yes,1,0.5237273604335078
17250.0,4,2,381.97,5,3,2,532,Potential Loyalist,No,0,0.4082290871639762
17251.0,363,1,269.83,1,2,2,122,Lost Customer,Yes,1,0.5238001729206038
17252.0,117,2,348.91,2,3,2,232,At Risk,Yes,1,0.4082768421247273
17253.0,18,1,178.26,4,2,1,421,Potential Loyalist,No,0,0.5239367420750356
17254.0,5,2,271.19,5,3,2,532,Potential Loyalist,No,0,0.4083891149923027
17255.0,41,2,291.48,3,3,2,332,Lost Customer,No,0,0.40835980351284856
17256.0,107,2,240.0,2,3,1,231,At Risk,Yes,1,0.40843417417532113
17259.0,148,2,581.23,2,3,3,233,At Risk,Yes,1,0.40794129407678437
17262.0,52,5,1253.36,3,4,4,344,Loyal Customer,No,0,0.14502313201545708
17263.0,208,1,63.440000000000005,1,2,1,121,Lost Customer,Yes,1,0.5241079816391879
17265.0,139,2,550.01,2,3,3,233,At Risk,Yes,1,0.40798638124996567
17266.0,2,3,296.58,5,4,2,542,Loyal Customer,No,0,0.3022357891375815
17267.0,127,2,317.2,2,3,2,232,At Risk,Yes,1,0.4083226486461662
17268.0,108,4,763.64,2,4,3,243,At Risk,Yes,1,0.21326436770550955
17272.0,42,4,2148.63,3,4,5,345,Loyal Customer,No,0,0.21187821377042665
17274.0,35,1,107.82,3,2,1,321,Lost Customer,No,0,0.5240417951303459
17277.0,228,2,1065.35,1,3,4,134,At Risk,Yes,1,0.4072423383756864
17278.0,241,1,246.04,1,2,1,121,Lost Customer,Yes,1,0.5238356541000082
17279.0,58,1,187.83,3,2,1,321,Lost Customer,No,0,0.523922469371079
17282.0,130,3,1685.46,2,4,4,244,At Risk,Yes,1,0.30048733459971
17284.0,60,6,1647.48,3,5,4,354,Loyal Customer,No,0,0.09600435655612552
17286.0,22,1,151.37,4,2,1,421,Potential Loyalist,No,0,0.5239768456284231
17287.0,26,7,1049.06,4,5,4,454,Champion,No,0,0.06269388007530571
17288.0,9,7,1417.63,5,5,4,554,Champion,No,0,0.06256450271893792
17289.0,32,3,931.02,4,4,3,443,Loyal Customer,No,0,0.3014363799640767
17290.0,4,2,513.01,5,3,3,533,Potential Loyalist,No,0,0.4080398177656813
17291.0,308,1,550.8000000000001,1,2,3,123,Lost Customer,Yes,1,0.5233811070514489
17293.0,8,9,1854.06,5,5,4,554,Champion,No,0,0.025547260220082798
17295.0,29,3,547.0,4,4,3,443,Loyal Customer,No,0,0.30192011054488155
17297.0,17,1,128.18,4,2,1,421,Potential Loyalist,No,0,0.5240114307800204
17298.0,101,2,498.42,2,3,3,233,At Risk,Yes,1,0.4080608896814455
17299.0,12,4,656.61,5,4,3,543,Loyal Customer,No,0,0.21337176232822677
17301.0,21,1,163.24,4,2,1,421,Potential Loyalist,No,0,0.5239591428335372
17302.0,15,5,1135.63,4,4,4,444,Champion,No,0,0.14511043669311757
17303.0,361,1,250.04,1,2,2,122,Lost Customer,Yes,1,0.5238296883867861
17306.0,11,19,8631.31,5,5,5,555,Champion,No,0,0.00023852408795029486
17309.0,95,1,82.75,2,2,1,221,Lost Customer,Yes,1,0.5240791836023891
17311.0,78,2,1384.85,2,3,4,234,At Risk,No,0,0.40678126071267656
17312.0,139,3,644.3,2,4,3,243,At Risk,Yes,1,0.3017975049871887
17313.0,31,1,2328.84,4,2,5,425,Potential Loyalist,No,0,0.5207284268007757
17314.0,25,8,2527.92,4,5,5,455,Champion,No,0,0.03994519830161334
17315.0,2,38,6281.2300000000005,5,5,5,555,Champion,No,0,3.462389532854916e-08
17317.0,46,3,2600.34,3,4,5,345,Loyal Customer,No,0,0.2993387545204436
17320.0,100,3,1200.62,2,4,4,244,At Risk,Yes,1,0.30109704185196573
17321.0,8,2,657.16,5,3,3,533,Potential Loyalist,No,0,0.40783164426570523
17323.0,15,7,906.52,4,5,3,453,Loyal Customer,No,0,0.06274398211790722
17324.0,18,4,986.48,4,4,4,444,Champion,No,0,0.2130408949836545
17325.0,280,1,96.8,1,2,1,121,Lost Customer,Yes,1,0.5240582299845425
17329.0,14,2,523.11,4,3,3,433,Potential Loyalist,No,0,0.40802523082531267
17330.0,23,2,363.9,4,3,2,432,Potential Loyalist,No,0,0.4082551889499626
17331.0,124,1,175.2,2,2,1,221,Lost Customer,Yes,1,0.5239413057526917
17333.0,86,1,494.25,2,2,3,223,Lost Customer,No,0,0.5234654538634262
17334.0,302,2,307.02000000000004,1,3,2,132,At Risk,Yes,1,0.4083373544518204
17337.0,151,4,1981.06,2,4,4,244,At Risk,Yes,1,0.21204557369322252
17338.0,17,8,6493.54,4,5,5,455,Champion,No,0,0.039045721704354934
17339.0,94,2,243.36,2,3,1,231,At Risk,Yes,1,0.4084293200181482
17340.0,30,11,12353.29,4,5,5,455,Champion,No,0,0.009604139864635727
17341.0,157,3,682.29,2,4,3,243,At Risk,Yes,1,0.3017496423100926
17343.0,355,1,193.64,1,2,1,121,Lost Customer,Yes,1,0.5239138043143986
17344.0,46,1,157.62,3,2,1,321,Lost Customer,No,0,0.5239675244507546
17345.0,15,4,519.6899999999999,4,4,3,443,Loyal Customer,No,0,0.21350920622864025
17346.0,4,15,2622.88,5,5,5,555,Champion,No,0,0.001591790902839664
17347.0,86,1,228.96,2,2,1,221,Lost Customer,No,0,0.5238611276189148
17348.0,15,5,1156.6,4,4,4,444,Champion,No,0,0.14509488284066255
17349.0,179,1,98.25,2,2,1,221,Lost Customer,Yes,1,0.5240560675067034
17350.0,8,4,1281.32,5,4,4,544,Champion,No,0,0.2127454803612446
17351.0,36,3,587.15,3,4,3,343,Loyal Customer,No,0,0.3018695150008031
17353.0,129,2,1740.0,2,3,4,234,At Risk,Yes,1,0.40626892845730483
17354.0,51,1,1393.06,3,2,4,324,Lost Customer,No,0,0.5221246839879093
17356.0,312,1,178.22,1,2,1,121,Lost Customer,Yes,1,0.5239368017309785
17357.0,24,2,384.39,4,3,2,432,Potential Loyalist,No,0,0.40822559155733834
17358.0,303,2,360.81,1,3,2,132,At Risk,Yes,1,0.40825965245051565
17359.0,11,1,127.86,5,2,1,521,Potential Loyalist,No,0,0.524011908020692
17360.0,17,3,568.24,4,4,3,443,Loyal Customer,No,0,0.3018933440834163
17361.0,49,3,488.2,3,4,3,343,Loyal Customer,No,0,0.30199421681274724
17362.0,239,2,312.23,1,3,2,132,At Risk,Yes,1,0.4083298281791115
17364.0,1,11,4462.68,5,5,5,555,Champion,No,0,0.010063456284000148
17365.0,13,8,4767.36,5,5,5,555,Champion,No,0,0.03943483829786477
17367.0,238,1,167.55,1,2,1,121,Lost Customer,Yes,1,0.5239527149293381
17368.0,23,8,1878.87,4,5,4,454,Champion,No,0,0.04009429379141937
17370.0,73,4,446.18,2,4,2,242,At Risk,No,0,0.2135830241075753
17371.0,17,3,418.4,4,4,2,442,Loyal Customer,No,0,0.30208219989255364
17372.0,41,8,1337.18,3,5,4,354,Loyal Customer,No,0,0.04021913535317202
17373.0,40,4,646.92,3,4,3,343,Loyal Customer,No,0,0.21338148728481907
17374.0,219,2,495.77,1,3,3,133,At Risk,Yes,1,0.4080647170362112
17375.0,199,3,400.1,1,4,2,142,At Risk,Yes,1,0.3021052694950074
17376.0,71,2,203.2,3,3,1,331,Lost Customer,No,0,0.408487339922652
17377.0,24,20,4058.32,4,5,5,455,Champion,No,0,0.0001538541389104978
17379.0,11,1,389.72,5,2,2,522,Potential Loyalist,No,0,0.523621361428257
17381.0,9,29,20275.61,5,5,5,555,Champion,No,0,2.1088640621790294e-06
17382.0,65,1,65.4,3,2,1,321,Lost Customer,No,0,0.5241050585935627
17383.0,4,1,193.39,5,2,1,521,Potential Loyalist,No,0,0.5239141771656709
17384.0,19,2,336.4,4,3,2,432,Potential Loyalist,No,0,0.4082949131922288
17385.0,15,1,256.11,4,2,2,422,Potential Loyalist,No,0,0.5238206354039827
17386.0,8,6,2686.42,5,5,5,555,Champion,No,0,0.09546657242093537
17387.0,20,2,746.81,4,3,3,433,Potential Loyalist,No,0,0.40770219334341695
17388.0,78,4,1259.56,2,4,4,244,At Risk,No,0,0.21276727254905395
17389.0,1,34,31833.68,5,5,5,555,Champion,No,0,1.9158493066506183e-07
17391.0,164,2,508.8,2,3,3,233,At Risk,Yes,1,0.40804589811243164
17392.0,307,2,417.27,1,3,2,132,At Risk,Yes,1,0.40817809845009245
17394.0,219,1,203.87,1,2,1,121,Lost Customer,Yes,1,0.5238985472174745
17396.0,39,8,7330.8,3,5,5,355,Loyal Customer,No,0,0.03885831514745858
17397.0,22,2,681.41,4,3,3,433,Potential Loyalist,No,0,0.4077966269977032
17398.0,115,3,653.38,2,4,3,243,At Risk,Yes,1,0.3017860649240278
17400.0,126,5,2097.84,2,4,5,245,At Risk,Yes,1,0.1443981715328118
17402.0,5,13,2633.85,5,5,5,555,Champion,No,0,0.004031482138374534
17403.0,36,1,263.92,3,2,2,322,Lost Customer,No,0,0.5238089873091776
17404.0,4,15,31906.82,5,5,5,555,Champion,No,0,0.0013364516018603324
17405.0,1,3,1031.41,5,4,4,544,Champion,No,0,0.30130999642387213
17406.0,333,3,2184.42,1,4,5,145,At Risk,Yes,1,0.29986060682860705
17408.0,163,1,32.65,2,2,1,221,Lost Customer,Yes,1,0.5241539000828952
17409.0,185,2,771.85,1,3,3,133,At Risk,Yes,1,0.40766603889833136
17410.0,16,5,1214.72,4,4,4,444,Champion,No,0,0.14505178135311772
17411.0,12,3,778.94,5,4,3,543,Loyal Customer,No,0,0.30162789476047847
17412.0,3,7,1258.06,5,5,4,554,Champion,No,0,0.0626204851954188
17414.0,44,2,778.0,3,3,3,333,Lost Customer,No,0,0.40765715926538937
17415.0,80,1,507.84,2,2,3,223,Lost Customer,No,0,0.523445183902758
17416.0,30,7,6893.42,4,5,5,455,Champion,No,0,0.06067149586646444
17418.0,42,2,463.46,3,3,2,332,Lost Customer,No,0,0.4081113827753244
17419.0,11,12,4226.57,5,5,5,555,Champion,No,0,0.006348224474709501
17420.0,50,3,598.83,3,4,3,343,Loyal Customer,No,0,0.3018547972007522
17422.0,16,6,1979.37,4,5,4,454,Champion,No,0,0.095832267414897
17423.0,46,2,698.41,3,3,3,333,Lost Customer,No,0,0.40777207936806337
17425.0,19,2,759.1700000000001,4,3,3,433,Potential Loyalist,No,0,0.4076843470147843
17426.0,8,6,5037.26,5,5,5,555,Champion,No,0,0.09425964933032735
17427.0,72,1,100.8,3,2,1,321,Lost Customer,No,0,0.5240522645262465
17428.0,1,28,17256.85,5,5,5,555,Champion,No,0,3.4215424317727334e-06
17429.0,128,3,524.9200000000001,2,4,3,243,At Risk,Yes,1,0.30194793699463046
17430.0,33,2,265.76,4,3,2,432,Potential Loyalist,No,0,0.40839695942680176
17431.0,313,1,403.3,1,2,2,122,Lost Customer,Yes,1,0.5236011069788082
17432.0,18,2,365.76,4,3,2,432,Potential Loyalist,No,0,0.40825250218993514
17433.0,88,1,303.16,2,2,2,222,Lost Customer,No,0,0.5237504630710653
17434.0,2,7,2373.82,5,5,5,555,Champion,No,0,0.06223001682032025
17436.0,2,2,216.3,5,3,1,531,Potential Loyalist,No,0,0.40846841382688015
17438.0,254,1,388.4500000000001,1,2,2,122,Lost Customer,Yes,1,0.5236232556180112
17440.0,157,3,186.42,2,4,1,241,At Risk,Yes,1,0.3023747156948309
17442.0,37,6,2248.56,3,5,5,355,Loyal Customer,No,0,0.09569289161580809
17443.0,220,1,534.24,1,2,3,123,Lost Customer,Yes,1,0.523405807158036
17444.0,148,3,2940.04,2,4,5,245,At Risk,Yes,1,0.2989129211664818
17446.0,177,2,120.9,2,3,1,231,At Risk,Yes,1,0.4086062482405468
17447.0,40,2,541.53,3,3,3,333,Lost Customer,No,0,0.40799862812955273
17449.0,2,7,2519.21,5,5,5,555,Champion,No,0,0.0621793042393548
17450.0,8,46,194390.79,5,5,5,555,Champion,No,0,2.7053194553321543e-10
17451.0,1,7,1721.4,5,5,4,554,Champion,No,0,0.06245805914764499
17453.0,18,2,486.72,4,3,2,432,Potential Loyalist,No,0,0.40807778789787075
17454.0,192,4,517.53,1,4,3,143,At Risk,Yes,1,0.21351137501020548
17455.0,204,1,131.7,1,2,1,121,Lost Customer,Yes,1,0.5240061811297395
17456.0,365,1,249.86,1,2,2,122,Lost Customer,Yes,1,0.5238299568440272
17457.0,127,5,1737.7,2,4,4,244,At Risk,Yes,1,0.1446644202249759
17458.0,15,1,316.5,4,2,2,422,Potential Loyalist,No,0,0.5237305670677743
17459.0,43,2,657.3,3,3,3,333,Lost Customer,No,0,0.40783144210147154
17460.0,94,6,622.4300000000001,2,5,3,253,At Risk,Yes,1,0.09653760288087847
17461.0,23,3,735.82,4,4,3,443,Loyal Customer,No,0,0.3016822084812752
17462.0,60,2,675.69,3,3,3,333,Lost Customer,No,0,0.407804886656552
17463.0,16,5,1875.86,4,4,4,444,Champion,No,0,0.14456223142267488
17464.0,158,1,289.96000000000004,2,2,2,222,Lost Customer,Yes,1,0.5237701501965234
17466.0,10,2,763.28,5,3,3,533,Potential Loyalist,No,0,0.407678412731298
17468.0,10,2,137.0,5,3,1,531,Potential Loyalist,No,0,0.40858298586859654
17469.0,16,5,1870.97,4,4,4,444,Champion,No,0,0.14456584724300606
17470.0,45,5,1125.07,3,4,4,344,Loyal Customer,No,0,0.14511826977235529
17472.0,191,3,697.54,1,4,3,143,At Risk,Yes,1,0.30173043041842657
17475.0,79,1,194.37,2,2,1,221,Lost Customer,No,0,0.5239127155885307
17480.0,78,1,511.82,2,2,3,223,Lost Customer,No,0,0.5234392475788282
17481.0,4,4,1255.59,5,4,4,544,Champion,No,0,0.2127712485972545
17483.0,65,3,414.04,3,4,2,342,Loyal Customer,No,0,0.3020876961661868
17486.0,261,1,396.87,1,2,2,122,Lost Customer,Yes,1,0.5236106972764091
17489.0,59,2,376.64,3,3,2,332,Lost Customer,No,0,0.40823678619811316
17490.0,1,7,2092.32,5,5,5,555,Champion,No,0,0.06232831486352817
17491.0,1,10,3558.87,5,5,5,555,Champion,No,0,0.016025279445136046
17492.0,248,1,374.57,1,2,2,122,Lost Customer,Yes,1,0.5236439574270754
17495.0,8,2,497.56,5,3,3,533,Potential Loyalist,No,0,0.4080621317651661
17496.0,359,1,271.05,1,2,2,122,Lost Customer,Yes,1,0.523798353366463
17498.0,76,1,272.22,2,2,2,222,Lost Customer,No,0,0.5237966083836196
17499.0,290,1,622.88,1,2,3,123,Lost Customer,Yes,1,0.5232735946287672
17500.0,17,3,1138.0,4,4,4,444,Champion,No,0,0.30117584053807694
17501.0,221,2,288.6,1,3,2,132,At Risk,Yes,1,0.40836396399858604
17502.0,9,4,689.1,5,4,3,543,Loyal Customer,No,0,0.2133391574779528
17503.0,3,2,558.96,5,3,3,533,Potential Loyalist,No,0,0.4079734557168057
17504.0,206,9,2997.03,1,5,5,155,At Risk,Yes,1,0.025377677128036263
17505.0,162,2,1145.84,2,3,4,234,At Risk,Yes,1,0.4071261660092639
17506.0,76,1,302.2,2,2,2,222,Lost Customer,No,0,0.5237518948644971
17507.0,262,2,605.58,1,3,3,133,At Risk,Yes,1,0.40790612946798877
17508.0,281,1,387.31,1,2,2,122,Lost Customer,Yes,1,0.5236249559137471
17509.0,58,8,6083.64,3,5,5,355,Loyal Customer,No,0,0.03913778680052975
17510.0,25,1,308.48,4,2,2,422,Potential Loyalist,No,0,0.5237425285420546
17511.0,3,31,91062.38,5,5,5,555,Champion,No,0,5.439539407986624e-07
17512.0,29,10,2924.99,4,5,5,455,Champion,No,0,0.01608515418808688
17513.0,72,1,513.2,3,2,3,323,Lost Customer,No,0,0.5234371892539091
17514.0,128,1,208.65,2,2,1,221,Lost Customer,Yes,1,0.5238914182751737
17515.0,31,4,639.02,4,4,3,443,Loyal Customer,No,0,0.2133894160230129
17516.0,15,5,764.88,4,4,3,443,Loyal Customer,No,0,0.14538565774961595
17517.0,309,1,153.94,1,2,1,121,Lost Customer,Yes,1,0.5239730127621876
17519.0,17,6,1844.02,4,5,4,454,Champion,No,0,0.0959024147678748
17520.0,54,1,546.81,3,2,3,323,Lost Customer,No,0,0.5233870583557091
17521.0,30,3,723.21,4,4,3,443,Loyal Customer,No,0,0.30169809301941386
17522.0,2,5,1070.71,5,4,4,544,Champion,No,0,0.14515859788297297
17523.0,11,4,652.74,5,4,3,543,Loyal Customer,No,0,0.2133756462504787
17524.0,361,1,145.0,1,2,1,121,Lost Customer,Yes,1,0.5239863457555145
17525.0,360,1,422.7,1,2,2,122,Lost Customer,Yes,1,0.5235721719163753
17526.0,5,4,1195.9,5,4,4,544,Champion,No,0,0.21283103606951834
17527.0,54,4,939.37,3,4,4,344,Loyal Customer,No,0,0.21308812450625297
17528.0,1,8,3628.5,5,5,5,555,Champion,No,0,0.03969359401659463
17530.0,1,10,2367.12,5,5,5,555,Champion,No,0,0.01613803122953318
17531.0,190,1,296.7,1,2,2,122,Lost Customer,Yes,1,0.5237600978401744
17534.0,54,1,223.36,3,2,1,321,Lost Customer,No,0,0.5238694795653078
17535.0,280,1,164.4,1,2,1,121,Lost Customer,Yes,1,0.5239574128183385
17536.0,177,1,76.5,2,2,1,221,Lost Customer,Yes,1,0.5240885045795309
17537.0,30,2,887.6700000000001,4,3,3,433,Potential Loyalist,No,0,0.4074988231616713
17538.0,26,1,98.42,4,2,1,421,Potential Loyalist,No,0,0.5240558139747598
17540.0,25,2,578.9,4,3,3,433,Potential Loyalist,No,0,0.40794465895324866
17542.0,270,1,170.75,1,2,1,121,Lost Customer,Yes,1,0.5239479424663309
17545.0,43,3,642.32,3,4,3,343,Loyal Customer,No,0,0.30179999965921106
17548.0,234,1,103.3,1,2,1,121,Lost Customer,Yes,1,0.5240485361113262
17549.0,24,2,148.86,4,3,1,431,Potential Loyalist,No,0,0.40856584999810286
17550.0,197,3,267.16,1,4,2,142,At Risk,Yes,1,0.30227288816820413
17551.0,359,1,290.34,1,2,2,122,Lost Customer,Yes,1,0.5237695834469744
17552.0,60,4,930.41,3,4,3,343,Loyal Customer,No,0,0.21309710810275254
17553.0,130,1,1487.6,2,2,4,224,Lost Customer,Yes,1,0.5219836382240035
17554.0,1,5,1952.45,5,4,4,544,Champion,No,0,0.14450560816581018
17555.0,20,2,480.31,4,3,2,432,Potential Loyalist,No,0,0.40808704590175904
17556.0,206,1,157.9,1,2,1,121,Lost Customer,Yes,1,0.5239671068616042
17557.0,14,3,541.46,4,4,3,443,Loyal Customer,No,0,0.30192709222567377
17560.0,95,4,854.95,2,4,3,243,At Risk,Yes,1,0.21317277778662067
17561.0,19,1,165.12,4,2,1,421,Potential Loyalist,No,0,0.5239563390155121
17562.0,14,7,1122.38,4,5,4,454,Champion,No,0,0.06266812303228983
17564.0,24,3,454.01,4,4,2,442,Loyal Customer,No,0,0.30203731157927377
17566.0,8,2,869.77,5,3,3,533,Potential Loyalist,No,0,0.4075246649825605
17567.0,7,8,4331.48,5,5,5,555,Champion,No,0,0.03953368118363264
17569.0,332,1,344.14,1,2,2,122,Lost Customer,Yes,1,0.5236893430252189
17571.0,50,4,1425.67,3,4,4,344,Loyal Customer,No,0,0.21260095807952492
17572.0,71,4,226.75000000000003,3,4,1,341,Loyal Customer,No,0,0.21380348369568125
17573.0,29,3,380.6,4,4,2,442,Loyal Customer,No,0,0.3021298529578115
17574.0,243,1,185.65,1,2,1,121,Lost Customer,Yes,1,0.5239257206278735
17576.0,8,19,3564.83,5,5,5,555,Champion,No,0,0.0002458586951071938
17578.0,218,1,143.45999999999998,1,2,1,121,Lost Customer,Yes,1,0.5239886424869312
17579.0,5,3,448.9,5,4,2,542,Loyal Customer,No,0,0.3020437527755829
17580.0,253,3,215.72,1,4,1,141,At Risk,Yes,1,0.30233776092733117
17581.0,1,25,11025.24,5,5,5,555,Champion,No,0,1.436825024985432e-05
17582.0,236,1,175.27,1,2,1,121,Lost Customer,Yes,1,0.5239412013548815
17584.0,7,2,1242.3,5,3,4,534,Potential Loyalist,No,0,0.4069869575947344
17585.0,109,4,1116.68,2,4,4,244,At Risk,Yes,1,0.21291040436196662
17588.0,100,3,1240.2,2,4,4,244,At Risk,Yes,1,0.30104724190066323
17589.0,60,4,2404.17,3,4,5,345,Loyal Customer,No,0,0.21162318011380699
17590.0,2,3,1468.02,5,4,4,544,Champion,No,0,0.3007606877010447
17591.0,73,7,2203.67,2,5,5,255,At Risk,No,0,0.0622894148221501
17593.0,4,5,3923.86,5,4,5,545,Champion,No,0,0.14305447276021482
17594.0,85,2,993.18,2,3,4,234,At Risk,No,0,0.4073465111875216
17595.0,12,2,386.69,5,3,2,532,Potential Loyalist,No,0,0.40822226929517186
17596.0,23,7,2806.69,4,5,5,455,Champion,No,0,0.062079143692710156
17597.0,214,1,2044.37,1,2,4,124,Lost Customer,Yes,1,0.5211529136294101
17600.0,18,1,161.67000000000002,4,2,1,421,Potential Loyalist,No,0,0.5239614843187093
17601.0,239,1,116.01,1,2,1,121,Lost Customer,Yes,1,0.5240295808084228
17602.0,2,6,5054.42,5,5,5,555,Champion,No,0,0.09425088983783379
17603.0,78,1,394.72,2,2,2,222,Lost Customer,No,0,0.5236139039816762
17604.0,217,2,309.36,1,3,2,132,At Risk,Yes,1,0.4083339741244034
17608.0,33,2,191.99,4,3,1,431,Potential Loyalist,No,0,0.40850353567500447
17609.0,41,5,1105.78,3,4,4,344,Loyal Customer,No,0,0.14513257940014426
17611.0,7,15,3961.12,5,5,5,555,Champion,No,0,0.0015791246694138188
17612.0,53,6,2048.45,3,5,4,354,Loyal Customer,No,0,0.09579648325707467
17613.0,23,14,4544.55,4,5,5,455,Champion,No,0,0.002505147270856911
17614.0,57,1,386.32,3,2,2,322,Lost Customer,No,0,0.5236264324859157
17615.0,130,3,329.6,2,4,2,242,At Risk,Yes,1,0.30219415353100215
17616.0,174,3,571.1999999999999,2,4,3,243,At Risk,Yes,1,0.30188961402433473
17618.0,6,3,930.28,5,4,3,543,Loyal Customer,No,0,0.30143731168089966
17619.0,312,1,214.37,1,2,1,121,Lost Customer,Yes,1,0.5238828873941852
17620.0,60,1,81.44,3,2,1,321,Lost Customer,No,0,0.5240811372805878
17621.0,21,3,1379.9,4,4,4,444,Champion,No,0,0.3008715074556608
17623.0,33,1,527.05,4,2,3,423,Potential Loyalist,No,0,0.5234165313836513
17624.0,15,2,843.48,4,3,3,433,Potential Loyalist,No,0,0.4075626201820515
17625.0,18,4,2020.4,4,4,4,444,Champion,No,0,0.21200627433534314
17628.0,81,1,75.75,2,2,1,221,Lost Customer,No,0,0.5240896230956603
17629.0,6,8,1814.12,5,5,4,554,Champion,No,0,0.04010919695439279
17630.0,170,2,503.6,2,3,3,233,At Risk,Yes,1,0.40805340831829534
17631.0,2,3,528.33,5,4,3,543,Loyal Customer,No,0,0.3019436394270727
17633.0,31,4,1324.84,4,4,4,444,Champion,No,0,0.21270190087228438
17634.0,36,9,2358.59,3,5,5,355,Loyal Customer,No,0,0.025472267203402347
17636.0,19,1,285.56,4,2,2,422,Potential Loyalist,No,0,0.5237767125552636
17637.0,31,2,547.0600000000001,4,3,3,433,Potential Loyalist,No,0,0.40799064164912474
17639.0,276,1,108.5,1,2,1,121,Lost Customer,Yes,1,0.5240407809997057
17640.0,87,1,621.66,2,2,3,223,Lost Customer,No,0,0.5232754143631055
17642.0,120,2,712.29,2,3,3,233,At Risk,Yes,1,0.4077520372917461
17643.0,373,1,101.55,1,2,1,121,Lost Customer,Yes,1,0.5240511460020519
17644.0,1,11,2895.64,5,5,5,555,Champion,No,0,0.010157229731430543
17646.0,219,3,1008.39,1,4,4,144,At Risk,Yes,1,0.30133897422794115
17647.0,65,1,133.06,3,2,1,321,Lost Customer,No,0,0.5240041528543466
17648.0,61,4,1797.5,3,4,4,344,Loyal Customer,No,0,0.212229014436369
17649.0,138,1,868.49,2,2,3,223,Lost Customer,Yes,1,0.5229072337902095
17650.0,21,1,166.07999999999998,4,2,1,421,Potential Loyalist,No,0,0.5239549072780658
17651.0,12,10,3945.0,5,5,5,555,Champion,No,0,0.015988914067389743
17652.0,25,12,4867.72,4,5,5,455,Champion,No,0,0.006324087952479183
17653.0,37,4,1207.56,3,4,4,344,Loyal Customer,No,0,0.21281935606575259
17654.0,277,1,117.55,1,2,1,121,Lost Customer,Yes,1,0.5240272840951062
17655.0,11,7,2638.94,5,5,5,555,Champion,No,0,0.06213757093833642
17656.0,73,5,1674.69,2,4,4,244,At Risk,No,0,0.14471104492963652
17658.0,26,2,595.42,4,3,3,433,Potential Loyalist,No,0,0.4079208017322272
17659.0,17,12,2999.46,4,5,5,455,Champion,No,0,0.006394675373897745
17660.0,141,1,178.75,2,2,1,221,Lost Customer,Yes,1,0.52393601128968
17663.0,26,7,1802.91,4,5,4,454,Champion,No,0,0.062429526131764536
17664.0,19,2,604.64,4,3,3,433,Potential Loyalist,No,0,0.4079074869343633
17666.0,4,2,728.16,5,3,3,533,Potential Loyalist,No,0,0.40772912212374696
17667.0,66,5,2055.51,3,4,5,345,Loyal Customer,No,0,0.1444294446347016
17668.0,1,2,347.75,5,3,2,532,Potential Loyalist,No,0,0.40827851776883806
17669.0,43,7,3406.7200000000003,3,5,5,355,Loyal Customer,No,0,0.061870573228392386
17670.0,228,1,205.7,1,2,1,121,Lost Customer,Yes,1,0.5238958179373675
17671.0,16,4,1572.71,4,4,4,444,Champion,No,0,0.21245381628533314
17672.0,50,2,3178.17,3,3,5,335,Lost Customer,No,0,0.40419634878094574
17673.0,2,6,1594.97,5,5,4,554,Champion,No,0,0.09603160894579679
17674.0,74,2,551.04,2,3,3,233,At Risk,No,0,0.407984893724025
17675.0,1,31,20374.28,5,5,5,555,Champion,No,0,8.300861671969958e-07
17676.0,4,6,1371.18,5,5,4,554,Champion,No,0,0.09614783221564717
17677.0,2,30,16345.38,5,5,5,555,Champion,No,0,1.3549397085534198e-06
17678.0,264,1,298.11,1,2,2,122,Lost Customer,Yes,1,0.5237579948967225
17679.0,53,2,1992.11,3,3,4,334,Lost Customer,No,0,0.4059053633272183
17680.0,24,1,184.4,4,2,1,421,Potential Loyalist,No,0,0.5239275848797078
17682.0,10,6,2474.33,5,5,5,555,Champion,No,0,0.09557613674022597
17684.0,44,1,239.41,3,2,1,321,Lost Customer,No,0,0.5238455422546926
17685.0,17,7,3155.83,4,5,5,455,Champion,No,0,0.06195770286681189
17686.0,7,7,5739.46,5,5,5,555,Champion,No,0,0.0610659167639463
17690.0,30,15,4726.8,4,5,5,455,Champion,No,0,0.001571922937642657
17691.0,358,2,290.40000000000003,1,3,2,132,At Risk,Yes,1,0.4083613636934613
17692.0,127,4,740.94,2,4,3,243,At Risk,Yes,1,0.21328714174579047
17693.0,137,1,200.47,2,2,1,221,Lost Customer,Yes,1,0.5239036180073264
17694.0,142,1,283.12,2,2,2,222,Lost Customer,Yes,1,0.5237803516779354
17695.0,132,2,765.34,2,3,3,233,At Risk,Yes,1,0.4076754383803624
17696.0,38,8,2285.71,3,5,5,355,Loyal Customer,No,0,0.04000077493812385
17697.0,236,1,338.95,1,2,2,122,Lost Customer,Yes,1,0.5236970837438039
17698.0,261,1,154.95,1,2,1,121,Lost Customer,Yes,1,0.5239715064598979
17700.0,17,4,2534.64,4,4,5,445,Champion,No,0,0.2114930552651492
17701.0,253,1,417.95,1,2,2,122,Lost Customer,Yes,1,0.5235792565468133
17702.0,30,4,1824.37,4,4,4,444,Champion,No,0,0.21220215465144507
17703.0,35,3,798.74,3,4,3,343,Loyal Customer,No,0,0.30160295664778675
17704.0,169,2,885.19,2,3,3,233,At Risk,Yes,1,0.4075024034504579
17705.0,3,9,1823.52,5,5,4,554,Champion,No,0,0.025551806560781033
17706.0,4,17,10504.49,5,5,5,555,Champion,No,0,0.0005986614375953743
17707.0,185,2,152.4,1,3,1,131,At Risk,Yes,1,0.40856073528723913
17708.0,188,2,263.33,1,3,2,132,At Risk,Yes,1,0.40840046993470186
17709.0,170,1,137.45,2,2,1,221,Lost Customer,Yes,1,0.5239976056952854
17711.0,11,2,385.1,5,3,2,532,Potential Loyalist,No,0,0.40822456598855733
17712.0,45,1,522.91,3,2,3,323,Lost Customer,No,0,0.5234227063799823
17714.0,321,1,153.0,1,2,1,121,Lost Customer,Yes,1,0.523974414666897
17715.0,201,1,326.4,1,2,2,122,Lost Customer,Yes,1,0.5237158016193371
17716.0,23,11,5655.99,4,5,5,455,Champion,No,0,0.009992622470643713
17718.0,232,1,139.35,1,2,1,121,Lost Customer,Yes,1,0.523994772070355
17719.0,38,15,5396.04,3,5,5,355,Loyal Customer,No,0,0.001565655150838442
17720.0,26,4,1195.94,4,4,4,444,Champion,No,0,0.21283099600009522
17722.0,96,4,2424.04,2,4,5,245,At Risk,Yes,1,0.21160335889865192
17723.0,127,6,3276.4000000000005,2,5,5,255,At Risk,Yes,1,0.09516238330217484
17724.0,71,3,1033.0,3,4,4,344,Loyal Customer,No,0,0.30130799497463484
17725.0,16,11,3439.08,4,5,5,455,Champion,No,0,0.010124612116325179
17727.0,15,1,1060.25,4,2,4,424,Potential Loyalist,No,0,0.5226211804208274
17728.0,4,3,2876.01,5,4,5,545,Champion,No,0,0.2989931598492208
17730.0,3,13,5298.4800000000005,5,5,5,555,Champion,No,0,0.003968011916763481
17731.0,79,4,1240.11,2,4,4,244,At Risk,No,0,0.21278675269855035
17732.0,373,1,303.97,1,2,2,122,Lost Customer,Yes,1,0.5237492549950535
17733.0,39,2,692.19,3,3,3,333,Lost Customer,No,0,0.4077810608591688
17734.0,54,3,700.63,3,4,3,343,Loyal Customer,No,0,0.3017265377328812
17735.0,2,19,13110.02,5,5,5,555,Champion,No,0,0.00023222275539040734
17736.0,9,3,377.44,5,4,2,542,Loyal Customer,No,0,0.3021338368462846
17737.0,9,2,168.24,5,3,1,531,Potential Loyalist,No,0,0.40853784936588716
17738.0,19,4,1879.05,4,4,4,444,Champion,No,0,0.21214750310912614
17739.0,12,7,2791.35,5,5,5,555,Champion,No,0,0.06208448447556321
17742.0,113,2,355.11,2,3,2,232,At Risk,Yes,1,0.40826788613201204
17744.0,4,6,2322.4,5,5,5,555,Champion,No,0,0.09565469191230029
17746.0,240,1,110.25,1,2,1,121,Lost Customer,Yes,1,0.5240381711037644
17747.0,113,1,71.4,2,2,1,221,Lost Customer,Yes,1,0.524096110484445
17749.0,178,2,674.52,2,3,3,233,At Risk,Yes,1,0.40780657613864274
17750.0,5,9,1710.45,5,5,4,554,Champion,No,0,0.025568645598730153
17752.0,359,1,80.64,1,2,1,121,Lost Customer,Yes,1,0.5240823303661482
17754.0,1,5,1664.65,5,4,4,544,Champion,No,0,0.1447184752531741
17757.0,1,30,5593.39,5,5,5,555,Champion,No,0,1.4449088228302254e-06
17758.0,19,8,3408.2,4,5,5,455,Champion,No,0,0.039743835019090554
17759.0,17,3,819.96,4,4,3,443,Loyal Customer,No,0,0.3015762313447002
17760.0,22,2,287.59,4,3,2,432,Potential Loyalist,No,0,0.40836542306093027
17761.0,33,1,712.78,4,2,3,423,Potential Loyalist,No,0,0.5231394993931032
17763.0,263,1,15.0,1,2,1,121,Lost Customer,Yes,1,0.5241802220985857
17764.0,51,2,772.55,3,3,3,333,Lost Customer,No,0,0.4076650282053619
17765.0,159,3,367.63,2,4,2,242,At Risk,Yes,1,0.30214620474046905
17767.0,15,1,271.2,4,2,2,422,Potential Loyalist,No,0,0.5237981296507462
17768.0,8,3,2081.9,5,4,5,545,Champion,No,0,0.2999893179291005
17769.0,13,10,3957.43,5,5,5,555,Champion,No,0,0.01598774477083209
17770.0,199,5,1143.27,1,4,4,144,At Risk,Yes,1,0.14510476979783296
17771.0,57,2,245.81,3,3,1,331,Lost Customer,No,0,0.40842578053980255
17772.0,11,2,173.45,5,3,1,531,Potential Loyalist,No,0,0.4085303219493651
17774.0,97,4,1213.73,2,4,4,244,At Risk,Yes,1,0.21281317566979413
17775.0,255,1,56.4,1,2,1,121,Lost Customer,Yes,1,0.5241184807282193
17777.0,25,3,647.56,4,4,3,443,Loyal Customer,No,0,0.3017933976234061
17779.0,21,3,650.32,4,4,3,443,Loyal Customer,No,0,0.30178992024820345
17781.0,159,2,188.02,2,3,1,231,At Risk,Yes,1,0.4085092714172733
17783.0,72,2,283.47,3,3,2,332,Lost Customer,No,0,0.4083713748963308
17785.0,53,1,131.94,3,2,1,321,Lost Customer,No,0,0.5240058231988454
17786.0,85,2,266.85,2,3,2,232,At Risk,No,0,0.40839538475756965
17787.0,153,4,1817.54,2,4,4,244,At Risk,Yes,1,0.21220898181947243
17788.0,74,2,1117.9,2,3,4,234,At Risk,No,0,0.40716649103411967
17789.0,281,1,225.9,1,2,1,121,Lost Customer,Yes,1,0.5238656913627051
17790.0,27,14,1964.3,4,5,4,454,Champion,No,0,0.0025439974902412617
17791.0,30,1,106.1,4,2,1,421,Potential Loyalist,No,0,0.524044360283433
17793.0,25,1,300.34,4,2,2,422,Potential Loyalist,No,0,0.5237546689631605
17795.0,180,2,342.83,1,3,2,132,At Risk,Yes,1,0.4082856248347982
17796.0,40,4,690.0,3,4,3,343,Loyal Customer,No,0,0.21333825434819223
17797.0,22,3,780.43,4,4,3,443,Loyal Customer,No,0,0.3016260180637641
17799.0,22,10,3039.17,4,5,5,455,Champion,No,0,0.016074352801444057
17800.0,37,9,1187.21,3,5,4,354,Loyal Customer,No,0,0.025646710329755382
17802.0,82,3,1285.04,2,4,4,244,At Risk,No,0,0.3009908294304385
17805.0,74,1,512.31,2,2,3,223,Lost Customer,No,0,0.5234385167244191
17806.0,11,1,546.04,5,2,3,523,Potential Loyalist,No,0,0.5233882068522581
17809.0,16,12,5411.91,4,5,5,455,Champion,No,0,0.00630367311296719
17811.0,4,39,7761.82,5,5,5,555,Champion,No,0,2.1537550099569847e-08
17812.0,13,4,699.81,5,4,3,543,Loyal Customer,No,0,0.21332841041451378
17813.0,14,5,1698.07,4,4,4,444,Champion,No,0,0.1446937432731554
17816.0,37,4,36.56,3,4,1,341,Loyal Customer,No,0,0.2139947000789901
17817.0,4,3,387.68,5,4,2,542,Loyal Customer,No,0,0.30212092713861266
17819.0,72,7,3704.87,3,5,5,355,Loyal Customer,No,0,0.06176717985074859
17824.0,51,1,298.4,3,2,2,322,Lost Customer,No,0,0.5237575623763336
17827.0,5,5,1987.33,5,4,4,544,Champion,No,0,0.14447982736808634
17828.0,23,4,1820.09,4,4,4,444,Champion,No,0,0.2122064328580244
17829.0,299,1,889.24,1,2,3,123,Lost Customer,Yes,1,0.5228762811982892
17830.0,2,3,398.7,5,4,2,542,Loyal Customer,No,0,0.3021070344237689
17831.0,33,1,35.400000000000006,4,2,1,421,Potential Loyalist,No,0,0.5241497989068907
17832.0,50,1,155.37,3,2,1,321,Lost Customer,No,0,0.5239708800766392
17835.0,3,3,342.24,5,4,2,542,Loyal Customer,No,0,0.3021782163520746
17836.0,47,1,110.21,3,2,1,321,Lost Customer,No,0,0.5240382307585435
17837.0,42,8,1541.23,3,5,4,354,Loyal Customer,No,0,0.0401720649399487
17838.0,27,5,2720.8,4,4,5,445,Champion,No,0,0.14393858383846195
17839.0,42,1,318.15,3,2,2,322,Lost Customer,No,0,0.5237281061625815
17841.0,2,124,40519.84,5,5,5,555,Champion,No,0,1.1211586846286297e-25
17843.0,303,1,205.48,1,2,1,121,Lost Customer,Yes,1,0.5238961460476197
17844.0,107,1,51.56,2,2,1,221,Lost Customer,Yes,1,0.5241256988395626
17846.0,85,1,2033.1,2,2,4,224,Lost Customer,No,0,0.5211697301259333
17848.0,81,9,901.2,2,5,3,253,At Risk,No,0,0.025689479604631773
17849.0,218,4,605.8000000000001,1,4,3,143,At Risk,Yes,1,0.21342275921844964
17850.0,372,34,5391.21,1,5,5,155,At Risk,Yes,1,2.2440188868319665e-07
17852.0,12,2,114.34,5,3,1,531,Potential Loyalist,No,0,0.4086157266908426
17854.0,185,2,311.26,1,3,2,132,At Risk,Yes,1,0.40833122942048605
17855.0,373,1,208.97,1,2,1,121,Lost Customer,Yes,1,0.5238909410234585
17856.0,2,4,1418.03,5,4,4,544,Champion,No,0,0.21260860540131832
17857.0,4,23,26879.04,5,5,5,555,Champion,No,0,3.3181551080952755e-05
17858.0,6,12,5140.66,5,5,5,555,Champion,No,0,0.006313840634777063
17859.0,305,1,141.92,1,2,1,121,Lost Customer,Yes,1,0.5239909392173334
17860.0,369,1,226.45,1,2,1,121,Lost Customer,Yes,1,0.5238648710822523
17861.0,3,8,2097.88,5,5,5,555,Champion,No,0,0.0400439247423578
17862.0,324,1,330.9,1,2,2,122,Lost Customer,Yes,1,0.5237090900381591
17863.0,59,6,3160.0,3,5,5,355,Loyal Customer,No,0,0.09522232948186897
17864.0,13,3,554.85,5,4,3,543,Loyal Customer,No,0,0.3019102178869286
17865.0,31,20,10526.32,4,5,5,455,Champion,No,0,0.00014801842217273818
17866.0,143,1,329.65000000000003,2,2,2,222,Lost Customer,Yes,1,0.5237109543671231
17867.0,30,6,1157.87,4,5,4,454,Champion,No,0,0.09625872978364064
17869.0,107,5,428.18,2,4,2,242,At Risk,Yes,1,0.1456359774786874
17870.0,2,12,1865.89,5,5,4,554,Champion,No,0,0.006437885419038258
17871.0,205,1,155.9,1,2,1,121,Lost Customer,Yes,1,0.5239700896405145
17873.0,80,5,1848.96,2,4,4,244,At Risk,No,0,0.14458212306209678
17874.0,185,6,683.46,1,5,3,153,At Risk,Yes,1,0.09650578023936039
17877.0,170,1,237.61,2,2,1,221,Lost Customer,Yes,1,0.5238482268183489
17878.0,44,1,379.45,3,2,2,322,Lost Customer,No,0,0.5236366789904944
17879.0,174,1,178.52,2,2,1,221,Lost Customer,Yes,1,0.5239363543113903
17880.0,365,1,458.92,1,2,2,122,Lost Customer,Yes,1,0.5235181494331632
17881.0,304,1,133.35,1,2,1,121,Lost Customer,Yes,1,0.5240037203543442
17883.0,3,4,664.34,5,4,3,543,Loyal Customer,No,0,0.2133640046739257
17884.0,4,4,695.07,5,4,3,543,Loyal Customer,No,0,0.21333316676926856
17885.0,12,1,156.34,5,2,1,521,Potential Loyalist,No,0,0.523969433429301
17886.0,32,3,869.28,4,4,3,443,Loyal Customer,No,0,0.30151412099435526
17887.0,129,1,111.35,2,2,1,221,Lost Customer,Yes,1,0.5240365305970721
17888.0,21,8,716.0,4,5,3,453,Loyal Customer,No,0,0.04036275513984695
17889.0,212,2,201.37,1,3,1,131,At Risk,Yes,1,0.4084899838186998
17890.0,323,2,586.89,1,3,3,133,At Risk,Yes,1,0.4079331202068165
17891.0,162,1,203.86,2,2,1,221,Lost Customer,Yes,1,0.5238985621315696
17892.0,56,3,244.1,3,4,1,341,Loyal Customer,No,0,0.30230196895435646
17893.0,225,1,107.21,1,2,1,121,Lost Customer,Yes,1,0.5240427048650161
17894.0,72,8,1118.96,3,5,4,354,Loyal Customer,No,0,0.04026953298548747
17895.0,44,1,95.45,3,2,1,321,Lost Customer,No,0,0.524060243325168
17896.0,23,1,256.32,4,2,2,422,Potential Loyalist,No,0,0.523820322203309
17897.0,173,3,541.81,2,4,3,243,At Risk,Yes,1,0.30192665114204603
17898.0,85,2,152.06,2,3,1,231,At Risk,No,0,0.408561226529796
17899.0,159,1,154.55,2,2,1,221,Lost Customer,Yes,1,0.5239721030153123
17900.0,190,2,112.2,1,3,1,131,At Risk,Yes,1,0.4086188187609739
17901.0,29,1,110.38,4,2,1,421,Potential Loyalist,No,0,0.5240379772257279
17904.0,21,1,181.07,4,2,1,421,Potential Loyalist,No,0,0.5239325512433401
17905.0,71,4,798.99,3,4,3,343,Loyal Customer,No,0,0.21322890593445928
17906.0,247,1,72.9,1,2,1,121,Lost Customer,Yes,1,0.5240938734547481
17908.0,374,1,232.03,1,2,1,121,Lost Customer,Yes,1,0.5238565489569247
17911.0,9,1,366.23,5,2,2,522,Potential Loyalist,No,0,0.5236563963712609
17912.0,310,5,310.06,1,4,2,142,At Risk,Yes,1,0.14572387850804244
17913.0,59,2,408.65,3,3,2,332,Lost Customer,No,0,0.40819054933612625
17914.0,4,1,329.36,5,2,2,522,Potential Loyalist,No,0,0.5237113868913483
17917.0,45,3,335.03,3,4,2,342,Loyal Customer,No,0,0.30218730704211205
17919.0,88,1,1304.04,2,2,4,224,Lost Customer,No,0,0.5222574911494023
17920.0,4,17,4119.5,5,5,5,555,Champion,No,0,0.0006219443921227525
17921.0,64,4,820.23,3,4,3,343,Loyal Customer,No,0,0.21320760084437296
17923.0,282,1,207.50000000000003,1,2,1,121,Lost Customer,Yes,1,0.5238931333981649
17924.0,12,7,2962.5,5,5,5,555,Champion,No,0,0.06202492110192884
17925.0,373,1,244.08,1,2,1,121,Lost Customer,Yes,1,0.5238385772970042
17926.0,133,2,397.29,2,3,2,232,At Risk,Yes,1,0.4082069581083638
17928.0,45,2,212.54,3,3,1,331,Lost Customer,No,0,0.4084738460220232
17929.0,11,4,843.0,5,4,3,543,Loyal Customer,No,0,0.21318476278922904
17930.0,36,5,1740.48,3,4,4,344,Loyal Customer,No,0,0.14466236343140954
17931.0,134,2,408.36,2,3,2,232,At Risk,Yes,1,0.40819096821949197
17932.0,29,3,1331.57,4,4,4,444,Champion,No,0,0.3009322971631201
17934.0,52,2,704.25,3,3,3,333,Lost Customer,No,0,0.4077636466415004
17935.0,138,2,145.79,2,3,1,231,At Risk,Yes,1,0.40857028565321474
17936.0,5,1,380.13,5,2,2,522,Potential Loyalist,No,0,0.5236356647813213
17937.0,9,7,4301.22,5,5,5,555,Champion,No,0,0.061560859887690514
17939.0,160,1,99.14,2,2,1,221,Lost Customer,Yes,1,0.5240547401922726
17940.0,49,10,4020.04,3,5,5,355,Loyal Customer,No,0,0.015981856294515973
17941.0,131,1,304.56,2,2,2,222,Lost Customer,Yes,1,0.5237483750382773
17942.0,8,1,77.50000000000001,5,2,1,521,Potential Loyalist,No,0,0.5240870132243157
17946.0,233,2,149.57999999999998,1,3,1,131,At Risk,Yes,1,0.4085648097163234
17947.0,37,1,176.68,3,2,1,321,Lost Customer,No,0,0.5239390984842591
17948.0,147,1,358.56000000000006,2,2,2,222,Lost Customer,Yes,1,0.5236678359978618
17949.0,1,45,58510.48,5,5,5,555,Champion,No,0,9.714135939031211e-10
17950.0,72,3,482.2,3,4,2,342,Loyal Customer,No,0,0.30200177925703525
17951.0,40,3,1008.54,3,4,4,344,Loyal Customer,No,0,0.3013387854013252
17954.0,5,12,2314.13,5,5,5,555,Champion,No,0,0.00642076459336661
17955.0,199,4,557.3,1,4,3,143,At Risk,Yes,1,0.2134714458963504
17956.0,249,1,12.75,1,2,1,121,Lost Customer,Yes,1,0.5241835775866854
17957.0,66,1,111.68,3,2,1,321,Lost Customer,No,0,0.5240360384449633
17958.0,117,1,508.46,2,2,3,223,Lost Customer,Yes,1,0.5234442591492146
17960.0,171,1,73.78,2,2,1,221,Lost Customer,Yes,1,0.5240925610635425
17961.0,21,39,1296.44,4,5,4,454,Champion,No,0,2.238646111205233e-08
17962.0,142,1,102.41,2,2,1,221,Lost Customer,Yes,1,0.5240498634273452
17964.0,32,2,463.21,4,3,2,432,Potential Loyalist,No,0,0.4081117438599273
17965.0,38,14,2599.19,3,5,5,355,Loyal Customer,No,0,0.002534382712874677
17966.0,38,5,1098.43,3,4,4,344,Loyal Customer,No,0,0.14513803205486892
17967.0,372,1,112.27,1,2,1,121,Lost Customer,Yes,1,0.5240351585365312
17968.0,374,1,265.1,1,2,2,122,Lost Customer,Yes,1,0.5238072274155203
17969.0,166,2,228.2,2,3,1,231,At Risk,Yes,1,0.4084512216545003
17970.0,211,1,562.79,1,2,3,123,Lost Customer,Yes,1,0.5233632232676232
17972.0,242,1,135.19,1,2,1,121,Lost Customer,Yes,1,0.5240009762155591
17973.0,52,1,337.04,3,2,2,322,Lost Customer,No,0,0.5236999324446949
17974.0,25,3,703.99,4,4,3,443,Loyal Customer,No,0,0.3017223049421311
17975.0,15,13,4483.26,4,5,5,455,Champion,No,0,0.003987323672820078
17976.0,372,1,321.79,1,2,2,122,Lost Customer,Yes,1,0.523722677252506
17977.0,29,1,288.14,4,2,2,422,Potential Loyalist,No,0,0.5237728646277251
17978.0,365,1,300.92,1,2,2,122,Lost Customer,Yes,1,0.5237538039217992
17979.0,36,4,732.41,3,4,3,343,Loyal Customer,No,0,0.21329570002616946
17980.0,166,3,811.45,2,4,3,243,At Risk,Yes,1,0.3015869490119906
17984.0,145,1,152.68,2,2,1,221,Lost Customer,Yes,1,0.5239748919109671
17985.0,22,1,631.35,4,2,3,423,Potential Loyalist,No,0,0.5232609608823525
17986.0,56,1,20.8,3,2,1,321,Lost Customer,No,0,0.5241715723858623
17987.0,185,1,198.57,1,2,1,121,Lost Customer,Yes,1,0.5239064516818618
17988.0,12,7,201.12,5,5,1,551,Loyal Customer,No,0,0.06299247675587388
17990.0,237,3,630.84,1,4,3,143,At Risk,Yes,1,0.301814463947919
17991.0,225,2,93.35,1,3,1,131,At Risk,Yes,1,0.40864605529853804
17994.0,122,4,674.89,2,4,3,243,At Risk,Yes,1,0.21335341726269924
17995.0,282,1,76.1,1,2,1,121,Lost Customer,Yes,1,0.5240891011214966
17997.0,74,8,1962.46,2,5,4,254,At Risk,No,0,0.040075062172451596
17999.0,37,2,380.39,3,3,2,332,Lost Customer,No,0,0.40823136942455895
18001.0,12,2,415.13,5,3,2,532,Potential Loyalist,No,0,0.40818118949432947
18004.0,362,1,157.92,1,2,1,121,Lost Customer,Yes,1,0.5239670770338065
18005.0,4,2,226.47,5,3,1,531,Potential Loyalist,No,0,0.4084537210068241
18006.0,23,1,444.68,4,2,2,422,Potential Loyalist,No,0,0.523539388597747
18008.0,70,9,2116.19,3,5,5,355,Loyal Customer,No,0,0.025508270589499175
18009.0,235,1,247.39,1,2,1,121,Lost Customer,Yes,1,0.5238336406725561
18010.0,257,1,174.8,1,2,1,121,Lost Customer,Yes,1,0.5239419023115669
18011.0,373,1,102.79,1,2,1,121,Lost Customer,Yes,1,0.5240492967081877
18013.0,155,2,187.29,2,3,1,231,At Risk,Yes,1,0.40851032610307225
18014.0,28,1,162.22,4,2,1,421,Potential Loyalist,No,0,0.523960664053323
18015.0,4,1,120.03,5,2,1,521,Potential Loyalist,No,0,0.5240235854897074
18016.0,32,5,1477.66,4,4,4,444,Champion,No,0,0.14485691925987074
18017.0,81,3,523.0,2,4,3,243,At Risk,No,0,0.3019503567546869
18018.0,108,2,122.14,2,3,1,231,At Risk,Yes,1,0.40860445658989586
18019.0,52,1,38.45,3,2,1,321,Lost Customer,No,0,0.5241452503260581
18022.0,36,1,612.72,3,2,3,323,Lost Customer,No,0,0.5232887491188245
18024.0,153,2,389.78,2,3,2,232,At Risk,Yes,1,0.4082178059213762
18027.0,99,1,115.31,2,2,1,221,Lost Customer,Yes,1,0.5240306247686851
18030.0,4,2,230.65,5,3,1,531,Potential Loyalist,No,0,0.40844768211740096
18032.0,334,1,73.5,1,2,1,121,Lost Customer,Yes,1,0.5240929786425986
18033.0,65,1,93.82,3,2,1,321,Lost Customer,No,0,0.5240626742465107
18034.0,22,2,418.68,4,3,2,432,Potential Loyalist,No,0,0.40817606183145716
18035.0,36,3,713.89,3,4,3,343,Loyal Customer,No,0,0.30170983352258945
18036.0,32,3,403.12,4,4,2,442,Loyal Customer,No,0,0.30210146231144797
18037.0,154,6,70.02,2,5,1,251,At Risk,Yes,1,0.09682607050731519
18040.0,19,2,357.20000000000005,4,3,2,432,Potential Loyalist,No,0,0.4082648671094853
18041.0,12,21,4097.37,5,5,5,555,Champion,No,0,9.65378905288328e-05
18042.0,54,1,165.04999999999998,3,2,1,321,Lost Customer,No,0,0.5239564434130188
18043.0,25,3,529.29,4,4,3,443,Loyal Customer,No,0,0.3019424295609422
18044.0,4,10,2088.6,5,5,5,555,Champion,No,0,0.016164494365774534
18045.0,45,1,178.34,3,2,1,321,Lost Customer,No,0,0.5239366227631478
18048.0,203,2,172.29000000000002,1,3,1,131,At Risk,Yes,1,0.4085319979155503
18050.0,359,1,74.4,1,2,1,121,Lost Customer,Yes,1,0.5240916364240843
18053.0,71,1,300.02,3,2,2,322,Lost Customer,No,0,0.5237551462272989
18055.0,7,10,6761.34,5,5,5,555,Champion,No,0,0.015726118129621477
18056.0,288,1,363.65,1,2,2,122,Lost Customer,Yes,1,0.5236602443840229
18058.0,10,1,170.16,5,2,1,521,Potential Loyalist,No,0,0.5239488223895267
18059.0,23,3,306.46,4,4,2,442,Loyal Customer,No,0,0.3022233308986335
18061.0,22,10,2119.41,4,5,5,455,Champion,No,0,0.01616156490416925
18062.0,173,3,720.52,2,4,3,243,At Risk,Yes,1,0.3017014816144005
18064.0,133,2,814.0,2,3,3,233,At Risk,Yes,1,0.4076051821360753
18065.0,6,14,2392.83,5,5,5,555,Champion,No,0,0.0025375038472065614
18066.0,75,1,318.0,2,2,2,222,Lost Customer,No,0,0.523728329881283
18067.0,40,1,396.33,3,2,2,322,Lost Customer,No,0,0.5236115026816359
18068.0,289,1,101.7,1,2,1,121,Lost Customer,Yes,1,0.5240509222971841
18069.0,26,5,2009.24,4,4,4,444,Champion,No,0,0.1444636350202693
18071.0,258,2,453.0,1,3,2,132,At Risk,Yes,1,0.4081264906398559
18072.0,186,1,247.44,1,2,1,121,Lost Customer,Yes,1,0.5238335661011541
18073.0,114,12,3859.82,2,5,5,255,At Risk,Yes,1,0.006362072155204636
18074.0,374,1,489.6,1,2,3,123,Lost Customer,Yes,1,0.5234723894834361
18075.0,23,10,2611.75,4,5,5,455,Champion,No,0,0.016114823251534474
18077.0,8,11,2584.41,5,5,5,555,Champion,No,0,0.01017595676945894
18078.0,217,2,336.13,1,3,2,132,At Risk,Yes,1,0.4082953032180017
18079.0,45,4,3613.15,3,4,5,345,Loyal Customer,No,0,0.21041964125959833
18080.0,19,2,1231.5,4,3,4,434,Potential Loyalist,No,0,0.4070025431150867
18081.0,36,3,343.45,3,4,2,342,Loyal Customer,No,0,0.30217669074522363
18082.0,26,1,680.84,4,2,3,423,Potential Loyalist,No,0,0.5231871416207277
18084.0,16,1,90.48,4,2,1,421,Potential Loyalist,No,0,0.5240676553946568
18085.0,330,2,689.95,1,3,3,133,At Risk,Yes,1,0.4077842953662314
18086.0,274,1,101.34,1,2,1,121,Lost Customer,Yes,1,0.5240514591888508
18087.0,98,2,4055.72,2,3,5,235,At Risk,Yes,1,0.4029333632822488
18088.0,61,1,166.03,3,2,1,321,Lost Customer,No,0,0.5239549818477343
18092.0,2,11,9068.26,5,5,5,555,Champion,No,0,0.009792785314021021
18093.0,93,4,2106.52,2,4,5,245,At Risk,Yes,1,0.2119202618909194
18094.0,82,7,3017.3,2,5,5,255,At Risk,No,0,0.06200586096748628
18095.0,313,2,580.05,1,3,3,133,At Risk,Yes,1,0.40794299817623264
18096.0,12,3,849.06,5,4,3,543,Loyal Customer,No,0,0.3015395838475113
18097.0,8,6,2662.4,5,5,5,555,Champion,No,0,0.09547897535378999
18099.0,127,1,168.31,2,2,1,221,Lost Customer,Yes,1,0.5239515814697701
18101.0,11,2,222.4,5,3,1,531,Potential Loyalist,No,0,0.40845960100465795
18102.0,1,60,259657.3,5,5,5,555,Champion,No,0,2.6918313904600745e-13
18104.0,37,1,754.64,3,2,3,323,Lost Customer,No,0,0.5230770596934289
18105.0,38,1,113.48000000000002,3,2,1,321,Lost Customer,No,0,0.5240333539780934
18106.0,330,1,421.9,1,2,2,122,Lost Customer,Yes,1,0.5235733651179555
18108.0,254,1,271.0,1,2,2,122,Lost Customer,Yes,1,0.5237984279383664
18109.0,2,26,8004.92,5,5,5,555,Champion,No,0,9.181515266848404e-06
18110.0,20,1,198.8,4,2,1,421,Potential Loyalist,No,0,0.5239061086581841
18112.0,12,2,352.69,5,3,2,532,Potential Loyalist,No,0,0.4082713818509535
18113.0,369,1,76.32000000000001,1,2,1,121,Lost Customer,Yes,1,0.5240887730234239
18114.0,290,1,220.1,1,2,1,121,Lost Customer,Yes,1,0.5238743415850959
18116.0,68,8,1403.11,3,5,4,354,Loyal Customer,No,0,0.040203920793680875
18117.0,26,1,315.65,4,2,2,422,Potential Loyalist,No,0,0.5237318348063633
18118.0,11,26,5625.08,5,5,5,555,Champion,No,0,9.313098908480438e-06
18119.0,368,1,180.7,1,2,1,121,Lost Customer,Yes,1,0.5239331030612294
18120.0,214,1,111.15,1,2,1,121,Lost Customer,Yes,1,0.5240368288710547
18121.0,149,2,653.3000000000001,2,3,3,233,At Risk,Yes,1,0.40783721823472197
18122.0,8,6,1793.06,5,5,4,554,Champion,No,0,0.0959288375139822
18123.0,24,2,574.4399999999999,4,3,3,433,Potential Loyalist,No,0,0.40795109989965167
18125.0,30,4,1131.75,4,4,4,444,Champion,No,0,0.212895304489496
18126.0,61,1,200.92,3,2,1,321,Lost Customer,No,0,0.5239029468736583
18127.0,19,3,347.08,4,4,2,442,Loyal Customer,No,0,0.3021721139508729
18129.0,243,1,112.55,1,2,1,121,Lost Customer,Yes,1,0.5240347409528162
18130.0,15,3,1059.39,4,4,4,444,Champion,No,0,0.3012747770566663
18133.0,212,1,931.5,1,2,3,123,Lost Customer,Yes,1,0.5228132417860885
18135.0,29,5,681.91,4,4,3,443,Loyal Customer,No,0,0.1454473086522296
18136.0,63,3,784.33,3,4,3,343,Loyal Customer,No,0,0.3016211059359838
18138.0,295,1,152.65,1,2,1,121,Lost Customer,Yes,1,0.5239749366525965
18139.0,18,6,8438.34,4,5,5,455,Champion,No,0,0.09253772916418285
18142.0,157,2,1019.52,2,3,4,234,At Risk,Yes,1,0.4073084901044204
18143.0,117,2,1000.16,2,3,4,234,At Risk,Yes,1,0.40733643563676397
18144.0,8,12,2888.75,5,5,5,555,Champion,No,0,0.006398882750451521
18145.0,13,4,2861.55,5,4,5,545,Champion,No,0,0.21116726728364052
18146.0,141,2,160.35,2,3,1,231,At Risk,Yes,1,0.4085492489324593
18147.0,46,2,179.34,3,3,1,331,Lost Customer,No,0,0.40852181211939315
18149.0,51,3,612.0799999999999,3,4,3,343,Loyal Customer,No,0,0.30183810155941293
18150.0,32,3,566.58,4,4,3,443,Loyal Customer,No,0,0.30189543595232204
18151.0,135,2,653.35,2,3,3,233,At Risk,Yes,1,0.40783714603289917
18154.0,3,2,399.19,5,3,2,532,Potential Loyalist,No,0,0.4082042136691791
18155.0,75,3,371.62,2,4,2,242,At Risk,No,0,0.302141174339085
18156.0,13,2,675.64,5,3,3,533,Potential Loyalist,No,0,0.4078049588565968
18158.0,9,2,453.4,5,3,2,532,Potential Loyalist,No,0,0.4081259128980575
18159.0,301,1,530.15,1,2,3,123,Lost Customer,Yes,1,0.5234119075894408
18160.0,57,2,638.0600000000001,3,3,3,333,Lost Customer,No,0,0.40785922553572507
18161.0,15,5,1618.69,4,4,4,444,Champion,No,0,0.14475249301185908
18164.0,37,1,399.65,3,2,2,322,Lost Customer,No,0,0.5236065509290382
18165.0,177,1,302.46,2,2,2,222,Lost Customer,Yes,1,0.523751507087148
18167.0,23,3,1384.86,4,4,4,444,Champion,No,0,0.30086526913950035
18168.0,176,6,1160.04,2,5,4,254,At Risk,Yes,1,0.09625760104886369
18169.0,61,1,202.65,3,2,1,321,Lost Customer,No,0,0.523900366736753
18170.0,33,3,980.31,4,4,4,444,Champion,No,0,0.30137432375574785
18171.0,59,5,1231.31,3,4,4,344,Loyal Customer,No,0,0.14503948024661434
18172.0,15,20,7561.68,4,5,5,455,Champion,No,0,0.00015066526066250056
18173.0,87,4,2106.84,2,4,5,245,At Risk,No,0,0.21191994233814807
18174.0,7,1,104.0,5,2,1,521,Potential Loyalist,No,0,0.5240474921546682
18176.0,358,1,476.35,1,2,2,122,Lost Customer,Yes,1,0.5234921522219786
18177.0,31,6,1340.87,4,5,4,454,Champion,No,0,0.09616358309588648
18178.0,129,4,1590.81,2,4,4,244,At Risk,Yes,1,0.2124357088962677
18179.0,9,6,1793.17,5,5,4,554,Champion,No,0,0.09592878047200465
18180.0,5,6,1843.75,5,5,4,554,Champion,No,0,0.09590255474565594
18181.0,24,1,366.85,4,2,2,422,Potential Loyalist,No,0,0.5236554716545974
18183.0,227,2,632.07,1,3,3,133,At Risk,Yes,1,0.40786787548814984
18184.0,15,1,49.8,4,2,1,421,Potential Loyalist,No,0,0.524128323604825
18185.0,249,1,304.25,1,2,2,122,Lost Customer,Yes,1,0.5237488373884662
18188.0,15,3,2001.04,4,4,4,444,Champion,No,0,0.3000908577496225
18189.0,78,2,1090.24,2,3,4,234,At Risk,No,0,0.4072064131748396
18190.0,192,2,284.46000000000004,1,3,2,132,At Risk,Yes,1,0.4083699447198378
18191.0,262,1,207.8,1,2,1,121,Lost Customer,Yes,1,0.5238926859748302
18192.0,72,1,957.97,3,2,4,324,Lost Customer,No,0,0.5227737560101662
18193.0,165,1,243.76,2,2,1,221,Lost Customer,Yes,1,0.5238390545535014
18194.0,82,1,973.84,2,2,4,224,Lost Customer,No,0,0.5227500823087076
18196.0,95,2,686.63,2,3,3,233,At Risk,Yes,1,0.4077890893824675
18198.0,4,17,5425.56,5,5,5,555,Champion,No,0,0.0006171093291854859
18200.0,106,1,150.35,2,2,1,221,Lost Customer,Yes,1,0.5239783668430331
18202.0,200,3,1396.99,1,4,4,144,At Risk,Yes,1,0.30085001324530464
18203.0,157,1,160.42000000000002,2,2,1,221,Lost Customer,Yes,1,0.5239633485577428
18204.0,71,3,1975.35,3,4,4,344,Loyal Customer,No,0,0.300123122036953
18205.0,36,2,517.36,3,3,3,333,Lost Customer,No,0,0.40803353525169733
18209.0,29,1,139.10000000000002,4,2,1,421,Potential Loyalist,No,0,0.5239951449158289
18210.0,2,6,2621.38,5,5,5,555,Champion,No,0,0.09550015971470432
18211.0,26,5,600.07,4,4,3,443,Loyal Customer,No,0,0.14550814115850697
18212.0,326,1,216.07,1,2,1,121,Lost Customer,Yes,1,0.5238803519898061
18213.0,237,1,232.48,1,2,1,121,Lost Customer,Yes,1,0.523855877817208
18215.0,89,1,299.34000000000003,2,2,2,222,Lost Customer,No,0,0.5237561604134489
18216.0,31,1,481.75,4,2,2,422,Potential Loyalist,No,0,0.5234840979826956
18217.0,29,2,621.75,4,3,3,433,Potential Loyalist,No,0,0.40788277837814524
18218.0,211,2,641.92,1,3,3,133,At Risk,Yes,1,0.4078536514730923
18219.0,3,10,2069.77,5,5,5,555,Champion,No,0,0.016166285007911722
18220.0,227,1,305.28,1,2,2,122,Lost Customer,Yes,1,0.5237473011925202
18221.0,22,5,1041.61,4,4,4,444,Champion,No,0,0.14518019015390532
18222.0,93,1,443.0,2,2,2,222,Lost Customer,Yes,1,0.5235418943362701
18223.0,5,14,6484.54,5,5,5,555,Champion,No,0,0.0024763275516809947
18224.0,264,1,158.95000000000002,1,2,1,121,Lost Customer,Yes,1,0.5239655409019918
18225.0,3,12,5504.96,5,5,5,555,Champion,No,0,0.006300188980448828
18226.0,44,11,5228.05,3,5,5,355,Loyal Customer,No,0,0.010017967665287912
18227.0,218,1,93.75,1,2,1,121,Lost Customer,Yes,1,0.5240627786418801
18228.0,57,2,779.9,3,3,3,333,Lost Customer,No,0,0.4076544159763483
18229.0,12,20,7276.9,5,5,5,555,Champion,No,0,0.00015092199093188734
18230.0,9,7,2810.2000000000003,5,5,5,555,Champion,No,0,0.062077921709492216
18231.0,192,5,2071.77,1,4,5,145,At Risk,Yes,1,0.14441743119689268
18232.0,82,4,592.97,2,4,3,243,At Risk,No,0,0.2134356378143478
18233.0,326,1,440.0,1,2,2,122,Lost Customer,Yes,1,0.5235463688663993
18235.0,72,3,1796.48,3,4,4,344,Loyal Customer,No,0,0.30034782128674486
18236.0,30,6,882.24,4,5,3,453,Loyal Customer,No,0,0.09640219608689798
18237.0,3,5,987.1,5,4,4,544,Champion,No,0,0.14522064388195102
18239.0,219,5,1561.61,1,4,4,144,At Risk,Yes,1,0.14479475059886351
18240.0,46,1,422.58,3,2,2,322,Lost Customer,No,0,0.5235723508966295
18241.0,10,17,2073.09,5,5,5,555,Champion,No,0,0.0006295964921522974
18242.0,72,4,2232.49,3,4,5,345,Loyal Customer,No,0,0.2117944951714066
18245.0,7,7,2567.06,5,5,5,555,Champion,No,0,0.062162622419878966
18246.0,24,2,596.1,4,3,3,433,Potential Loyalist,No,0,0.4079198197251642
18248.0,123,2,804.02,2,3,3,233,At Risk,Yes,1,0.40761959114428753
18249.0,17,1,95.34,4,2,1,421,Potential Loyalist,No,0,0.5240604073751104
18250.0,310,1,349.27,1,2,2,122,Lost Customer,Yes,1,0.5236816917835254
18251.0,87,1,4314.72,2,2,5,225,Lost Customer,No,0,0.5177642918775088
18252.0,51,2,518.27,3,3,3,333,Lost Customer,No,0,0.40803222098245845
18255.0,89,1,103.3,2,2,1,221,Lost Customer,No,0,0.5240485361113262
18257.0,39,8,2337.63,3,5,5,355,Loyal Customer,No,0,0.03998885532502842
18259.0,25,3,2338.6,4,4,5,445,Champion,No,0,0.2996670974479346
18260.0,173,6,2628.35,2,5,5,255,At Risk,Yes,1,0.09549655983279076
18261.0,43,2,324.24,3,3,2,332,Lost Customer,No,0,0.40831247891192507
18262.0,140,1,149.48,2,2,1,221,Lost Customer,Yes,1,0.5239796643492608
18263.0,26,3,1213.16,4,4,4,444,Champion,No,0,0.3010812633912666
18265.0,72,2,801.51,3,3,3,333,Lost Customer,No,0,0.4076232150781693
18268.0,134,1,25.5,2,2,1,221,Lost Customer,Yes,1,0.5241645631252596
18269.0,366,1,168.60000000000002,1,2,1,121,Lost Customer,Yes,1,0.5239511489653961
18270.0,38,2,283.15000000000003,3,3,2,332,Lost Customer,No,0,0.408371837175933
18272.0,3,6,3078.58,5,5,5,555,Champion,No,0,0.09526428098835532
18273.0,2,3,204.0,5,4,1,541,Loyal Customer,No,0,0.3023525425272279
18274.0,30,1,175.92,4,2,1,421,Potential Loyalist,No,0,0.523940231946544
18276.0,44,1,335.86,3,2,2,322,Lost Customer,No,0,0.5237016923743177
18277.0,58,1,110.38,3,2,1,321,Lost Customer,No,0,0.5240379772257279
18278.0,74,1,173.9,2,2,1,221,Lost Customer,No,0,0.5239432445687865
18280.0,278,1,180.6,1,2,1,121,Lost Customer,Yes,1,0.5239332522011895
18281.0,181,1,80.82,1,2,1,121,Lost Customer,Yes,1,0.524082061921921
18282.0,8,2,178.05,5,3,1,531,Potential Loyalist,No,0,0.4085236758974991
18283.0,4,16,2045.53,5,5,4,554,Champion,No,0,0.001003012700055458
18287.0,43,3,1837.28,3,4,4,344,Loyal Customer,No,0,0.30029655924605037
